Actual_Readmission,Predicted_Readmission,Readmission_Probability
0,0,0.13572572044184233
0,0,0.05875925346342098
0,0,0.0915436010394883
1,0,0.20539693479840793
1,0,0.07070446772135994
0,0,0.0394212013924645
0,0,0.0638395125041629
0,0,0.07698622696869582
0,0,0.1879137440170661
0,0,0.18894094435267048
0,0,0.06742093756436655
0,0,0.14020326757636115
0,0,0.07086339317946437
0,0,0.05922351252960386
0,0,0.06273602026813171
0,0,0.14373215877640194
0,0,0.07441579305728588
0,0,0.06989561405039998
0,0,0.05203353796183567
1,0,0.1191220715618381
0,0,0.10293483784502422
0,0,0.12667148754253876
0,0,0.1417196010832428
0,0,0.06949374904559917
0,0,0.3443939580012036
0,0,0.11481941620883769
0,0,0.04120331067220822
0,0,2.7130934308837185e-05
0,0,0.14075038277813878
0,0,0.08410430574712052
0,0,0.11068442246639282
1,0,0.11483224663808712
0,0,0.10325593839075631
0,0,0.07922690685116128
0,0,0.24449744521864034
0,0,0.07706464427276907
0,0,0.09067433286408032
0,0,0.07298084135762599
0,0,0.11735957874784118
0,0,0.14910858533680965
0,0,0.050928357813145524
0,0,0.10123211520929634
0,0,0.0800445144602132
0,0,0.09981261441488931
0,0,0.06648337706069621
0,0,0.10932800241619225
0,0,0.15527747554546587
0,0,0.06995772678697244
0,0,0.12779103541025189
0,0,0.16173901673964156
0,0,0.1128968396119519
0,0,0.11982642437644032
0,0,0.05751038492243398
0,0,0.07503081222167729
0,0,0.11841899962363621
0,0,0.10540761103305066
0,0,0.0465811679119359
0,0,0.21114892100665963
0,0,0.07429094686869923
0,0,0.12950604763721402
0,0,0.05128549380871694
0,0,0.14411219845181303
0,0,0.04610248382598884
0,0,0.07796367684116927
0,0,0.12207815877374345
0,0,0.04087716829111751
0,0,0.16549104753094177
0,0,0.08673006649753351
0,0,0.13539384257651818
1,0,0.08312124312058584
0,0,0.05889873307776509
0,0,0.07160471797224952
0,0,0.09297862678829387
0,0,0.1407603120722343
0,0,0.28700913116682436
0,0,0.10631352597123171
0,0,0.03526677071662576
1,0,0.06279105725053379
0,0,0.08515208615988114
0,0,0.07554415763044584
0,0,0.00010967675307834686
0,0,0.14091592965061028
0,0,0.06297646988246734
0,0,0.07657763451973988
0,0,0.14973595956341829
0,0,0.09020758871202869
0,0,0.17779057427069522
0,0,0.06274822924414486
0,0,0.1540899791741591
0,0,0.08208213378768403
1,0,0.14338143381432947
0,0,0.06773784495512152
0,0,0.19427108683317434
0,0,0.07924918114481738
0,0,0.05379377679688121
0,0,0.13162810460657257
0,0,0.09053948820197479
0,0,0.21133303107475737
0,0,0.2096176979868569
0,0,8.437794670614177e-05
1,0,0.2260656954179384
0,0,0.12641050033961437
0,0,0.08529233030357619
0,0,0.09349533866968995
0,0,0.07544602087084527
0,0,0.16434627209390337
0,0,0.17518598361573584
0,0,0.11545193492052434
0,0,3.468097935684915e-05
0,0,0.33468174044304955
0,0,0.4440015528775653
0,0,0.12039454832914126
0,0,0.1302717161155461
0,0,0.07216853547621754
1,0,0.3235624748400924
0,0,0.07568556033952284
0,0,0.07948513071711572
0,0,0.08986604686430114
0,0,0.22100246753976088
0,0,0.07619843713325822
0,0,0.07950510214740741
1,0,0.048455815172724494
0,0,0.24092295117852444
0,0,0.04924861877504473
0,0,0.21753227555856505
1,0,0.06204355694545734
0,0,0.12776775458501322
1,0,0.08253783729630713
0,0,0.09725400004003286
0,0,0.13074881180365863
0,0,0.16878359149890707
0,0,0.34597334633774907
0,0,0.07613638224046262
1,0,0.11273609011415667
0,0,0.05321702994088058
0,0,0.07369905690531021
1,0,0.43482660007788304
0,0,0.0923400852470396
0,0,0.16516965646287576
0,0,0.2791976767002641
0,0,0.17147128695637057
0,0,0.058619317786012315
0,0,0.036264570284308545
0,0,0.1196697262769074
0,0,0.050029159368353955
0,0,0.03532170961879195
0,0,0.11991343339181348
0,0,0.09133383746146559
0,0,0.1355948045485166
0,0,0.143224133533264
0,0,0.07328578026407996
1,0,6.74717619926092e-05
0,0,0.023030712120752826
0,0,0.06566759529071618
0,0,0.13208500129688713
0,0,0.053020477296328423
0,0,0.09887298294370588
0,0,0.10669824450763318
0,0,0.11633294837288595
1,0,0.04907112696240599
0,0,0.14014400429013057
0,0,0.06724803020139118
0,0,0.1517392168686952
0,0,0.07629926802863482
0,0,0.19261497124063445
0,0,0.05586812088772492
0,0,0.07320368110212606
0,0,0.11397392223973242
0,0,0.12719247872848177
0,0,0.24086262737217107
0,0,0.08424538588311724
0,0,0.12185448067605195
0,0,0.08608649116398868
0,0,0.0226434078171374
0,0,0.0682453666527826
0,0,0.12893955926310235
0,0,0.09404751862020187
0,0,0.09834736423771576
0,0,0.08105003509192964
0,0,0.18346006808828288
0,0,0.09278546613743952
0,0,0.05029570292778601
0,0,0.03157587730467993
0,0,0.07001386737109433
0,0,0.05648144752152169
0,0,0.07433919510995658
0,0,0.12390199879148417
0,0,0.08260392239349602
0,0,0.09555919031134315
0,0,0.03638255347454442
0,0,0.07505674273200902
0,0,0.19056187533265334
1,0,0.10083990397760013
0,0,0.0619987827155553
0,0,0.1902584434812864
0,0,0.07282492177138808
0,0,0.11893182761787155
0,0,0.06008274242393226
0,0,0.08050624825929283
0,0,0.1476619038920056
1,0,6.040487207580557e-05
0,0,0.06533887425017479
0,0,0.08448720127425698
0,0,0.08289095462360974
0,0,0.09120093868040527
0,0,0.1658809000389412
0,0,2.606075997070639e-05
0,0,0.09843092619723363
0,0,0.1450044702361238
0,0,0.08193241509318036
0,0,0.17555916145151435
0,0,0.12644415461787342
0,0,0.08575556328908206
0,0,0.2076199418134838
0,0,0.0887464654379824
0,0,0.06062183954462676
0,0,0.10196442828325884
0,0,0.3014441425783881
0,0,0.17186796780505817
1,0,7.89771456459852e-07
0,0,0.06874668508936453
0,0,0.19380953070332843
0,0,0.06664191542834591
0,0,0.20868024856041403
0,0,0.09926814166904378
0,0,0.07231490441858865
0,0,0.13038446813334834
0,0,0.1801353487863578
0,0,0.11227098049966318
0,0,0.20755985320749187
0,0,0.08630714262793421
0,0,0.035193748218335937
0,0,0.14054169067462624
0,0,0.060412865446509326
0,0,0.20342686827610154
0,0,0.15090185684788945
0,0,0.09388008804943147
0,0,0.1536612678996377
0,0,0.15405760664017865
0,0,4.946347418100129e-05
0,0,0.08305169269560307
0,0,0.07562154005469242
1,0,0.07627408248448785
0,0,0.05923055486626076
0,0,0.00018759577477163073
1,0,0.1394499175946476
0,0,0.08940908554361723
0,0,0.15404727479633362
1,0,0.08799372979119456
0,0,0.0767612257506336
0,0,0.15950117953382414
0,0,0.046508534702490216
0,0,3.972970343282684e-05
0,0,0.06901706199797333
0,0,0.050805235706946034
0,0,0.1885666906668029
0,0,0.07319270888013202
0,0,0.05703054129439035
0,0,0.06827113566106038
0,0,0.07683210212658974
0,0,8.910079221396123e-05
0,0,0.06169571623872149
0,0,0.11086106604580193
0,0,0.08506371929669662
0,0,0.05601131191074642
0,0,0.00010079089208563266
0,0,8.185654138775537e-05
0,0,9.748132364921277e-05
0,0,0.10368845670483595
0,0,0.1984614546905383
0,0,0.04576163712473631
0,0,0.07519313109168635
0,0,0.16620041752913312
0,0,0.0939560944070654
0,0,0.15187755258188737
0,0,0.08107332159733015
1,0,0.3417366836295986
0,0,0.12183384218150593
0,0,0.18816785451206283
0,0,0.09673905873861491
0,0,0.0656672546954125
0,0,0.1165374951709926
0,0,0.11364192436967359
0,0,0.07221417945742202
0,0,0.26540403326378725
0,0,0.1112215643667149
0,0,0.12694131883770868
0,0,0.06357533019281146
0,0,0.1204285069631978
0,0,0.13031627386474984
0,0,0.13809762902814562
0,0,0.15856698623115273
0,0,0.2951898050613787
0,0,0.10940093845699463
0,0,0.10624677796876318
0,0,0.11327778015391844
0,0,0.11481452600061313
0,0,0.09358870595262068
0,0,0.08458605023227295
0,0,0.10498674767607237
0,0,0.02372639089792978
0,0,0.08843982339232766
0,0,0.1457028259514167
0,0,0.058240065953778994
0,0,0.1133950613708048
0,0,0.06850793221928425
0,0,0.10467963218500584
1,0,0.11699003790862735
0,0,0.11234194031978031
0,0,0.10015780912920307
0,0,0.0983671206073133
0,0,0.10039777086761091
0,0,0.0001051427568450015
0,0,0.12814204837282403
0,0,0.06441296404152211
0,0,0.12722553870132572
0,0,0.06347090637823126
0,0,0.10169030714636075
0,0,0.3108224284697273
0,0,0.12658731983833033
0,0,0.08622421603599244
0,0,0.06282709935570571
0,0,0.09773899572605818
0,0,0.1129011653752729
0,0,0.21529841599196448
0,0,0.1319621445044096
0,0,0.14629929403832262
0,0,0.2007992003126537
1,0,0.07334929333242142
1,0,0.11378959493873418
0,0,0.00024824839865754357
0,0,0.06489134265998246
0,0,0.0627129393672527
0,0,0.09624784026026927
0,0,0.09144638908342405
0,0,0.12421967566183463
0,0,0.1080512108621971
0,0,0.06697238912634801
0,0,0.06203365789688668
0,0,0.06026647994985173
0,0,0.12210985851547171
0,0,0.2740090839884574
0,0,0.08418524283642417
1,0,0.07010011754065834
1,0,0.10728592959259586
0,0,0.12004131274195873
0,0,0.10334414148490095
0,0,0.2499938308882777
0,0,0.21323562802588586
0,0,0.10112234279205869
0,0,0.00027591843843562813
1,0,0.12291090614110033
0,0,0.08143995418508933
0,0,0.05503468636818244
0,0,0.06710903058088122
0,0,0.15073540969197818
0,0,9.62945535209171e-05
1,0,0.052761735784792686
0,0,0.0412647669850912
0,0,0.1703512891554785
1,0,0.09467456610619611
0,0,0.12222526472465552
0,0,0.03437139004321021
0,0,0.08400284884169039
0,0,0.12445792006561557
0,0,0.12664209461831702
0,0,0.06207339639821075
0,0,0.1075108293965428
0,0,0.05768572808839105
0,0,0.13506030690709786
0,0,0.17007003700467596
0,0,7.406501466576916e-05
1,0,0.00020347969692259058
0,0,0.07900345072494015
1,0,0.09835611296141115
0,0,0.18136215652151802
0,0,0.0257859926960681
0,0,0.053751619426021004
0,0,0.13701326792831
0,0,0.10923290607447167
0,0,0.11589015371533776
0,0,0.060313001302067897
0,0,0.1321686787086226
1,0,0.1063952672832778
0,0,0.1184069202087281
0,0,0.09565917244087184
0,0,0.08620812338354811
1,0,0.08691548624231166
0,0,0.01986634397508386
0,0,0.0695425022244536
0,0,0.10808088858564464
0,0,0.02950500116131222
0,0,0.07892255306294937
0,0,0.1420988487336123
0,0,0.07457311207638807
0,0,0.14079892726099216
0,0,0.17607219058714876
0,0,0.06391983795613361
1,0,0.08142001891580185
0,0,0.10857315090835697
0,0,0.13860066305731628
0,0,0.24942084795587463
0,0,0.09574643221364332
0,0,0.13277079815434056
1,0,0.16539821502892169
0,0,0.05872693634066099
0,0,0.12210816908356174
0,0,0.048416463397591175
0,0,0.04880568367134364
0,0,0.09421277677456238
0,0,0.1160929049130054
0,0,0.09882754480432092
1,0,0.057577793512221795
0,0,0.13838344611926365
0,0,0.33863070761791186
0,0,0.06711603324817664
1,0,0.43207836106585645
0,0,0.0001878852090875376
0,0,0.05804855549486114
0,0,0.10723956835293556
0,0,0.08425198136788037
0,0,0.19169519931879553
0,0,0.23534397751372968
1,0,0.1333920973814177
0,0,0.07580278415619568
0,0,0.07594274523580484
0,0,0.034637005701227824
0,0,0.0981004150602877
0,0,0.11430894903474159
0,0,0.17448936072584975
0,0,0.041551834567943466
0,0,0.08043832338572987
0,0,0.0716375964335894
0,0,0.16845883388880073
0,0,0.12009294627022458
0,0,0.08138322328399376
0,0,0.14089019653181875
0,0,0.11787946256672051
0,0,0.07830818522490919
0,0,0.09433597268587632
1,0,0.2332176133891796
0,0,0.049109587146549734
0,0,0.10909408134395986
0,0,0.42407805853903113
0,0,0.11588466472322655
0,0,0.1057049572234458
0,0,0.07388086674673476
0,0,0.14702728586734576
0,0,0.16025478799080775
0,0,0.06380753670368904
0,0,0.03505730564502352
0,0,0.0913118094190949
0,0,0.09706390884455629
0,0,0.35171300899309366
0,0,0.10513392336356665
0,0,0.07638619431024989
0,0,0.14280606110244703
0,0,0.11232025108000224
0,0,0.11756529534960344
0,0,0.10553973204981915
0,0,6.0434817472589984e-05
0,0,0.11068340571600867
0,0,0.02154853490830582
0,0,0.09917885381531655
0,0,0.17581216218903245
0,0,0.06091050093264846
0,0,0.06836535936688096
0,0,0.09877884236589589
0,0,0.07527874729756096
0,0,0.061692992556291945
0,0,0.08065280429199931
0,0,0.1900789877967404
0,0,0.14025451609008194
0,0,0.11776975622779447
0,0,0.10339705150096672
0,0,0.11779681689511944
0,0,0.09842232932497534
0,0,0.07978744747346252
0,0,0.13982525641263702
0,0,0.3221119353054575
0,0,0.1252839322856859
0,0,1.000968608830029e-07
0,0,5.679033026598572e-05
0,0,0.07830608359049032
0,0,0.08943272902712741
0,0,0.11589761311692647
0,0,0.12184734600592119
0,0,0.10337785566005743
0,0,0.0849922448036975
1,0,0.19066124230334994
0,0,0.06734113601522695
0,0,0.12100561085829194
0,0,0.08762595315556189
0,0,0.08746914110444935
0,0,0.10345538684392042
0,0,3.138693203384734e-05
1,0,0.11733192558518955
0,0,0.0946510975762015
0,0,0.10923524302886628
0,0,0.09047036897636154
0,0,0.06498437477775322
0,0,0.17245077219461238
0,0,0.05913115494472482
0,0,0.11009925058856894
0,0,0.04344877780593098
0,0,0.09565770654785492
0,0,0.16966417483121926
0,0,0.1819015454488684
0,0,0.14957741599473137
0,1,0.5201889397248808
0,0,0.09043212183742957
0,0,0.10032650522404363
1,0,0.06533087139824936
0,0,0.09593101008929228
0,0,0.07527724237386604
0,0,0.1074166015217729
0,0,0.08675971280279832
0,0,0.25509002263917435
0,0,0.06757550693923073
0,0,0.07057635661840879
0,0,0.09140877015603607
0,0,0.2021049614916586
0,0,0.3574753919446318
0,0,0.07343648530172378
0,0,0.09371081340860853
0,0,0.014168020684573342
0,0,0.07002695755786516
0,0,0.08606048032101181
0,0,0.06939911646139081
0,0,0.06842796402933263
0,0,0.1391771571984025
0,0,0.07851507665137569
0,0,8.488761206984544e-05
0,0,0.04869470647415617
0,0,0.0787512340736765
0,0,0.057925621420849484
0,0,0.1274460521889762
1,0,0.00010663776951006042
1,0,0.12368062341970978
0,0,0.15260231492933773
0,0,0.05912248865891645
0,0,0.07551815311169671
0,0,0.0802872962205489
0,0,0.00025650320474272646
0,0,6.570208491767867e-05
0,0,0.11497821018009939
0,0,0.042060285114460215
1,0,0.13082180387155276
0,0,0.15707779827444768
0,0,0.05696904038034031
0,0,0.05572040796416136
0,0,0.11126134830049397
0,0,0.23531443791623133
0,0,0.061130598789634054
1,0,0.0877313843462412
0,0,0.14768830008816142
0,0,0.15559685388319114
0,0,0.06378372235534993
0,0,0.111636538071435
0,0,0.04915969833242971
0,0,0.35850557462432675
0,0,0.1757893200353
0,0,0.04792888079522044
0,0,0.2755001146086221
0,0,0.05878928120716014
0,0,0.0722754833331062
0,0,0.07378731261294369
0,0,0.09452995257134225
0,0,0.17504059440955022
0,0,2.823982467889266e-07
1,0,0.10947571256649805
0,0,0.05145073636037943
0,0,0.1528350827536017
0,0,0.10523000981588296
0,0,0.062189269826312864
0,0,0.0606385570616593
0,0,0.11061397011211402
0,0,0.10570604833111331
0,0,0.07523712732620179
0,0,0.1867100533026938
0,0,0.15559972256652602
0,0,0.09974486057660457
1,0,0.14864591717105408
0,0,0.14429842641538496
1,0,0.12547415147577615
0,0,0.08648543177902819
0,0,0.08371623523189639
0,0,0.10722242460796416
0,0,0.07970794276464624
0,0,0.09758016421834644
0,0,0.06319178004104052
1,0,0.09534118141387272
0,0,0.29609133500238594
0,0,0.15868988184092106
0,0,0.04309329468958153
0,0,0.06907553096078725
0,0,0.08724870623535104
1,0,0.0002430445474878025
0,0,0.07986005744197415
0,0,0.0725805121956167
0,0,0.02092945894320667
0,0,0.08575472363892284
0,0,0.08661840264511246
1,0,0.1494506106379881
0,0,0.051290182256557425
1,0,0.11199965111373074
0,0,0.05412578052504796
0,0,0.1703703540881887
1,0,0.13605679161912845
0,0,0.07015270129427699
0,0,0.1647026008532574
0,0,0.08866849102376174
0,0,0.11436129495388309
0,0,0.039244940842636654
0,0,0.0446738212355108
0,0,0.11905447768775648
0,0,0.08009211820830467
0,0,0.052981720482272954
0,0,0.30728261571949617
1,0,0.14339771741354637
0,0,0.08308791163830316
0,0,0.1270268051393304
0,0,0.1257847132307643
0,0,0.12001591853285351
0,0,0.20818133342751385
0,0,9.648070892006944e-05
0,0,0.17551266720624153
0,0,0.15568342205340116
0,0,0.1646245327853976
0,0,0.1534984988426423
0,0,0.08436029832971258
0,0,0.0898042601885597
0,0,0.15979813016243624
0,0,0.046213149109431834
0,0,0.22067975234774806
0,0,0.096794051387485
0,0,0.06867546301721478
0,0,0.1326196903227716
0,0,0.0860893627130148
0,0,0.06748122123112316
1,0,0.12221633428349607
0,0,0.09166026799045218
0,0,0.05440989153570209
0,0,0.10520466541653295
0,0,0.056413985234296776
0,0,0.054050989189273146
0,0,0.10648663687282446
0,0,0.11020111727055827
0,0,0.04772050124174191
0,0,0.1352292739654198
0,0,0.10235384387054088
0,0,0.08962896308518918
0,0,0.10185058186517586
0,0,0.1368905149778305
0,0,0.06334133840730106
1,0,0.07805795381968406
1,0,0.10573787681085896
0,0,0.07385191638193964
0,0,0.1234529850820419
0,0,0.11428756328366381
0,0,0.17091503317267676
0,0,0.10086436371616181
0,0,0.09102009864671899
0,0,0.09561400628557103
0,0,0.12289926616605111
1,0,0.11620847364317906
0,0,0.09391493092587472
0,0,0.09827572674217493
0,0,0.027883514153417853
1,0,0.10408357888959255
0,0,0.11647663967264495
1,0,0.10423684767275194
1,0,0.15157674238622906
0,0,0.09867444891953564
0,0,0.04523721539818927
0,0,0.14098811928153437
0,0,0.07395320927004985
0,0,0.167853581309197
0,0,0.22707997405510805
0,0,0.1265844998208512
0,0,0.08656680855683511
0,0,0.1201389177784052
0,0,0.07647041971229139
1,0,0.16945980527805135
0,0,0.03785950834612856
1,0,0.00016070986824557305
0,0,0.1664287657445721
0,0,0.12496338537637895
0,0,0.08879491913194977
0,0,0.10418480803640587
0,0,0.13182330892998784
0,0,0.09608302761524527
0,0,0.049016701092020866
0,0,0.06986132542939152
0,0,0.11590829080309682
0,0,0.0554751355190567
0,0,0.03329354898977367
0,0,0.22814183827057136
0,0,0.11401731176502382
0,0,0.41426146008918263
0,0,0.13489441851773729
0,0,0.07911553627919791
1,0,0.06516008068939788
1,0,0.26266637968850043
0,0,0.0003552715826482564
0,0,0.046614375266904914
0,0,0.08164370076655156
0,0,0.01501306853003531
0,0,0.12600600450377805
0,0,0.10392731746674772
0,0,1.0253078549724117e-06
0,0,5.712834876776984e-08
0,0,0.06331534245626705
0,0,0.19776523954116104
0,0,0.08660762221078354
0,0,0.06775799793485805
0,0,0.22311284611430326
0,0,0.05681964337807224
0,0,0.05295686361596735
0,0,0.13020204627021323
0,0,0.1616676542400669
0,0,0.08200546116033562
0,0,0.1437727641914401
0,0,0.028747839714281558
0,0,0.08595591806725075
1,0,0.1421467823234662
0,0,0.1340504044924408
0,0,0.21997655369481608
0,0,3.874813203302789e-05
0,0,0.24738167118189397
0,0,0.00011254259666040422
1,0,0.0967992814363667
0,0,0.07863300240613491
0,0,0.09578900160831198
0,0,0.15636231639746173
0,0,0.062386124532290754
0,0,0.12967393072480843
0,0,0.07427572071586933
0,0,0.22826333430292153
0,0,0.09309540633509336
0,0,0.09930761744793384
0,0,0.19597503047332235
0,0,0.12239999425337665
0,0,0.08856671951687432
0,0,0.3235954556851438
0,0,0.09777688954838229
0,0,7.00521575602221e-08
0,0,0.1366945808950819
0,0,0.18511104245991034
0,0,0.00013534221717284
0,0,0.1056394915303041
0,0,0.09261657278181967
0,0,0.09597911280477552
0,0,0.14027441289851286
0,0,0.15518129629477737
0,0,0.05107495063555457
0,0,0.199871565187843
0,0,0.06028009876203558
0,0,0.17336626788230247
0,0,0.09864473626914533
0,0,0.10973657122828831
0,0,0.1170778381810173
0,0,0.1750415062748009
0,0,2.467697681251802e-05
0,0,0.12676146815188255
0,0,0.14659297573683114
0,0,0.0654609067711743
0,0,0.10393959556321529
0,0,0.087199977242066
0,0,0.36864229715521374
0,0,0.056925946184131195
0,0,0.1502922983133829
1,0,0.09467235354792573
0,0,0.08351060142778137
0,0,0.03874118237725148
0,0,0.12618248529551643
0,0,0.08237439354769716
0,0,0.0853184265586881
0,0,0.029027785963312652
0,0,0.08883486543018129
0,0,0.2306776272771278
1,0,0.12873853881409628
0,0,0.06835424693672304
0,0,0.14945788053911524
0,0,0.1598597706718726
0,0,0.06887764164971096
0,0,0.08082908717501779
0,0,0.125515618809048
0,0,0.02127644249501422
0,0,0.21758342905757003
0,0,0.07896666431694811
0,0,0.06373613172754046
1,0,0.10433055135409866
0,0,0.060793109037726105
0,0,0.08037270460713733
0,0,0.07885646332712087
0,0,0.062076506354043215
0,0,0.00025058101268724643
0,0,0.13734083210139875
0,0,0.29721466984685896
0,0,0.27161237361687207
0,0,0.09187603858109815
1,0,0.10901410254378452
0,0,0.09760697408730802
0,0,0.020451911724196574
0,0,0.1211755271570185
0,0,0.05828156804323521
0,0,0.0986795033159363
0,0,0.00018568104398064493
1,1,0.8621355966745087
0,0,0.10687789087109507
0,0,0.00010094270672297204
1,0,0.4456387583177079
0,0,0.10646350421097563
0,0,0.21846986743883098
0,0,0.08440582236047366
0,0,0.02965757441341793
1,0,0.18731390968907938
0,0,0.16901726803294154
0,0,0.08510850815763371
0,0,0.10242219177995349
0,0,0.06033502857019322
0,0,0.0699074613245656
1,0,0.09372982598144393
0,0,0.06480789463271643
0,0,0.06421667365270455
0,0,0.0002873381134226841
0,0,0.12833113605422983
0,0,0.09740499260759927
0,0,0.07942681083941588
0,0,0.1522177072402481
1,0,0.07701419266968013
0,0,0.28675166380893624
0,0,0.08354963282358513
0,0,0.1692281700203886
0,0,0.23642887060918158
0,0,0.09088798238382842
0,0,0.08287838939644698
0,0,0.08231301869479439
0,0,0.14834460724011808
0,0,0.08605826291002691
0,0,0.07820561859935804
0,0,0.0003371119376701211
0,0,0.08049654464017048
0,0,0.08148139669463063
1,0,0.06598893908046324
0,0,0.09247537959332716
0,0,0.05301084239540486
0,0,0.1397744851966307
0,0,0.06062971444362691
0,0,0.08721295023784738
0,0,0.1394803415559294
0,0,0.00012634381934413142
0,0,0.08560124220271191
0,0,0.09967956261408062
0,0,0.1769896432808596
0,0,0.0457386447518476
0,0,0.09095567958218112
1,0,0.08967485194916314
0,0,0.1458351136685173
0,0,0.15682392989060706
0,0,0.06178435641221536
0,0,0.07705249845681009
0,0,0.10907453867149762
0,0,0.08382159853417503
0,0,0.10778330919607221
0,0,0.09968520818248687
0,0,0.0538115327731839
0,0,0.00025742821782167734
0,0,0.00010242581522205365
0,0,0.1337481732965714
0,0,0.0009117083816058668
0,0,0.06656567037150327
0,0,0.1944731514179842
1,0,7.832952659703075e-05
0,0,0.11199501783085707
0,0,0.12807190853694972
0,0,0.09575696567511048
0,0,0.188679520644358
0,0,0.07287252899776353
0,0,0.062260621379646656
0,0,0.011491842296802553
0,0,0.03737713520308044
0,0,0.2680171124916809
0,0,0.12992909853327891
0,0,0.0666287756992633
0,0,0.08039553844217832
0,0,0.053620040321218525
0,0,0.05499980978820228
0,0,0.07490508920542578
0,0,0.04273403213453041
0,0,0.16738865501372013
0,0,0.15255191936007534
1,0,0.16738099839656387
1,0,0.13299319956350963
0,0,0.04455164743705384
1,0,0.28688312062413884
0,0,0.06322409222792921
0,0,0.1804032361237898
0,0,0.0689116056041193
0,0,0.10183630076429284
0,0,0.1749046574151627
0,0,0.05341966269871689
0,0,0.07584802169760593
0,0,0.10013803937329366
0,0,0.07584378492590031
0,0,0.18752624824940675
0,0,0.09965443096629358
0,0,0.13080987264833455
0,0,0.00011323316491677416
0,0,0.08307155111750145
0,0,0.29894982184235624
0,0,0.08468337159369203
0,0,0.10399691154357345
0,0,0.07217860546495974
0,0,0.09971886923968162
0,0,0.2182284648309718
0,0,0.1300045842153038
1,0,0.09284111874775974
0,0,0.1006816526579265
0,0,0.14101443439410494
0,0,0.1827663037053431
0,0,0.10986063345354109
0,0,0.10792835042067606
0,0,0.2070675004394319
0,0,0.1325891176029652
0,0,0.08515754353555846
1,0,0.15866609285253053
0,0,0.05080819591764935
0,0,0.16149097371431684
0,0,0.08544016277832316
0,0,0.07328480962560728
0,0,0.00024199342365859217
0,0,0.027083325060979376
0,0,0.20732222694086935
0,0,0.03004948593145634
0,0,0.09201003253110905
0,0,0.00049220508577691
0,0,0.05419873162922067
0,0,0.09981636331139102
0,0,3.2662347959998156e-05
0,0,0.16907972136471636
0,0,0.08072980697699525
1,0,0.06639751773764191
0,0,0.22115813722422298
0,0,0.08870245978920216
0,0,0.13148161925407717
0,0,0.06197740058939919
0,0,0.12235900323967847
0,0,0.1262056612275643
0,0,0.07012825751846732
0,0,0.16359879547336365
0,0,0.17405077768005583
0,0,0.08133916248741714
0,0,0.14511827265196647
1,0,0.10856056812459287
0,0,0.08193974431128993
0,0,0.08046916312823192
0,0,0.0946308867110465
0,0,0.11729823419572886
0,0,0.09031822645368072
0,0,0.1022690985935529
1,0,0.10410002684188951
0,0,0.08259212452052615
0,0,0.08452109621016429
0,0,0.0795122556037695
0,0,0.18322614407677323
0,0,0.03755923457671917
0,0,0.08275156385014037
1,0,0.10893023133319563
0,0,0.11598171291357674
0,0,1.0520264956772887e-05
0,0,0.16531888285277244
0,0,0.10709020191343538
0,0,0.10789492908956372
0,0,0.04989132241408949
0,0,0.07290390380662846
0,0,0.14626830883650613
0,0,0.00016290585087112364
1,0,0.2615275676181798
0,0,0.2183551330782077
1,0,0.0968439083301887
0,0,0.06007972589943746
0,0,0.08146971159997686
0,0,0.08382292488468097
0,0,0.10068265281802204
1,0,0.24495666687063938
0,0,0.057017274762336534
0,0,0.16456528813951596
0,0,0.1500451599298815
0,0,0.11579063472191643
0,0,0.09277329801262031
1,0,0.1588213020560171
0,0,0.08479695909076593
0,0,0.09383388106897438
0,0,0.048434057013635984
0,0,0.09151347853837727
0,0,0.05329056366129602
0,0,0.06787072638595135
0,0,0.24806486763113592
0,0,0.08562311987309609
0,0,0.14075873505899983
0,0,0.06857086200301724
0,0,0.12036928252849484
0,0,0.3143416849108896
1,0,0.07536114156380512
0,0,0.07736015404564686
0,0,0.0828015384606059
1,0,0.09158754101936113
0,0,0.07623674022604433
0,0,0.243468004982947
0,0,0.1641596533571631
0,0,0.050135039365173745
0,0,0.12541569745726847
0,1,0.7028336370937772
0,0,0.12009218404083774
0,0,0.2436482786633289
0,0,0.1501551001039937
1,0,0.0675006711407493
0,0,0.15962580843400212
0,0,0.1309011152320081
0,0,0.18623732559056141
0,0,0.10874756972029083
0,0,0.1699013942050263
0,0,0.09820727416041175
0,0,0.043487805284647504
0,0,0.06237319412273837
1,0,0.11429175044062581
0,0,0.09238047155461679
0,0,0.08616576222126628
1,0,0.33274827016231784
1,0,0.0011937989488280277
0,0,0.07472739272285485
0,0,0.12550797066527145
0,0,0.14393251245690705
0,0,0.06616530519951577
0,0,0.15100399416661892
0,0,0.23897520693159527
0,0,0.05335203218186694
0,0,0.07462271310327857
0,0,0.1153365242809778
0,0,0.12600560000652636
1,0,0.07624939458373921
0,0,0.06815774603370336
1,0,0.1466933637705717
0,0,0.10122037662088422
0,0,6.88091192589675e-05
0,0,0.047149396818394876
0,0,0.0002334121823199997
0,0,0.07107707012804433
0,0,0.15258543970807076
0,0,0.07312150859573954
0,0,0.09618308001112463
0,0,0.1398061653895516
0,0,0.12706453345188415
0,0,0.13519180538800285
0,0,0.0406261617004838
1,0,0.14907443335099838
0,0,0.10122446429295469
0,0,0.15859404957612597
0,0,0.10022502086606429
0,0,0.08331786909969022
0,0,0.053111001073858445
0,0,0.14337944559158775
0,0,0.35480482087202403
0,0,0.26679544520760246
1,0,0.10880125306140155
1,0,0.25218405621875795
0,0,0.10913068654135598
0,0,0.08634764636940039
0,0,0.07205067758403418
1,0,0.1681176274963886
0,0,9.742049969273306e-05
0,0,0.14822825366919554
0,0,0.08955115886980762
0,0,0.08456731365590427
0,0,0.09444703245471023
0,0,0.12954200452234357
0,0,0.09308846448688474
0,0,0.07067271733182326
0,0,0.22700318217296178
0,0,0.04374399274032999
0,0,0.11290993004251182
0,0,0.19696274844812195
0,0,0.08203059902288909
0,0,0.11530888597113369
0,0,0.09657461430833068
0,0,0.3350314922010257
1,0,0.25690705892745486
0,0,0.12821658288564736
0,0,0.07725101436693145
0,0,0.07024459968907584
1,0,0.11047719942252304
1,0,0.1066866524033722
0,0,0.18864289347402804
0,0,0.07343807502537039
0,0,0.10419701911279654
0,0,0.05491772727479891
0,0,0.0770339421312035
0,0,0.10341541117225987
0,0,0.08155149754448507
0,0,0.1439771786494743
1,0,0.06092369791978571
0,0,0.0003021270040642794
0,0,0.12253129476462915
0,0,0.07341080524644368
0,0,0.0678481927242631
0,0,0.06062671872512691
1,0,0.3535592236747231
0,0,0.061108208525547304
0,0,0.047501261777542304
0,0,0.092449961050702
0,0,0.10131142541723129
0,0,0.1376218608779635
0,0,0.08582790218129101
0,0,0.09022049086708955
0,0,0.08052068373221087
0,0,0.14511040953243864
0,0,0.1358716746638197
0,0,0.07836020923112617
0,0,0.04472922253779222
0,0,0.06868126363278683
0,0,0.11780760059554242
0,0,0.09445541797037846
0,0,0.1718806929235101
0,0,0.05585630024364347
0,0,0.18218163721738523
0,0,0.08459061905432799
0,0,0.05565930397756802
0,0,0.07164010176322903
0,0,0.1725092226039612
0,0,0.07373099432557166
0,0,0.10704892037692992
0,0,0.2237464798982279
0,0,0.012405504557339726
0,0,0.06893602291465052
1,0,0.03157707261277212
0,0,0.09844313319311093
0,0,0.1361569081685155
0,0,0.08860669140955461
0,0,0.09677798722300039
0,0,0.0001610230817120549
0,0,0.1424790687900319
0,0,0.15976734641574414
0,0,0.29706646044713014
0,0,0.12616640785388442
0,0,0.17416272340812416
0,0,0.07482768674271383
0,0,0.11804412607022802
0,0,0.0350942226121932
0,0,0.12097074111456459
0,0,0.0890987089247126
1,0,0.15734334336212935
0,0,0.05884197352081359
0,0,0.00010432833584015202
0,0,0.06865212547680791
0,0,0.08836767685203908
0,0,0.07040760242997096
0,0,0.3212487527056948
0,0,0.15949719230355075
0,0,0.10919797899963825
0,0,0.06159729655854778
1,0,0.1148486909836411
1,0,0.27863543361641085
0,0,0.06353673324243428
1,0,0.226147772369311
1,0,0.1234440028409442
0,0,0.05148810595170879
1,0,0.18094949081386885
0,0,0.15821333331053633
0,0,0.10914263560915666
0,0,0.07416697969513412
0,0,0.05255682310613858
0,0,0.05892033108984018
0,0,0.16154601517011322
0,0,0.07021222413889096
0,0,0.07792612995150056
0,0,0.11830219835983792
0,0,0.044354786074375006
0,0,0.2506073177104595
0,0,0.036242304275117446
0,0,0.2175163414432154
0,0,0.11638646868928212
0,0,0.10065156258887006
0,0,0.07380578468855598
0,0,0.04196753867120216
1,0,0.31087736034428815
1,0,0.09201627876301458
1,0,0.08155238236073303
0,0,0.12247224557022679
0,0,0.03788108469979013
1,0,0.13094506221190455
0,0,0.13900821797485086
0,0,3.164320645522493e-05
1,0,0.08783016539038141
0,0,0.19848551621739607
0,0,0.12170329014895793
0,0,0.07368993653712293
0,0,0.07293616380125402
0,0,0.05567264041466925
0,0,0.13054048453484665
0,0,0.05824063019177658
0,0,0.17959891932501718
0,0,7.256381946316348e-05
0,0,0.06600723503052026
0,0,0.14608445914854
0,0,3.0974490784640425e-06
0,0,0.049683757111733076
0,0,0.00020647545147992605
0,0,0.07990155377065039
0,0,0.109810956174892
0,0,0.10371399178811282
0,0,0.08215044303493246
0,0,0.08321154576274953
0,0,0.06477099904185422
0,0,0.06723101763691908
0,0,0.10312355940946326
0,0,0.052097200041026755
0,0,0.10362347779819092
0,0,0.10543742442623413
0,0,0.08995471563605052
1,0,0.10266964787312025
0,0,0.09940578541522414
0,0,0.08586992977295753
0,0,0.12277999959982015
1,0,0.10189768389025697
0,0,0.07590401172532164
0,0,0.1286918818997166
0,0,0.07884268626300092
0,0,0.15465613629811872
0,0,0.2154485251535945
0,0,0.00024685309190775696
1,0,0.14862647302446774
1,0,0.3789370312122226
0,0,0.12023763877866668
0,0,0.09317622684777298
0,0,0.12103536142787705
0,0,0.07882094592363534
0,0,0.10370852784972806
0,0,0.0739624589207309
0,0,0.10358641841271399
0,0,0.25180380304669564
0,0,0.01284032438864503
0,0,0.22630962582365013
0,0,0.07789091606020768
0,0,0.05885314938100639
0,0,0.16798811956934345
0,0,0.131776872712858
0,0,0.1545021154566556
0,0,0.15083715810794585
0,0,0.059118899216048404
0,0,0.06565133695579203
0,0,0.12967926032074337
0,0,0.012287705384976906
0,0,0.11477487314092302
0,0,0.13311548131590475
0,0,0.10991910978426687
0,0,0.06002605665961406
0,0,0.00011189202928037578
0,0,0.08490873259270712
0,0,0.08784868694768712
0,0,0.06423555346725396
1,0,0.1533766930081888
0,0,0.410841144133551
0,0,0.03568639087376446
0,0,0.050159620938041216
1,0,0.10190765091829995
1,0,0.09441399851510937
0,0,0.07251596107524966
0,0,0.07361159629108963
0,0,0.13024337998826652
0,0,0.17986835251893435
0,0,0.005386710497398108
0,0,0.06888094752825404
0,0,0.18081896469347708
0,0,0.07095666706170103
1,0,0.0690642058036266
0,0,0.05643044740753472
0,0,0.012087123672617125
0,0,6.859744573999767e-05
0,0,0.06796156824354296
0,0,0.02862855103092595
0,0,0.04237313560725589
0,0,0.2670186572573962
0,0,0.13437024309364434
0,0,0.12354474334556491
0,0,0.10696909144890716
0,0,0.1380852635333586
0,0,0.052491296916938164
0,0,0.08279974095236907
0,0,0.05568692678466463
0,0,0.04820518570234231
0,0,0.09237395065345264
0,0,0.0663326110878755
0,0,0.0644979472125369
1,0,0.08157379711630114
0,0,0.12963513499468432
0,0,0.05544343612866769
0,0,0.0572683165075014
0,0,0.04065029324891959
0,0,0.0684910258396039
0,0,0.08115734475694779
0,0,0.016652044675380544
1,0,0.13719478846431685
0,0,0.022406422514860004
0,0,5.126463732235187e-05
1,0,0.32274852555531613
0,0,0.14828434855761297
0,0,0.034124246700304624
0,0,0.14767355463047036
0,0,0.09956247670873604
0,0,0.1590158183522806
0,0,0.18433748306530917
1,0,0.13279614286716193
0,0,0.15249317718611832
0,0,0.07454139583325706
0,0,0.12378206568793686
0,0,0.0347185518247611
0,0,0.0782858672010789
0,0,0.08208993067925412
0,0,0.14969192952729193
0,0,0.04635708536843141
0,0,0.035101221739570414
0,0,0.09527580141392665
0,0,0.08860037724843539
0,0,0.2808848088626334
0,0,0.09425031929848393
0,0,0.0497999309444452
1,0,0.00012462637266702072
0,0,0.09094190833385092
0,0,0.12971764545294123
1,0,0.21865978860253452
0,0,0.1129440192721916
0,0,0.03117640184996039
0,0,0.1194251046783547
0,0,0.15518504997323598
0,0,0.10227837771776323
0,0,0.07417789866030769
0,0,0.11307826648485145
1,0,0.0707831834779011
0,0,9.81264585045825e-05
1,0,0.10199061106951225
0,0,0.11543768077828843
0,0,0.20164731844779324
0,0,0.062281707578526975
0,0,0.0200976959914902
0,0,0.00010915824585342737
0,0,0.08022746866087203
0,0,0.09080599948633332
0,0,0.24857110131262375
1,0,0.27992275699239494
0,0,0.15884746389388243
0,0,0.09630917210629457
0,0,0.10035412640667637
0,0,0.1666835706461056
0,0,0.09159553975379792
0,0,0.05480664848930125
0,0,0.09764878367166381
0,0,0.10484733310506548
0,0,0.17257887634126223
0,0,0.050439795452397115
0,0,0.0956872053186231
0,0,0.07858761038493833
0,0,0.08488358452363469
0,0,0.08613627580003586
0,0,0.11911210729421731
0,0,0.019003443365775963
0,0,0.12109711469974685
0,0,0.11664524355056967
0,0,0.08103854725182359
0,0,0.06549049510215148
0,0,0.09286211025445737
0,0,0.08530971071792903
0,0,0.0663655594298828
0,0,0.22970566125444244
0,0,0.15031421828625796
0,0,0.039547377559238546
1,0,0.16218833148120113
0,0,0.08465396954042317
0,0,0.0557858751208195
0,0,0.11090833014143756
0,0,0.13045565760187505
1,0,0.078143647493164
0,0,0.1546665224411558
0,0,0.07227116225015327
0,0,0.04941846285914178
0,0,0.07023864278043866
1,0,0.0878145504587462
0,0,0.026310892371413402
0,0,0.23188447942882834
0,0,0.07831750469069307
0,0,0.18448573958174674
0,0,0.05134353261797057
0,0,0.06627576660772158
0,0,0.20798712562961721
0,0,0.1916015605762582
0,0,0.18026137949068224
0,0,0.04563876276699379
0,0,0.09478780379925371
0,0,0.07624752791079435
0,0,0.08378196309532455
0,0,0.08948835689612476
0,0,0.10944730696912151
0,0,0.1101865381576916
1,0,0.10027664628609685
0,0,0.06817219371195281
0,0,0.14759987205985978
0,0,0.0756792144419425
0,0,0.2508428842766122
0,0,0.08105266682397831
1,0,0.11593503015340272
0,0,0.07721175141343674
0,0,0.11500930348800888
0,0,0.08984817494901735
0,0,0.120413515443424
0,0,0.11371310681044873
0,0,0.08494297170410214
0,0,0.11906076860680466
1,0,0.22698166527702338
0,0,0.1515601837657058
0,0,9.474538995431615e-05
0,0,0.06643726200972912
0,0,0.11332154115221761
0,0,0.023568285895884798
0,0,0.1415417612624281
0,0,0.11361299705006245
0,0,0.02577623536613253
0,0,0.11977642403465102
0,0,0.0723237826659015
0,0,0.0652385408052484
0,0,0.15646995413993167
0,0,0.12572836248243463
0,0,0.11193013627251854
0,0,0.0833290593373734
0,0,0.3996340267137875
1,0,0.05922606212848822
0,0,0.17454939978760026
0,0,0.3092035763753339
0,0,0.10465294153529188
0,0,0.04696113212348562
0,0,0.0760534099740777
0,0,0.27917437265006784
0,0,0.08373222895620687
0,0,0.1431684844587046
0,0,0.12080960031237727
0,0,0.10557007945466507
1,0,0.20601636283831537
0,0,0.05664606925496655
0,0,0.13555362570152124
0,0,0.06563140779012375
0,0,0.09269823866454387
0,0,0.1570086705223193
1,0,0.14784698201662985
0,0,0.12784930656490046
0,0,0.1294989363712892
0,0,0.06174638669924211
0,0,0.06897215644264271
0,0,0.12548090852559995
0,0,0.0666578604300535
0,0,0.07218215622720536
0,0,0.05236184731753889
0,0,0.23294911396761242
0,0,0.07246575367837056
1,0,0.04185199575031949
0,0,0.18972218595328572
0,0,0.08264367304385864
0,0,0.055349463454453886
0,0,0.1060263048688838
0,0,0.12832158496843302
0,0,0.04382294469870921
0,0,0.11360589920059044
0,0,0.05810826837706371
0,0,0.13722645659416394
0,0,0.07311126011500994
0,0,0.17555138089119418
0,0,0.19851294905428568
0,0,0.10736225411020524
0,0,0.11736269753860866
0,0,0.11830217415107766
0,0,0.167978653049686
0,0,0.11907849289832549
0,0,0.0894562384833159
0,0,0.1064517062820469
0,0,0.10162668857607007
0,0,0.09200579777416976
0,0,0.10057625347203947
0,0,0.2336990216053865
0,0,9.673727221793959e-05
0,0,0.19353373855004372
0,0,0.11529953177616292
0,0,0.06057619217970969
0,0,0.27792534606962066
0,0,0.08679806096251128
0,0,0.11196934990151348
0,0,0.12198514974174181
0,0,0.24977593465541342
0,0,0.05091726935107699
1,0,0.1815852996254768
0,0,0.08323359708218761
0,0,0.07289903900318287
0,0,0.0887677202207074
0,0,0.12186538352882977
0,0,0.11623319198650746
1,0,0.06061301906482792
0,0,0.1183317206448542
0,0,0.059296272820513946
0,0,0.07325828259671217
0,0,0.07149370632612317
0,0,0.2389337757496606
0,0,0.08337315352630156
0,0,0.09547009313245387
0,0,0.14139069053576556
0,0,0.012971803606276288
0,0,0.05594497403321305
0,0,0.08574934665070122
1,0,0.04980774405020393
1,0,0.00011218444198874815
0,0,0.07595070993296764
0,0,0.09581115750348013
0,0,0.1954790982536818
0,0,0.06699186713135932
0,0,0.10936357800342116
0,0,0.19573297866100942
0,0,0.16995153646777786
0,0,0.05465078239371099
0,0,0.05780378083852766
0,0,0.08324986359766415
1,0,0.12166778745143132
0,0,0.12910748839055522
0,0,0.11197423175652309
0,0,0.23327751196635477
0,0,0.13983881357390368
0,0,0.08866919616550258
1,0,0.08745816766400952
0,0,0.13092952307799688
0,0,0.07887344578921923
0,0,0.03404727975670269
1,0,0.11650189893860519
0,0,0.06147782474427841
0,0,0.13729188599131278
0,0,0.029208643315862103
0,0,0.3099563291331584
0,0,0.08521342262013541
0,0,0.1483287153850642
0,0,0.00011802384902177621
0,0,0.1759706876736693
0,0,0.04116166426879049
0,0,0.10446620202423247
0,0,0.06867354768508091
1,0,0.15583558291336005
0,0,0.06552001221949755
0,0,0.038240259133779944
0,0,0.04951214483505179
1,0,0.1114945133909685
0,0,0.05833137858255275
0,0,0.12543741767981487
0,0,0.02421201367501206
0,0,0.10698457540867971
0,0,0.05015481211973902
0,0,0.1569844719854053
0,0,0.1189382742521166
0,0,0.12221346362834061
0,0,0.06258899528869716
0,0,0.06363039278084846
0,0,0.08312168056672092
0,0,0.09956337752977466
0,0,0.243759197230989
0,0,0.09941195007824559
1,0,0.37283327026978147
0,0,0.09166031299716255
0,0,0.1048349028675439
0,0,0.0926245174999834
0,0,0.06821995408816513
0,0,0.13212482522607719
0,0,0.06777599098651214
1,1,0.5399348571559204
0,0,0.13420462081876602
0,0,0.05542088807244559
0,0,0.12074707513684582
0,0,0.051772557923171925
0,0,0.195863172891604
0,0,0.0958878601207896
0,0,0.07153151114307137
0,0,0.07616151738057271
0,0,0.2726835415617376
0,0,0.20000190061726789
0,0,0.17048689037625545
0,0,0.06563130015278175
1,0,0.11019930686247602
0,0,0.04030902777931355
0,0,0.13814581945001939
0,0,0.10799489848092127
0,0,0.4173057064247802
0,0,7.582622225497998e-05
0,0,0.031370019456731596
0,0,0.08628718440328906
0,0,0.11374235367080024
0,0,0.09060061838975812
0,0,0.08653668880325044
0,0,2.491207501636037e-05
0,0,0.12076897688632628
0,0,0.06044248039046381
0,0,0.179675102944029
0,0,0.10375138814313253
0,0,0.081247053951168
0,0,0.10471766463342153
0,0,0.16908790589868486
0,0,0.12958001557164428
0,0,0.05655716400318764
0,0,0.1244959898887068
0,0,0.09101598298032343
0,0,0.25468468806409705
0,0,0.09001192287779969
0,0,0.07017854996563715
0,0,0.15976808920747684
0,0,0.08426389869234498
0,0,0.33713200399662163
0,0,0.11390456318005211
0,0,0.10872542347725908
0,0,0.0741889989773441
0,0,0.10175194764651534
0,0,0.1406690677060166
0,0,0.04073701470843148
0,0,0.10925355089920023
0,0,0.00010616536953375967
0,0,0.10065911584909323
0,0,0.04790005203277496
1,0,0.006117619663252128
0,0,0.07427070511671459
0,0,0.08070810320265974
0,0,4.024683431730605e-05
0,0,0.050408218835715356
0,0,0.06520375905776356
0,0,0.11600339356171162
0,0,5.66846252798927e-05
0,0,0.15826449648112131
0,0,0.21408510858654234
1,0,0.17465151112380622
0,0,0.1575350815094085
0,0,0.15252290659443332
1,0,0.11488599989992535
0,0,0.07539955581753735
0,0,0.1149601743899115
0,0,0.00010216244116556171
0,0,0.05034014715220445
0,0,0.18285684159403187
0,0,0.06782056116309994
0,0,0.0458966078304984
0,0,0.2135161099339316
0,0,0.08026553043767393
0,0,0.031284164633921696
0,0,0.08146500979007303
0,0,0.09314630708049766
0,0,0.10856906536011182
0,0,0.04594303857223582
1,0,0.06685893121853363
0,0,0.43004425722560663
0,0,0.09525451209740599
0,0,0.06937338516741792
0,0,0.11562092357452598
0,0,0.18434930467425142
0,0,0.14361817624253556
0,0,0.04420171577309372
1,0,0.10568083766557534
0,0,0.1749295794303118
0,0,0.06262413807683075
0,0,0.22870652835082544
0,0,0.04875892859817511
0,0,0.11164780059244649
0,0,0.1062401318913139
0,0,0.15568580583336264
1,1,0.5357637518112274
1,0,0.08926938843471471
0,0,0.07141554520251248
1,0,0.19307138651123054
0,0,0.0501738399563192
0,0,0.12915295153208392
0,0,0.09780900377008767
0,0,0.1378623124458406
0,0,0.10624035763195763
0,0,0.10951151864590189
0,0,0.05696769037842376
0,0,0.05892928149790275
0,0,0.10532136407509642
0,0,0.11381707080266522
0,0,0.17246947101662857
0,0,0.0655151648664694
0,0,0.059565894612841744
0,0,0.00018894243422137475
1,0,0.15609875914101573
1,0,0.19590738157362156
0,0,0.07015587617386182
0,0,0.08295071614398612
0,0,0.11874587334371765
1,0,0.16267759680602056
0,0,0.07434654450674635
0,0,0.0615838134393962
0,0,0.02385978411340383
0,0,0.06828501708342716
0,0,0.11936766130786858
0,0,0.07685492249453592
0,0,0.15480567692038355
0,0,0.0989496663349763
0,0,0.11579120261556139
0,0,0.07631766146045636
1,0,0.08167219657802768
0,0,0.07778318091733083
0,0,8.296523329325539e-05
0,0,0.11751109262026363
1,0,0.07938149708295514
0,0,0.12835913064414725
0,0,0.12200183112194662
0,0,0.023204020598304485
0,0,0.09033262838390888
0,0,0.0645251903530715
0,0,0.07016649524827794
0,0,0.2313591170471803
0,0,0.15048079824535174
0,0,0.11478595826834946
0,0,0.21905396009024067
0,0,0.16228716446413477
0,0,0.0001041138796254026
0,0,0.12355786775085854
1,0,0.29799931847341143
0,0,0.05218360290291999
0,0,0.0723584084895491
0,0,0.11286334070799105
0,0,0.12947262151754216
0,0,0.07670384219580081
1,0,0.11042079965955472
0,0,0.14286122456263317
0,0,0.1978715336179331
0,0,0.10138446100346808
0,0,0.17514266433275738
1,0,0.08856511368957018
0,0,0.058539242087887924
0,0,0.0966361400642096
0,0,0.05832988671305165
0,0,0.0007002281081194666
0,0,0.08105995962739368
0,0,0.05730031664781439
0,0,0.06393945547475272
0,0,0.1252269324087666
0,0,0.25665021872047417
0,0,0.1456890734352779
0,0,0.08038991841032941
0,0,0.14839687323779757
0,0,0.11257442419835416
1,0,0.19035225695595115
0,0,0.06803352358814324
0,0,0.12364879110709259
0,0,4.24357724270869e-05
0,0,0.047323458765249585
0,0,0.057572047033805744
0,0,0.022294615086124053
0,0,0.07288057258592635
0,0,0.15327917953815218
0,0,0.08898592649848217
0,0,0.016594405733910158
0,0,0.06927624874862487
0,0,0.18209149750636588
0,0,0.10837533741904178
1,0,0.18216494610092293
0,0,0.15195694756509617
0,0,0.0810973773658331
0,0,0.11907049009180422
1,0,0.18386493349647293
0,0,0.06520768945889995
0,0,0.09340587911489431
0,0,0.15680734567327442
1,0,0.12069359748342141
0,0,0.0997020625080902
0,0,0.09898861417862796
0,0,0.15784376971098465
0,0,0.10251714246685309
0,0,0.07897376187004773
0,0,0.20062403768380038
0,0,0.0993306442704254
1,0,0.12691306496658664
0,0,0.11088918876918653
0,0,0.206341922598527
0,0,0.08226284375907451
0,0,0.00027609854183458855
0,0,0.0832198097407915
0,0,0.24475036518627097
0,0,0.08257246272956653
0,0,0.1362197557635935
1,0,0.2865688768483112
0,0,0.04591707201541287
0,0,0.05049956390490421
0,0,0.13692172507492564
0,0,0.03675411516856654
0,0,0.0003224075693601198
0,0,0.08690744948845973
1,0,0.24694283683065832
0,0,0.09313509849009904
0,0,0.235564038779131
1,0,0.1784943428689795
0,0,0.07360722227206792
1,0,0.09763866195225165
0,0,0.06706270781950376
0,0,0.041066766366634117
0,0,0.15796489375425074
0,0,0.09164394279476588
0,0,0.15093311449775573
0,0,0.0830845974417365
0,0,0.11985351629745455
1,0,0.06431453423018534
0,0,0.1253180403351041
1,0,0.08505106374954133
0,0,0.11387948502696436
0,0,0.09455612094366406
0,0,0.4908683627118851
0,0,0.4000351011437861
0,0,2.125935896506669e-05
0,0,0.20442213357626732
0,0,0.10107973303587636
0,0,0.061159064152443564
0,0,0.18783075721518164
0,0,0.3073024552036266
0,0,0.15893073080521072
0,0,0.09942647809209781
0,0,0.05854862833104746
0,0,0.09843364235400573
0,0,0.033681707374657074
0,0,0.09467877273741993
0,0,0.07646090457953392
0,0,0.1219387465307134
1,0,0.06836572424321093
0,0,0.08102961973548595
0,0,0.021024761979441496
0,0,0.052541617156475914
0,0,0.03687917007217205
0,0,0.00016078876732823752
0,0,0.0371470596729344
0,0,0.1056987432196059
0,0,0.2197966415916494
0,0,0.030065816183545882
0,0,0.10488404688802593
0,0,0.056870474846373746
0,0,0.14362999828343265
0,0,0.10135933484220908
1,0,0.05084038039239828
1,1,0.774954298471307
0,0,0.19608067955342356
0,0,0.08887616121360833
1,0,0.11926849862226332
0,0,0.10814114991918355
0,0,0.14822969205095501
0,0,0.0654945472180591
0,0,0.06108723218746067
0,0,0.09529468275815296
0,0,0.07235275014629765
0,0,0.11466026921827052
0,0,0.08349231816756733
0,0,0.029577685536917787
0,0,0.09181660535421006
0,0,0.09302930900518988
0,0,0.00021382345696688022
0,0,0.0734279656282217
0,0,0.05178981429814127
0,0,0.08347472110749994
0,0,0.1457720923447957
0,0,0.001973946492212956
0,0,0.11752315038920612
0,0,0.11189754787079469
0,0,0.09352920381558305
1,0,0.25021034949786713
0,0,0.06403555357173096
1,0,0.0643377527987826
0,0,0.07828609431790655
0,0,0.12187850215936705
0,0,0.11051401235716625
1,0,0.26836348705378577
0,0,0.10377946452173817
0,0,0.00010759414006309219
0,0,0.08294487953045834
0,0,0.05911461306868257
0,0,0.05047819924083938
0,0,0.16505075052853782
0,0,0.06130294991756658
0,0,0.10174656340598152
0,0,0.08588167496570297
0,0,0.20359588403481652
0,0,0.0717973710338978
0,0,0.10984695231454457
1,0,0.14485020141426372
0,0,0.18758372444943025
0,0,7.682786769596437e-05
0,0,0.10811948856136312
0,0,0.12089329458697796
0,0,0.06482576329688106
0,0,0.16008848596256095
0,0,0.08558151576364391
0,0,0.15825786299994415
0,0,0.08173348286027082
0,0,0.0645383751553921
1,0,0.00015050101981963908
0,0,0.3535346773332967
0,0,0.15676386840113582
0,0,0.06793307427965073
0,0,6.749725190740907e-05
0,0,0.08053604921475696
1,0,0.07056535681812395
0,0,0.05274378057832614
0,0,0.06218311256594245
0,0,0.0704771204816256
0,0,0.07285298000599849
0,0,0.08256214258208561
0,0,0.05149109966090948
0,0,0.06178985332379773
0,0,0.11803656531169905
0,0,0.2733774152334905
0,0,0.11418552358149908
0,0,0.11196911487983338
0,0,0.061955958959261676
0,0,0.15515595695531287
0,0,0.1518311342162136
0,0,0.13504859664798097
0,0,9.388654764429043e-05
1,0,0.22516204366618553
0,0,0.05219124439279209
0,0,0.2172745030385275
0,0,0.11073220057720909
0,0,0.15679570016587352
0,0,0.07559176662378757
0,0,0.1966098581539303
0,0,0.17521267977765617
1,0,0.08023422236587315
0,0,0.08001950357052164
0,0,0.09797204633934851
0,0,0.1499989297475814
0,0,0.00010444736505555966
0,0,0.042523778448081855
0,0,0.055194232288854776
0,0,0.17771829271395118
0,0,0.06564816246960159
0,0,0.10706268117685155
0,0,0.13830380644119072
0,0,0.12295027092416719
0,0,0.11409640946055814
0,0,0.11410638471631504
0,0,0.06904758407331141
0,0,0.07307771834534062
1,0,0.09054002622158602
0,0,0.047546178590880554
0,0,0.1535242971071732
1,0,0.1360449702628317
0,0,0.11030650662617109
0,0,0.24655729521596004
0,0,0.15692478478364766
0,0,0.10279375652263704
0,0,0.03413627537013321
0,0,0.14282019982691455
0,0,0.14460620718915296
0,0,0.06273097806229988
0,0,0.09262921900933424
0,0,0.06537393461487202
1,0,0.24157625444208589
0,0,0.19000866566748356
0,0,0.10259723571620238
0,0,0.08652291318850724
0,0,0.09506066997059376
0,0,0.1752756760911101
1,0,0.12318870233527433
0,0,0.0814481687054792
0,0,0.13260289559660896
0,0,0.07910250982332151
0,0,0.09815085348032139
0,0,0.06397656057789516
0,0,0.0924135524196707
0,0,0.15982565580532346
0,0,0.10829923570412968
0,0,0.17494796427915044
0,0,0.15372050756116526
0,0,0.05283279493443619
0,0,0.05137419655317961
0,0,0.31161643830769536
0,0,0.17134944593410634
0,0,0.0664131731264074
0,0,0.07723865488546272
0,0,0.051731897997021305
0,0,0.1298608013807552
0,0,0.05270297868106019
0,0,0.23191388557195114
0,0,0.08484571515414749
0,0,0.1798512777231331
0,0,0.05286034414026915
0,0,0.12905504835135712
0,0,0.049496167295722204
0,0,0.22120424680190792
1,0,0.04172441083159089
0,0,0.07676397280490982
0,0,0.12615330823611642
0,0,0.10769939392544788
0,0,0.07346584800857535
0,0,0.084334987548309
0,0,0.08190115775802043
0,0,0.07411593510969824
0,0,0.12095074572898037
0,0,0.12861143420904053
0,0,0.08545214467724277
0,0,0.055642934908437636
0,0,0.12829923408075655
0,0,0.10072001554524934
0,0,0.20729326834843728
0,0,0.09253899040533495
0,0,0.05007337957829105
0,0,0.18833008186708375
0,0,0.21334813043981513
0,0,0.10418917710756052
0,0,0.08903580917072576
0,0,0.1277933354721723
1,0,0.05382846442962806
0,0,0.17466232855482447
0,0,0.1767126456152884
1,0,0.13572785630172746
0,0,0.19443256889904323
0,0,0.09858415118089961
0,0,0.06105435468335162
0,0,0.00010239910810781379
0,0,0.07195488128849806
0,0,0.0527185890485327
0,0,0.00016619263060761995
0,0,0.1016354404837711
0,0,0.07823551930811347
0,0,0.06148570994942138
0,0,0.14862772279388473
0,0,0.0986700884080131
0,0,0.11919138156787137
1,0,0.0555046984023411
0,0,0.05870979231612447
0,0,0.0823197944901883
0,0,0.0942997823816428
0,0,0.08444224535082946
0,0,0.1497215104259606
0,0,0.07357695524859179
1,0,0.08572324224196418
0,0,0.09847441626771263
0,0,0.03335282755899306
1,0,0.23267909115778515
0,0,0.11151810269725024
0,0,0.14512551456041625
0,0,0.08549952561114658
0,0,0.06853696595820082
0,0,0.10749506519840094
0,0,0.11731804604098191
0,0,0.06526287589154434
0,0,0.05474378554756874
0,0,0.05531811180731763
0,0,0.09967133801704972
0,0,0.07430442797308787
0,0,0.045650129942434454
0,0,0.1357506530802822
0,0,0.08386342315390777
0,0,0.21467473656066802
0,0,0.14258881221930647
0,0,0.06593040675289802
0,0,0.04704568466074687
0,0,0.15452299748653764
0,0,0.11129452513473403
0,0,0.05942706709413189
0,0,0.1374910151349571
0,0,0.06620582726007268
0,0,0.10378105977818397
0,0,0.0499446387324058
0,0,0.08136316489352527
0,0,0.10825942462493436
0,0,0.1480655954658509
0,0,0.11890264954797454
0,0,0.1737258593423781
0,0,0.10680035530663066
0,0,0.27309172671703635
0,0,0.1016389603003053
1,0,0.20108137444331883
0,0,0.16563104681770058
0,0,0.07992305500890065
1,0,0.07170251932954386
0,0,7.46338556172098e-05
0,0,0.06958432535050023
0,0,0.19736204147525746
0,0,0.12197969909525752
0,0,0.12506942875672766
0,0,0.05512995214078759
0,0,0.06862640762071792
0,0,0.1631972905899163
0,0,6.208043064050024e-05
0,0,0.07922428403998805
1,0,0.43544188183117083
0,0,0.05347129740568907
1,0,0.03737270447807974
0,0,0.04233400468153091
0,0,0.08435861589563068
0,0,0.10602166118453007
1,0,0.16033115952101948
0,0,0.0737830256466258
0,0,0.1071984545168369
0,0,0.159257121160347
0,0,0.07788220108749594
0,0,0.027175351178319495
0,0,0.08532471298232422
0,0,0.13312163027370735
0,0,0.1410767351623681
1,0,0.07608726129013482
0,0,0.0746800299196513
0,0,0.06407931906223138
0,0,0.07100710690987767
0,0,4.1507526693832185e-05
1,0,0.26004732408907905
0,0,0.22105770493118548
0,0,0.07463914634705947
0,0,0.14333611172180932
0,0,0.04895607161980039
0,0,0.2379048885935878
0,0,0.14156206878220204
0,0,0.13595268755951725
0,0,0.4619584425162834
0,0,0.10499640382275348
0,0,0.06782433943206072
0,0,0.08612232917617371
0,0,0.0787222399391175
0,0,0.0822125816248774
0,0,0.06734455441668809
0,0,0.06557722460903129
0,0,0.06558704092385574
0,0,0.11512249323514799
0,0,0.05880236260087411
0,0,0.08014525112081744
0,0,0.12957278871141117
0,0,0.18030951515403862
0,0,0.051312903177524176
0,0,0.19359895153295315
1,0,0.07290442040947066
0,0,0.09369902752304465
0,0,0.04573679523767587
0,0,0.07341130056146809
0,0,0.04989101073996173
0,0,0.08065166072476454
0,0,0.07715687367865215
0,0,0.08881997310515607
0,0,0.1514521662931237
0,0,0.08528687176633298
0,0,0.09990785507292395
0,0,0.21927122757008868
0,0,0.06221192423723041
0,0,0.0777468651859518
0,0,0.08736533853880084
0,0,0.054125729528579615
0,0,0.12933105224495986
0,0,0.00014505923907217
0,0,0.11149309764386647
1,0,0.1957676193760675
0,0,0.17616944412732427
0,0,0.10789314610881545
0,0,0.1810244304092269
1,0,0.09600264167572217
0,0,0.06512329183827541
0,0,0.0475799879956948
0,0,0.034397041954562876
0,0,0.2052936036427313
0,0,0.0409428088706838
0,0,0.13759391167714544
0,0,0.05359826939092901
0,0,0.07098461060361948
0,0,0.03917616118474206
0,0,0.06298381659353937
0,0,0.07284805191700101
0,0,0.026085310855065057
0,0,0.06923513643441903
0,0,4.246792024248906e-05
0,0,0.09430997694168339
0,0,0.16854447938929887
0,0,0.09038271073987711
0,0,0.17743342562267958
0,0,0.10238646207061933
0,0,0.09395687880366986
0,0,0.15529853428647505
0,0,0.06399378929888339
0,0,0.10693974245436384
0,0,0.12827908469388888
0,0,0.13417089702839743
0,0,0.048380057205484474
0,0,0.10053722869126454
0,0,0.07368939007508069
0,0,0.34545609442381975
0,0,8.131351336946074e-05
0,0,0.10338116824045053
0,0,0.25779873580435164
0,0,0.1377557543361577
0,0,0.07677341682397681
0,0,0.10870668648635629
0,0,0.07265311425646578
0,0,0.08588567178608908
0,0,0.052923470746412765
0,0,0.13528450177322635
0,0,0.08813019887200975
0,0,0.15313592910407178
1,0,0.1362313674262557
1,0,0.13615949994185353
0,0,0.08128886943761542
1,0,0.0950515682738764
0,0,0.10370432482943766
0,0,0.12905907611138917
0,0,0.09479399181722095
0,0,0.10259841019671095
0,0,0.08231461037075131
0,0,0.08731749181506245
0,0,0.04748587404704502
0,0,0.16734187779780751
0,0,0.18643672644385267
0,0,0.0002265348568655005
0,0,0.07189276735571813
0,0,0.11490723306826814
0,0,0.05730821151822489
0,0,0.12446776113275757
0,0,0.1687490710086066
0,0,0.10184421993117262
1,0,0.0956303043840086
1,0,0.44936394058780166
0,0,0.08246625512343944
1,0,0.08044096385372253
0,0,0.17228451753789048
1,0,0.07238268547629909
0,0,0.07063292375647419
1,0,0.11130801223403099
0,0,0.06685919873441701
0,0,0.09035655114236146
0,0,0.23388654806067108
0,0,0.10680708783661202
0,0,0.06625521814453894
0,0,0.05709535401198152
0,0,0.10258808091630515
1,0,0.40637759815075236
0,0,0.028573712418906945
0,0,0.12526716200938295
0,0,0.147316418528145
0,0,1.3076538664716274e-06
0,0,0.05161852483542327
0,0,0.09524423597796994
0,0,0.10391535637887042
0,0,0.12130628101583209
1,0,0.0863580495194757
1,0,0.049047598543780685
0,0,0.06785559914075623
0,0,0.02838604076702353
0,0,0.09076067780906348
0,0,5.771180820690518e-05
0,0,0.11717512022776762
0,0,0.07647254418972468
0,0,0.08857389283687897
0,0,0.06732508189217966
0,0,0.07448488626637116
0,0,0.07123471198546709
0,0,0.12904823638639662
0,0,0.1147651335232786
0,0,0.07618848583445868
0,0,0.06852718893567218
0,0,0.05116159336529667
0,0,0.044384517926587805
0,0,0.08148497033355133
0,0,0.1443022353562383
0,0,0.22830180331841401
0,0,0.15130775420908568
0,0,0.1701252314650998
1,0,0.09497307492143117
1,0,0.13843126905974448
0,0,0.15444444549173728
0,0,0.08342878904279218
0,0,0.11134192384001135
0,0,0.1142923923365464
0,0,0.07968150905890851
0,0,0.19909783900964537
0,0,0.10785602099668705
0,0,0.05457408545659888
1,0,0.14979743139930063
0,0,0.10029783289879084
0,0,0.15197944631543667
0,0,0.10609236114110691
0,0,0.10101265452833984
0,0,0.09483251883889755
0,0,0.17834548260546698
0,1,0.8226094820837418
0,0,0.12114655140531772
0,0,0.045781073681617504
0,0,0.08336426726885728
0,0,0.11127101870931831
0,0,0.09796544926711653
0,0,0.21257717555570718
0,0,0.2226921661899888
0,0,0.06509453343712021
0,0,0.16192011541066995
0,0,0.06251592658020513
0,0,0.10834942788786935
0,0,0.0712220861443974
0,0,0.2843034785617101
0,0,0.12602342177109555
0,0,0.1581086076466566
0,0,0.09668898215432278
0,0,0.08538420440330442
0,0,0.06971284399078549
0,0,0.05300778294491032
0,0,0.07100616411754797
0,0,0.06728302394185091
1,0,0.08770195340921234
0,0,0.1631020859197915
0,0,0.08599049811754063
1,0,0.050730068616384724
0,0,0.00019446393312906387
1,0,0.07434109488165776
0,0,0.08356222764239253
0,0,0.059823710526057866
0,0,0.00023538099374259525
0,0,0.05998760432546049
0,0,0.14695556827015277
0,0,0.14944789797219912
0,0,0.11651695726374904
0,0,0.1580257498284907
0,0,0.09689562869199707
1,0,0.09010909501193194
0,0,0.1692619087481139
0,0,0.11900723113957852
0,0,0.05640657597575335
0,0,0.20869935305963389
0,0,0.08297901609440597
0,0,0.182499490902085
0,0,0.16589594253630924
0,0,0.042623090021086336
0,0,0.12151894631802683
0,0,0.08335607060778857
0,0,0.17603524354971073
0,0,0.07898032225622298
0,0,0.04235397901392614
1,0,0.33045082584235824
0,0,0.06479676791272489
0,0,0.056430435499986616
0,0,0.05663788081833614
0,0,0.08742942631431486
0,0,0.06262087894683441
1,1,0.8193256307011907
0,0,8.732195185987037e-05
0,0,0.1274657890521911
0,0,0.0005139232877120355
0,0,0.04892645909423335
0,0,0.053659322119952335
0,0,0.0885352914490872
0,0,0.2550990441097672
0,0,0.09621786593580442
0,0,0.1176664498236878
0,0,0.0778738456894958
0,0,0.3839895565155497
0,0,0.25225074484051774
0,0,0.08476514988810599
0,0,0.08488729515691858
0,0,0.07352144731202954
0,0,0.09107220074699954
0,0,0.11606053119383619
0,0,0.128916534616757
0,0,0.0544952169721606
1,0,0.10574423183892016
0,0,0.08020080617642114
1,0,0.035001237110211136
0,0,0.09977571304541231
0,0,0.07545802699573571
0,0,0.050918360562967294
0,0,0.0778603673381121
0,0,0.10986207797307515
0,0,0.09939452937483659
0,0,0.06533839297487258
0,0,4.11466377498372e-05
0,0,0.05353243549542814
0,0,0.23131541134655756
0,0,8.228583806597982e-05
0,0,0.06359098617500378
0,0,0.08456460928261657
0,0,0.22104696335774904
0,0,0.06597748703267195
0,0,0.13653235905102035
0,0,0.07996573767623737
0,0,0.06222282449919445
0,0,0.09541726492933418
1,0,0.17469498224437166
0,0,0.16713041185020097
0,0,0.06768332323770739
0,0,0.080342329837495
0,0,0.1641701903726126
0,0,0.2619357574203295
0,0,0.08024924285907013
0,0,0.08420829651658576
1,0,0.25639206037084483
0,0,0.14308241466953406
0,0,0.2630928003863984
0,0,0.07126133539277864
0,0,0.05990362218976184
0,0,0.13313120628829034
0,0,0.06808914392368924
0,0,0.04962650807461327
0,0,0.11426921807096023
0,0,0.0619090193256465
0,0,0.046120778720757594
0,0,0.15319993202811807
0,0,0.04567684110433641
0,0,2.376756587920449e-08
0,0,0.06774388391949848
1,0,0.2101681498973427
1,0,0.10695521713259203
0,0,0.1186152534204961
0,0,5.784669060488373e-05
0,0,0.06700317797069968
0,0,7.281605524683607e-05
0,0,0.14505030636292127
1,0,0.0714584261204748
0,0,0.06243095620164429
0,0,0.15352673958249266
1,0,0.22559671404806886
0,0,0.15852790471074465
0,0,0.1627844616450773
0,0,0.12127524093240229
0,0,0.08077148333853167
0,0,0.10997253762847584
0,0,0.13019271003771873
0,0,0.3057563606136586
0,0,0.08840599937755887
0,0,0.09103075906850475
0,0,0.1231268784974608
0,0,0.08642694500695142
0,0,0.07726337481055287
0,0,0.08365349324294667
1,0,0.13240211336276317
0,0,0.06266420488734341
0,0,0.0976346425002749
0,0,0.051802847549598255
0,0,0.07019571321682393
0,0,0.05358056740244252
0,0,0.045201017556006855
0,0,0.13942052416872988
0,0,0.09537589855991924
0,0,0.05780366615341935
0,0,0.13526392681971608
1,0,0.12595462675024655
0,0,0.09314664142063322
0,0,0.1533844874078727
0,0,0.08722996508826135
0,0,9.113568618863289e-05
1,0,0.07346288635199726
0,0,0.0818580752225121
0,0,0.04281592405003537
1,0,0.13145150705463085
0,0,0.05090519112160838
0,0,0.16623323464993545
0,0,0.12258291292787295
0,0,0.11216331583533667
0,0,0.04849832572771121
0,0,0.18039473850963983
0,0,0.07426633545053898
0,0,0.08766013201360857
0,0,0.11348513975039441
0,0,0.07125359136960811
0,0,0.10538988980201316
0,0,0.1157634708924191
0,0,0.09238963528876788
0,0,0.09123568816494933
0,0,0.13636555591833066
1,1,0.7262750578527262
0,0,0.0993549753300036
0,0,0.077494682525277
0,0,0.16987154177858474
0,0,0.11982430003698025
0,0,0.039615068152505664
0,0,0.11412815341384577
0,0,0.09449670474211283
0,0,0.2148522947200082
1,0,0.07677683937548078
0,0,0.18719437460052737
0,0,0.12279745485564547
0,0,0.15668897036235935
0,0,0.061322687264377056
0,0,0.08879552649951708
0,0,0.12081008356336406
0,0,0.18672212304799787
0,0,0.10320847353548897
0,0,0.10819296836927379
0,0,0.07249125388836222
0,0,0.059785988282926916
0,0,0.07407509562068891
1,0,0.4629870594669963
0,0,0.1151091299798606
0,0,0.25003051969480666
0,0,0.09920679374695736
0,0,0.00011485950460500835
0,0,0.17706939464945765
0,0,0.15572143878627057
0,0,0.0776453173556783
0,0,0.00010960097186366734
0,0,0.1041347097714315
0,0,0.10352041641183708
0,0,0.0840207755846799
0,0,0.13051622002138238
0,1,0.5124630244193794
0,0,0.1642403339943932
0,0,0.0944658864981066
1,0,0.04771357503969784
0,0,0.07661163594336555
0,0,0.08858249182182244
0,0,0.04750838027929898
0,0,0.10207245777223291
0,0,0.080408513222049
0,0,0.09478770459574992
0,0,0.05520297960247653
1,0,0.14191956375364126
0,0,0.08064195357419483
0,0,0.2197367683541598
0,0,0.06412481884019171
0,0,0.07196694741657737
0,0,0.043806804688277315
0,0,0.3557931673454505
0,0,0.17410184626002193
0,0,0.0863915756772674
0,0,0.11586229022744562
0,0,0.12200065261326783
0,0,0.0940728824658806
1,0,0.22951649358853649
0,0,9.383022507321225e-05
1,0,0.23892200298539745
0,0,0.11898924517613693
1,0,0.10261533962601348
0,0,0.07553660928791915
1,0,0.09333996060233671
0,0,0.0950312793077755
0,0,0.10425269258223911
0,0,0.14422920093072175
0,0,3.501024941223448e-05
1,0,0.1459120963649764
1,0,0.40168359591648695
0,0,0.13968066169357637
0,0,0.08404477922440476
1,0,0.15880069188061716
0,0,0.08848025714066783
0,0,0.047210351899357475
0,0,9.071336563876034e-05
1,0,0.07997951165334324
0,0,0.07800406421609128
0,0,0.23899295998741082
0,0,0.0705568879890195
0,0,0.08563512498950006
0,0,0.05983860509641854
1,0,0.12572525085674227
0,0,0.055898752574018565
1,0,0.14583930197933245
1,0,0.1020026618075641
0,0,0.02108784806115183
0,0,0.08179202494131087
0,0,0.08728627229595967
1,0,0.09262413293587791
0,0,0.2027175774397237
0,0,0.07544102884682692
0,0,0.028393837343913788
0,0,0.09711122689109888
0,0,0.31404224353400545
0,0,0.0844051915600628
0,0,0.09399488941325054
1,0,0.05309700580296787
0,0,0.06930288530663128
0,0,0.077409168947274
1,0,0.11631411251443724
0,0,0.09302088678346906
0,0,0.17274096373407372
0,0,0.13659209169563785
0,0,0.07983411486248336
0,0,0.16681313840550827
0,0,0.13796104357726752
0,0,0.10334651529640643
0,0,0.09131825651911171
0,0,0.08499720597624169
0,0,0.16798894410808143
0,0,0.06616638272894698
0,0,0.13459283856949245
1,0,0.24155892006072455
0,0,0.06178601696536188
0,0,0.07594466549830778
0,0,0.0739892720561255
0,0,0.05816456690819102
0,0,0.138518720198081
0,0,0.08542557479924599
0,0,0.08839757585613199
0,0,0.13053952495922944
0,0,0.1932690299652947
0,0,0.12894294529116243
0,0,0.037462280465038994
0,0,0.029155334351769494
0,0,0.1144711084779698
0,0,0.03863153687465488
0,0,0.08697607190928165
0,0,0.2003193099845495
0,0,0.08528096280204168
0,0,0.06183227051697553
1,0,0.16269202798003804
0,0,0.14886028167789414
0,0,0.0865951769564831
1,0,0.1325341960206922
0,0,0.11762576579260846
1,0,0.017864294732881397
0,0,0.0739998975940197
0,0,0.09023281003170772
0,0,0.00023776281203388412
0,0,0.088823610083855
0,0,0.14175648470574514
0,0,0.11291434021504762
1,0,0.06941762969907254
0,0,0.06613369469956815
0,0,0.16045262616730627
0,0,0.14075045819927978
1,0,0.08691350627951984
0,0,0.11650000374363251
0,0,0.11987083484651546
1,0,0.20976875142107693
0,0,0.06901673457285748
0,0,0.05330459681030992
0,0,0.038232537884592604
0,0,0.12191347000502578
0,0,0.09657313302581212
0,0,0.16437543513025626
0,0,0.3259899714323018
0,0,0.06987969042415199
1,0,0.14346938591210348
0,0,0.10800132946356779
0,0,0.18032087869057636
0,0,0.10693919974454495
0,0,0.10929167342275908
0,0,0.13805083037265195
0,0,0.10396584298701896
1,0,0.00010583829442041906
0,0,0.07099050340300182
0,0,0.23495826462919295
0,0,4.04397113039397e-06
0,0,0.17454649649587806
0,0,0.11610001796318253
0,0,0.04488246654254095
0,0,0.129937134732515
0,0,0.10803311100981658
0,0,0.17148997919199388
0,0,0.0945903202894538
0,0,0.06152878004488548
0,0,0.15820681281351656
0,0,0.09428959140968686
0,0,0.1057195494246816
0,0,0.10562161831754528
0,0,0.06942388769180617
0,0,0.14137097844699836
0,0,0.09418736470854885
0,0,0.09584994233321283
1,0,0.11780054575165971
0,0,0.10248394678836095
0,0,0.11314471953810057
0,0,0.06394757541685527
0,0,0.07117691880147771
0,0,0.06371845063744574
0,0,0.13807972569225851
0,0,0.056743059089982055
1,0,0.1973542098670172
0,0,0.039078101872837806
1,0,0.06444133369855327
0,0,0.07761647042619425
0,0,0.08861363773726748
0,0,0.07218563425773858
0,0,0.13329191975583782
0,0,0.0929756917460056
0,0,0.0005258068788483873
0,0,0.08109522751665162
0,0,4.5733116245397345e-05
0,0,0.019744481035274198
0,0,0.03666724521907472
0,0,0.06974272830754605
0,0,0.1589583697728817
1,0,0.11513659891037589
0,0,0.08134012788870389
0,0,0.21048437959695143
0,0,0.043552672638520216
0,0,0.1402023715990237
0,0,0.05487224518802645
0,0,0.08184817976748149
0,0,0.07944146809409142
0,0,0.20186508363029904
0,0,0.137458420319662
0,0,0.11708759922886787
0,0,0.10461804233363
0,0,0.10029087825814538
0,0,0.11581752415930341
0,0,0.21089184234491465
0,0,0.09503796602060664
0,0,0.07663405723581974
0,0,0.10622813533570097
0,0,0.10823594597355259
0,0,0.12135738849713347
0,0,0.08117677129127629
0,0,0.09911459218015337
0,0,0.10549920124625474
0,0,0.1019262891347229
0,0,0.11124345821323837
0,0,0.07973263956181083
0,0,0.10794832254910758
0,0,0.12125107702284134
0,0,0.09530553105152989
0,0,0.14105048542665205
0,0,7.200943522642205e-05
0,0,0.07251024813780763
0,0,0.05713484504399622
0,0,0.2110478670430649
0,0,0.09205176617494754
0,0,0.12636135386819913
0,0,0.31155660207477376
0,0,0.13410567707021856
0,0,0.14508546617972518
0,0,0.2673868370583166
0,0,0.050878094325247376
0,0,0.11541485714120185
0,0,0.052198124957173395
0,0,0.09853236444564382
0,0,0.12059505295910251
0,0,0.12839289241133608
0,0,0.138810797295926
0,0,0.054340217558190886
0,0,0.13806676541122503
0,0,0.019546921398273173
0,0,0.06877715233279694
0,0,0.2350270233657386
0,0,0.079018089636862
0,0,0.07365155646623654
1,0,0.06673024704556084
0,0,0.07261221077510724
0,0,0.05358437000396109
0,0,0.09149090973762859
0,0,0.14858599506203274
0,0,0.09328394783142181
0,0,0.1320112734152339
0,1,0.7076982047052572
0,0,0.06496899980330166
0,0,0.13392840149279508
1,0,0.11587099430932539
0,0,0.05278530914648179
0,0,0.0803571882086766
0,0,0.06268766337900464
0,0,0.16973750367030896
0,0,0.0595933893779779
0,0,0.11178108737507354
0,0,0.07046006716830748
1,0,0.1714649134336855
0,0,0.08204293785150674
0,0,0.11453195768509948
0,0,0.08497595030815874
0,0,0.07765693402243884
0,0,0.00033893215601538216
0,0,0.016867921075119807
0,0,0.16178089520919714
0,0,0.10845118274387856
1,0,0.15528839874016553
0,0,0.06113164197297501
0,0,0.0649217547749444
1,0,0.07932470095547756
0,0,0.18104832783278232
0,0,0.049326852169264954
0,0,0.047657351016074476
0,0,0.09928573864435557
0,0,0.07381840887125353
0,0,0.11055986150022083
0,0,0.1066070387846372
0,0,5.0620789176736404e-05
0,0,0.10717320244686368
0,0,0.00020073302808658978
0,0,0.08412281079662438
0,0,0.04751694213283234
0,0,0.15913645617692856
0,0,0.23434901985748488
0,1,0.8369616988131507
0,0,0.13881323477445348
1,0,0.1951416395750404
0,0,0.07722838154636877
0,0,0.09485714742077743
0,0,0.11729940369144902
0,0,0.18973914365539682
1,0,0.050182097503515426
0,0,0.08446874101886323
0,0,0.1638360480092542
0,0,0.1404740095054444
0,0,0.18495709818853862
1,0,0.1286954052184084
0,0,0.07776308328564686
0,0,0.02601184498230729
0,0,0.1810277349927333
0,0,0.12489460828456697
0,0,0.10632626631392644
0,0,0.01823163674577351
0,0,0.1336062852854557
0,0,0.11321607820385797
0,0,0.10424166648619619
0,0,0.11548810486474993
0,0,0.08880634480474046
0,0,0.027790536823477784
0,0,0.10290833156116959
1,0,0.17681899740197002
0,0,0.13055751035688637
1,0,0.04548044980379082
0,0,0.06538633515015206
0,0,0.1946525072108847
0,0,0.19178694057196136
1,0,0.09825745721811406
0,0,0.00016498738714844894
0,0,0.09676380102870502
0,0,0.07907410518151976
1,0,0.08960942306610913
0,0,0.09930143653436582
0,0,0.012001953479652352
0,0,0.07718545591221193
1,0,0.10675233642900336
0,0,0.10026550325766913
0,0,0.11051066943165545
1,0,0.10267434019261898
0,0,0.0696112670208575
0,0,0.282353941848324
0,0,0.06571579159304451
0,0,0.08802455476953965
0,0,0.08496742535581892
0,0,0.07019508505736054
1,0,0.14362185561660484
0,0,0.1559458910201364
0,0,0.1353052276636337
0,0,0.18458213284144698
0,0,0.08204195621529309
0,0,0.09732772411194314
0,0,0.11368359327411084
0,0,0.10299851369943588
0,0,0.0824180173530069
0,0,0.09349957722814893
0,0,0.04038202348657495
0,0,0.19455316526276847
0,0,0.08414764709000973
0,0,0.1366598958638497
0,0,0.08373548366221059
0,0,0.15357470444558347
0,0,0.10653269482658431
0,0,0.07588861860031693
0,0,0.10991708135874526
0,0,0.0912165139093094
0,0,0.09694185977949098
0,0,0.17523001768111937
0,0,0.09908747228515902
0,0,0.00015208530604504084
0,0,0.06095124865579729
0,0,0.08410737650942723
0,0,0.08526780711741663
0,0,0.11207023900099415
0,0,0.15633258318087528
1,0,0.14066204491188708
0,0,0.04273491782925431
0,0,0.0959784265549205
0,0,0.05177230960823417
0,0,0.12318451540331372
0,0,0.20986369439093883
0,0,0.09775795174893608
0,0,0.03877687618827838
0,0,0.15005615056609298
0,0,0.12067614020710753
0,0,0.16169579510254434
0,0,0.05482671072471054
0,0,0.0792787895701033
0,0,0.10388294923740278
0,0,0.18129662727022877
0,0,0.1644185257545821
0,0,0.11880976240005481
0,0,9.896992295868952e-05
0,0,0.00013012835417468356
0,0,0.07946096606611291
1,0,0.1324373619871524
0,0,0.1027620026318975
0,0,0.1261824310069967
0,0,0.08878755491308951
0,0,0.10260922806205566
0,0,0.08312603075954557
0,0,0.04719800511787516
0,0,0.055911036194372835
0,0,0.09053744328270943
0,0,0.06038104125163366
0,0,0.1388347394451845
0,0,0.02500148380290182
0,0,0.06148239938433246
0,0,0.09530165411056601
0,0,0.16912128182375127
0,0,0.0001647466632778868
0,0,0.07954045744121319
0,0,0.0667882995514067
0,0,0.07381010057280868
0,0,0.09999856211237916
0,0,0.052057561557247584
0,0,0.12481434973777308
0,0,0.07384212748210942
0,0,0.1132272407408763
0,0,0.11651831318192052
0,0,0.00021002318088269068
0,0,0.11362897396659512
0,0,0.08052585034800938
0,0,0.10665977767919552
0,0,0.04684173723839624
0,0,0.1302574546320431
0,0,0.048635419258388574
1,0,0.16405926433100265
0,0,0.10583250516685075
0,0,0.10368448010614645
0,0,0.08185956429769074
0,0,0.08322612152512303
0,0,0.08766643771223251
0,0,0.09408552198820254
1,0,0.1636083231180158
0,0,0.12650441382309938
1,0,0.10788852920893943
0,0,0.10693314281009339
1,0,0.1663293407325913
0,0,0.06634610349977946
0,0,0.3414455186002549
0,0,3.965710170684316e-05
0,0,0.07378610785499802
0,0,0.08135921684549263
0,0,0.057114072721237044
0,0,0.15241664091945226
0,0,0.07078548493651853
0,0,0.10731827396107765
0,0,0.10519007414424279
0,0,0.13329327002399405
0,0,0.08463518988254636
0,0,0.13402396523510646
0,0,0.09397415598274977
1,0,0.06793355716221511
0,0,0.07871705372117571
0,0,0.0750077363981389
0,0,0.11204543607220593
0,0,0.06927531118045105
0,0,0.07075830413645343
0,0,0.052836188427677115
0,0,0.06734088152752546
0,0,0.15278922165265163
1,0,0.10392053369092337
0,0,0.07941047610981541
1,0,0.05360122378568414
0,0,0.049541361372842534
0,0,0.06701851105317312
0,0,8.125582654112169e-05
0,0,0.11148857465379046
0,0,0.18260470269313486
0,0,0.06540236835671746
0,0,0.11932398453443568
0,0,0.12061700070387386
0,0,0.08654434072792867
0,0,0.17923645646737849
0,0,0.3476570475303366
1,0,0.0019412220129643104
0,0,0.05993450213822062
0,0,0.08541960730623349
0,0,0.0006675769191895574
0,0,0.14216812007071386
0,0,0.017211623931073373
0,0,0.10170011624458629
0,0,0.06788584967657951
0,0,0.1510487485934175
0,0,0.00020555096165938814
0,0,0.057322823523004614
0,0,0.06705005733169148
0,0,0.0418432353939699
0,0,0.12346548385840082
0,0,0.11533327608428605
0,0,0.17395833430403324
0,0,0.07467345176171229
0,0,0.14137305323841123
0,0,0.07692707332446312
0,0,1.0404068606528643e-05
0,0,0.06428702806092926
0,0,0.057538259445739405
0,0,0.21462098357233825
0,0,0.07406069679806046
1,0,0.1115730660351645
0,0,0.04566520773762192
0,0,0.17735636290699502
1,0,0.1553272590301982
0,0,0.1026963268991892
0,0,0.18142781791754856
0,0,0.0726859375864386
0,0,0.05844095610810244
1,0,0.03155988044554501
0,0,0.06973459438605692
0,0,0.10667489768446049
0,0,0.07909561721812279
0,0,0.07051865870178306
0,0,0.09415722438965679
0,0,0.07898617252886657
0,0,0.16993715155012526
0,0,0.10514018352563913
1,0,0.12441905670573407
0,0,0.10957452937364015
0,0,0.0952808267575167
0,0,0.07073955021746725
0,0,0.07906248408376008
0,0,0.1334486424257048
0,0,0.05366589232245826
0,0,0.23591275206856072
0,0,0.06307675001379408
0,0,0.15945892680670384
0,0,0.0493951123199282
0,0,0.19529842117032295
0,0,0.18856572795890633
0,0,0.21660119390759167
0,0,0.06334487223370575
0,0,0.08164078253954246
0,0,0.10318197751693076
0,0,0.09475752280114515
0,0,0.07838297901679771
0,0,0.001693664484778932
0,0,0.09758294642606379
0,0,0.1252053701854483
0,0,0.0853781540043035
0,0,0.14300410100316635
0,0,0.13101235504745934
0,0,0.08758090685763882
0,0,0.08557844980808163
0,0,0.1142039833102218
0,0,0.056609003262683436
0,0,0.10360832773786777
0,0,0.12283963297541622
0,0,0.10730849049130452
0,0,0.11040161307299322
1,0,0.1685030652293625
0,0,0.1194749504101358
0,0,0.09172657569143884
0,0,0.12187117688662226
0,0,0.10130239059418156
0,0,0.051685637819646905
0,0,0.0737672939804868
0,0,0.06291072217655641
0,0,0.1466783839076958
0,0,0.09008802185104878
0,0,0.07460807175064912
0,0,0.00043742979946602135
0,0,0.07850329213806508
0,0,0.12542447287087408
0,0,0.04746205946754504
1,0,0.15153633289362908
0,0,0.06424016424520121
0,0,0.1094027313333405
0,0,0.1284181320397442
0,0,0.052198659090901746
0,0,0.06736868419102891
0,0,0.09143742449971591
0,0,0.14299273988238337
0,0,0.0566789878977855
1,0,0.16255353367538625
0,0,0.05230315739343567
1,0,0.08109154929060712
0,0,0.05450330758618179
0,0,0.14569528802277126
0,0,0.11263883259006505
0,0,0.08261231034611674
0,0,7.39708241535699e-05
0,0,0.11393122543441193
0,0,0.22560255897268378
0,0,0.15386094095010364
0,0,0.16554598812312452
0,0,0.046906925312195404
0,0,0.07484827264948632
0,0,0.1413504931068082
0,0,0.10502541547384842
1,0,0.15253899838537344
0,0,0.2820658787088533
1,0,0.08069093915111955
0,0,0.10640691213698247
0,0,0.08285640618569375
1,0,0.05622822568158556
0,0,0.0001224826329090236
0,0,0.3532296040076406
0,0,0.12242824494726082
0,0,0.09284045348380277
0,0,0.05816503998076351
0,0,0.11694626398250246
0,0,0.08373446373341314
0,0,0.11365876201876819
0,0,0.0678034370477581
0,0,0.17255630590299986
0,0,0.029585509432766825
0,0,0.13131814089738897
0,0,0.11465093296870413
0,0,0.29516442648078584
0,0,0.09475398863386446
0,0,0.13252705627612063
0,0,0.42659785903506836
0,0,0.06850134550689103
0,0,0.1456987279929681
0,0,0.1017784798550823
0,0,0.07851927613857246
0,0,0.11174908347998667
1,0,0.14267932909626985
0,0,0.00021536848789482997
0,0,0.061892886230146715
0,0,0.08752686398288077
0,0,0.18362909933979968
0,0,0.08956314322712715
1,0,0.14317679492001986
0,0,0.06267307288019894
0,0,0.12024826952093132
0,0,0.10544050134694745
0,0,0.10705307016754725
0,0,0.00013519716662807124
0,0,0.13404186796139592
0,0,0.006405734193696426
0,0,0.06388419112473333
1,0,0.19496250678478594
0,0,0.11280309091448312
1,0,0.07983965668198983
0,0,0.049224502380284585
1,0,0.0607291604484983
0,0,0.07272692032135536
1,0,0.1594276702923816
0,0,0.04899635942865932
0,0,0.08306926318508188
0,0,0.2705765988545176
0,0,0.1176329419056017
0,0,0.04969043113207898
1,0,0.09834610762798274
0,0,0.09603114980042042
0,0,0.00029276712549504853
0,0,0.061010055407189255
0,0,0.032099861766139215
1,0,0.36331642389762864
0,0,0.04714949302560633
0,0,0.046010281381807926
1,0,0.13899833142653276
1,0,0.21956169444454526
0,0,0.0541919316261891
0,0,0.14077238158015615
0,0,0.17097175840847695
0,0,0.06674007419170712
0,0,0.09340951322728931
0,0,0.14207186656879328
1,0,0.19081637724310022
1,0,0.06524674932893125
0,0,0.053437268393185626
1,0,0.04108491590191346
0,0,0.10895184447544919
0,0,0.23083557624582174
0,0,0.1097706002604157
0,0,0.04900417484872157
0,0,0.09346072060680238
0,0,0.12426516684270794
0,0,0.07035582411488844
0,0,0.054029608253146864
1,0,0.3833407123635242
0,0,0.12104102426328746
0,0,0.07531940499091264
0,0,0.1469081678780355
0,0,0.04957077977407293
0,0,0.04419712365855704
0,0,0.07589686570839937
1,0,0.1484408599208737
1,0,0.19004016652419514
0,0,0.10177913046894961
0,0,0.11481143298073741
0,0,0.04952578130332377
0,0,0.07687226928642744
0,0,0.11441275696100102
0,0,0.07854228150048016
1,0,0.08907263735156469
0,0,0.13872083600371016
0,0,0.0007902655433408984
0,0,0.09424000323772358
0,0,0.10204000046624406
0,0,0.1948204502976489
1,0,0.10009190610940691
0,0,0.02329146279514194
0,0,0.09659172639730237
0,0,0.14021297988729106
0,0,0.1525369931599329
1,0,0.11444864288388074
0,0,0.07044408427599014
0,0,0.04267427059955735
0,0,0.2134042665442008
0,0,0.21807817287833658
0,0,0.057589309412047124
0,0,0.25875648490053066
0,0,0.10365153240844929
0,1,0.6454341034689686
0,0,0.07323910178711081
0,0,0.17781234229353232
0,0,0.09165744296045071
1,0,0.08732506824013762
0,0,0.1524766366229823
0,0,0.060442398303666184
0,0,0.02980457302535398
0,0,0.07429108642568678
0,0,0.08313582054506914
0,0,0.08174391942004257
0,0,0.04625010891703585
0,0,0.0894548651092184
0,0,0.09690923795983068
0,0,0.10330113120638268
0,0,0.05824265454908126
0,0,0.11285424974415087
0,0,0.2115833716686531
1,0,0.1474215692173161
0,0,0.04276969206599074
0,0,0.08072736785512648
0,0,0.06242964373012346
0,0,0.08123736016728833
0,0,0.05267632989394001
1,0,0.16764682590356278
0,0,0.07691653360938637
1,0,0.11395778352843873
1,0,0.324444804859774
1,0,0.09495600060575131
0,0,0.15391430929700745
0,0,0.06884409331027933
0,0,0.09957137648081577
0,0,0.11683952240385762
0,0,0.131949893538296
0,0,0.10739731952144109
0,0,6.509437377460053e-05
0,0,0.13880963264826457
0,0,0.11903528164413613
0,0,0.13320872907309397
0,0,0.062433196265778736
0,0,0.22277310306676396
0,0,0.10815110751771531
0,0,0.056908913734313005
0,0,0.26938307338942963
0,0,0.07527791800545995
0,0,0.12102651496795402
0,0,0.06792604282504457
0,0,0.12863902554918294
0,0,0.204469333750625
0,0,0.09772871359255375
0,0,0.09749075663447165
0,0,0.28835041951208407
0,0,0.21544737102824577
0,0,0.06615082141254686
0,0,0.08219621881530309
0,0,0.10403663141450409
0,0,0.09000740751350736
0,0,0.14041172317454773
0,0,0.07003366192440622
0,0,0.0739817454661163
0,0,0.046787900160361766
0,0,0.06721676371357992
0,0,0.09446578732534977
0,0,0.06232514980829995
0,0,0.07021697752337096
0,0,0.08979868164807162
1,0,0.10464171818199387
0,0,0.07956391232707721
1,0,0.15048029033711754
0,0,0.09914268794056942
0,0,0.06634898220855542
1,0,0.10069853857352354
0,0,0.10557391975153055
0,0,0.02787925208352941
0,0,0.14855578530796018
0,0,0.3748463631895921
0,0,0.11472906411958414
0,0,0.15767979546097036
0,0,0.0495671768760743
0,0,0.11027357238269486
0,0,0.0966179247545534
1,0,0.09305773919283325
0,0,0.05710555115403523
0,0,0.12186945600117609
0,0,0.10527507733934181
0,0,0.11334910419678289
0,0,0.07811294157804818
1,0,0.09876164174303102
0,0,0.1540079454478256
0,0,0.000318071951882527
0,0,0.10943956838472489
0,0,0.046587540892068506
0,0,0.11060164900636509
0,0,0.07564642566655504
0,0,0.15929663112190137
0,0,0.14889517797755333
0,0,0.2211643688145671
0,0,0.10312034669299215
0,0,0.07802445998480367
0,0,0.07193870878197985
0,0,0.05514480268936458
1,0,0.0861596259715785
0,0,0.15742164274024023
1,0,0.13016227501938799
1,0,0.12795765362108988
0,0,0.06305633485284176
0,0,0.060039782826611515
0,0,0.06410886085026204
0,1,0.560581913809409
0,0,0.055954510680382256
0,0,0.03176543543470331
0,0,0.04560171338425107
0,0,0.08963184808520462
0,0,0.0963698612987068
0,0,0.12066136761944515
0,0,0.10103319169453658
0,0,0.10077492215635686
0,0,0.09024096940713548
0,0,0.11798914258833636
0,0,0.06871999009941217
0,0,0.11896117592607221
0,0,0.1900533726338378
0,0,0.09836267808167101
0,0,0.0572783936447623
0,0,0.04544513941937269
0,0,0.06291423757167722
0,0,0.10348541602419659
0,0,0.0760428459236688
0,0,0.0904678688438779
1,0,0.1181055196274143
0,0,0.07357831235151768
0,0,0.09798140134883401
0,0,0.14421935931311872
0,0,0.03828327245750793
1,0,0.15391624498589765
0,0,0.11006974782772908
0,0,0.1546318066264222
0,0,0.09332468886364681
0,0,0.07560215138895986
0,0,0.06689941280249159
0,0,0.08119573259519162
0,0,0.05166397095047561
0,0,0.07861541376634784
0,0,0.06330929909836877
0,0,0.373580683522741
0,0,0.09818444686600107
0,0,7.121039616133912e-05
1,0,0.16802990359815675
0,0,0.10489746613434653
0,0,0.09190425388813914
0,0,0.09318855842491021
0,0,0.068640217995002
0,0,0.20468256445015576
0,0,0.06541049028351968
0,0,0.07562152532672944
0,0,0.06813146922503982
0,0,0.0733372278813056
0,0,0.09342463357982836
0,0,0.11563005663462088
0,0,0.2590343625373686
0,0,0.14190028273633662
0,0,0.14609637030170514
0,0,0.11838745389345767
0,0,0.1061490708929654
0,0,0.1031408731214286
0,1,0.5754445691137289
0,0,0.17384024530744077
0,0,0.08255575418874915
0,0,0.12890888256969682
0,0,0.07469100396782109
0,0,0.1264998529381659
0,0,0.0963728346425106
1,0,0.25366561302778845
0,0,0.12897732773111176
0,0,0.16964436717719014
0,0,0.14441902031094367
0,0,0.00028465106994230967
0,0,0.04805661101362713
0,0,0.18035824695828048
0,0,0.13254317143608735
0,0,0.23592073798815186
1,0,0.0003092562607137995
0,0,0.08151251226442517
0,0,0.11710176617520558
0,0,0.023070277816917898
0,0,0.09450778873884073
0,0,0.1751406105358587
0,0,0.10169425418999577
0,0,0.21935759051752024
0,0,0.09767985126338946
0,0,0.08665081926723978
0,0,0.13644787753946216
0,0,0.12641963879155654
0,0,0.0754515926608735
0,0,0.07828506701753146
0,0,0.05245229862264815
0,0,0.12202396296451884
0,0,0.052121312239309076
1,0,0.10442283715338149
0,0,0.10978564478394126
0,0,0.28956071978163517
0,0,0.020217737955116673
0,0,0.05582083013083986
1,0,0.33973364922345733
0,0,0.18224427784384298
0,0,0.06374533721432153
0,0,0.28364883331900176
0,0,0.06918667721576503
0,0,0.17929296101603592
0,0,0.0841946688351624
1,0,0.3448473260469046
1,0,0.06312781857944547
0,0,0.09207719973271665
0,0,0.07917135293114315
0,0,0.438960597483116
0,0,0.3524178607281544
0,0,0.06754666390759595
0,0,0.13334360271585102
0,0,0.21821976968070597
0,0,0.10880147820686498
0,0,0.08628949064188161
0,0,0.17616854541487675
1,0,0.1277213107938467
1,0,4.100124215636797e-05
0,0,0.00015183841938054733
0,0,0.07243253136176149
0,0,0.08225015783751322
0,0,0.42633932880661585
0,0,0.04637622643735686
1,0,0.059865431769641916
0,0,0.09854910539121253
0,0,0.11871558066177293
0,0,0.2596589984938729
0,0,0.09470862793285967
0,0,0.12173385917399952
1,0,0.08392316813744002
0,0,0.0987663202621946
0,0,0.10787214859658877
0,0,0.05271707471094491
0,0,0.06559531496047595
0,0,0.04825096510166362
1,0,0.09466080863987142
0,0,0.12254815798031118
0,0,0.13367373691105888
0,0,0.08883656928231393
0,0,6.864501174715585e-07
0,0,0.1413982454514808
0,0,0.13402629353989706
0,0,0.2322547639371626
1,0,0.0911261159536704
0,0,0.12557360102158482
1,0,0.34970862098854355
0,0,0.0766109263175835
0,0,0.056512350486511584
0,1,0.6248696958387744
0,0,0.14785689567182528
0,0,0.06490678508507093
1,0,0.1925888247268941
0,0,0.15922146239313034
0,0,8.039434572262574e-05
0,0,0.04639731508201265
0,0,0.15417749710986672
1,0,0.2689140128620691
0,0,0.08867112136452183
0,0,0.02223437265772824
0,0,0.17522624408910487
0,0,0.05217165334381023
0,0,0.061155846424012214
0,0,0.1456180657095883
0,0,0.11752994155900909
0,0,0.11269767070033614
0,0,0.00015057938712602261
0,0,0.09586487012530182
0,0,0.06158957325690376
0,0,0.08638986474392234
0,0,0.1128479628537053
0,0,0.118904966952808
0,0,0.11215078125189519
0,0,0.17308724257119162
0,0,0.08669225744169046
0,0,0.03173684836874612
0,0,0.1448414581642553
0,0,0.11295102032100586
0,0,0.10912635311437052
0,0,0.08263875587391031
0,0,6.867064361914393e-05
1,0,0.05124547797727914
0,0,0.1486818419880144
0,0,0.08903151651185387
0,0,0.14832911929539064
0,0,0.06430092219048866
0,0,0.08444092774480323
0,0,0.10579668420678685
0,0,0.04864030566283381
0,0,0.13958935824298255
0,0,7.207382723328351e-05
1,0,0.4506955244624694
0,0,0.06517716378488939
0,0,0.411744231116569
0,0,0.05347496987790201
1,0,0.08385919169408693
1,0,0.28375071380860883
0,0,0.11335622164147106
0,0,0.09731724933356065
0,0,0.17046851058811235
1,0,0.15172127040580627
1,0,0.1758469565395966
0,0,0.1568613148974495
0,0,0.0776964212798763
1,0,0.15618876767178158
1,0,0.13604906660702218
0,0,0.14337602280780148
0,0,0.10419396960166778
0,0,0.3001279952158366
0,0,0.09032851727311447
0,0,0.08720385674817167
0,0,0.12990763571237157
0,0,0.10761848196866407
0,0,0.08369203552730133
0,0,0.08237255613208061
0,0,0.13769134924727214
0,0,0.10605295757134102
0,0,0.08311769701044452
1,0,0.05630305394976447
0,0,0.13316346857329237
0,0,0.09963850063255011
0,0,0.06684572949951258
0,0,0.033509921623411223
0,0,0.14699241424527826
0,0,0.13631555053134276
0,0,0.17146506565779146
1,0,0.103862275054413
0,0,0.07419461787019695
0,0,0.08186278863668565
0,0,0.08894282072396004
0,0,0.08993069296785586
0,0,0.12291872858667334
0,0,0.0798151639960607
0,0,0.04211840541339256
0,0,0.18337879250614197
0,0,0.2044171556538169
0,0,0.08692100551406899
0,0,0.10474331856268346
0,0,0.07183398800968777
0,0,0.09026689389798273
0,0,0.11689772353125831
0,0,0.2242823362433485
0,0,0.05087985591463205
0,0,0.038208438976353024
0,0,0.09561014911705631
1,0,0.1420242533446164
0,0,0.06208806349030839
0,0,0.08749769019000217
0,0,0.08240909486630646
0,0,0.1217358617313738
1,0,0.1673124573965656
0,0,0.06638420898407696
0,0,0.0948538559524113
0,0,0.029945458818449917
0,0,0.1143687792055206
0,0,0.16814835359936478
0,0,0.060594192360075724
0,0,0.049954420221128774
0,0,0.4341488385627002
0,0,0.17235140049710596
0,0,0.09182918390107118
0,0,0.05214046287317823
0,0,0.09690881248456243
0,0,0.06369432949063807
0,0,0.05665180493737987
1,0,0.10460477599727228
0,0,0.08590156846201265
0,0,0.0535525677331593
0,0,0.07754531764653691
0,0,0.08757447626458183
0,0,0.1135170979899791
0,0,0.07147494679244551
0,0,0.11667428747650235
0,0,0.1655207381042634
0,0,0.13805690161571924
0,0,0.07690493496089501
1,0,0.1789141395257988
0,0,0.07572202060222381
0,0,0.06280226430171598
1,0,0.055270155695085386
0,0,0.09095271908119254
0,0,0.10238730220700737
0,0,0.1758629077514926
0,0,0.07268827070350005
0,0,0.1030598164766168
0,0,0.10622784535220973
0,0,0.05461656982643008
1,0,0.1244232589652916
0,0,0.14848849977603312
0,0,0.1236842897742629
0,0,0.07935411019977913
0,0,0.09457138795095708
0,0,0.1084528561954746
1,0,0.13765221601196773
0,0,0.13980375372131132
0,0,0.1156291632368447
0,0,0.1787203587777897
0,0,0.09826098281121302
0,0,0.07042829988407623
0,0,0.1324485191641146
0,0,0.09180839171250141
0,0,0.09694228643331392
0,0,0.10873410723215347
0,0,0.05257975550217131
0,0,0.14643411870719722
0,0,0.03113551661433657
0,0,0.12692528234939734
0,0,0.13535910534017648
0,0,0.04175994978872058
0,0,0.10027575494315946
0,0,0.1408469798664255
0,0,0.050578325872600916
0,0,0.08616285770767508
0,0,0.121332675002163
0,0,0.11908532683368077
0,0,0.06340470570358718
0,0,0.05482764508105598
0,0,0.09421766547194928
0,0,0.11297344882089638
0,0,0.19930896874018109
0,0,0.11272664109921939
0,0,0.059847616252426086
0,0,0.0647771663275294
0,0,0.2449866664055938
0,0,0.14070897578443384
0,0,0.18148251383305886
0,0,0.049548684612972856
0,0,0.07940222049032435
0,0,0.15790373057033327
0,0,0.07696269922002001
0,0,0.21450204246197394
0,0,0.05087566282926415
0,0,0.11249653602395558
1,0,0.13395945299780312
0,0,0.15083530506717663
0,0,0.059364951839764146
0,0,0.07700797342830734
0,0,0.11641470723631754
0,0,0.07801227880893544
0,0,0.06815562981221406
0,0,0.24534029017917658
0,0,0.15511503071400762
1,0,0.09945318335029452
1,0,0.07071972131517555
0,0,0.10228828090765883
0,0,0.09862746141016618
0,0,0.07745059722609256
1,1,0.5211624384031843
0,0,0.11292436487160405
0,0,0.19175955880179724
0,0,0.10776972534354666
0,0,0.09327236455739164
0,0,0.0198615090119454
0,0,0.07450784858754488
0,0,0.02654908552910937
0,0,0.08026210858948184
0,0,0.05489590016207505
0,0,0.09588739447614161
0,0,0.10790154004760627
0,0,0.08973191934310369
0,0,0.23174728652119492
1,0,0.22051706819056532
0,0,0.07321963830730521
0,0,0.04519474238379901
0,0,0.0553632197857643
0,0,0.295905606675913
0,0,0.10152182246944193
0,0,2.404631485140819e-08
0,0,0.1881959372546676
0,0,0.08419450186897012
1,0,0.2405824011254868
0,0,0.2206131231523245
0,0,0.08939718396375476
0,0,0.05795362819057517
0,0,0.09720143259218866
0,0,0.08317212739531987
0,0,0.16515038859148223
0,0,0.08735113145192976
0,0,0.20634466661622144
0,0,0.08499739949670163
0,0,0.10135610499294531
0,0,0.1858117255204286
0,0,0.22282079230012095
0,0,0.061846093736101615
1,0,0.1067162651454253
0,0,0.0541364699510325
0,0,0.10270255145847582
0,0,0.08516040274673596
0,0,0.11342055559007737
0,0,0.259633947378282
0,0,0.19149575034763375
1,0,0.08709497114607799
0,0,0.04971804578737249
0,0,0.10937880055717286
0,0,0.20389917569083035
0,0,0.12703983921668152
0,0,0.06505979101659533
1,0,0.08185892167574005
0,0,0.04858467773857326
0,0,0.07811022104953733
1,0,0.08301851569292445
0,0,0.1054283334698491
0,0,0.27284526358389083
0,0,0.18735039755236024
0,0,0.044754096838308
0,0,0.09932783370649313
0,0,0.0470828067368103
0,0,0.08874254965268628
0,0,0.11349070592427171
0,0,0.12252995540935764
0,0,0.10142151799213273
0,0,0.062025646730885835
0,0,0.04005424053901598
0,0,0.06592720809950432
0,0,0.055694146671813674
0,0,0.12201233875320323
1,0,0.20582672213814598
0,0,0.07399104425888688
0,0,0.1497368867961598
0,0,0.07740648341792378
0,0,0.0787943053132353
0,0,0.13475456409163888
0,0,0.04608040947585744
1,0,0.08004961112477035
0,0,0.05846221279308365
0,0,0.32707488590364586
0,0,0.08162416594471272
1,0,0.12532505024046475
0,0,0.04698798843243293
0,0,0.1775529829877649
0,0,0.18538968019510726
0,0,0.10467946863459328
0,0,0.08040532243851456
0,0,0.07326347211043728
0,0,0.06610338971931791
0,0,0.048732493137931675
0,0,0.10624254103947212
1,0,0.30986233472077274
0,0,0.05030487693694311
1,0,0.08862050456888249
0,0,0.05100941480501994
0,0,0.069883319990972
0,0,0.12470494106234084
0,0,0.07608077918530552
0,0,0.08402716792272598
0,0,0.11555977606955155
0,0,0.13840486838446622
0,0,0.09894819878448323
0,0,0.10372895021947176
0,0,0.10623275829834877
0,0,0.09972861818641816
0,0,0.08932102333616074
0,0,0.13185582100329676
0,0,0.09391743254324712
0,0,0.05159668590152033
0,0,0.21036171048399716
1,0,0.12448882421928685
0,0,0.15859618579812548
0,0,0.15943984863833888
0,0,0.14339860676767702
0,0,0.00012160600563995896
0,0,0.08526048087503786
1,0,0.13763917293731864
0,0,0.20661995447747658
0,0,0.08870839655078258
0,0,0.03677845534874423
0,0,0.09420684014699024
0,0,0.0940262427908099
0,0,0.06223779798647333
0,0,0.08402112519686773
0,0,0.1643175420678927
0,0,0.10504686574716507
0,0,0.00010066006340381471
0,0,0.11661018672159613
0,0,0.08926060982561307
0,0,0.11414950470239599
0,0,0.09831236935894924
0,0,0.09524460581081222
0,0,0.06665854890623801
0,0,0.08254259865825624
0,0,0.10880768792519738
0,0,0.10314153210457098
0,0,0.03927967695011066
0,0,0.044986826329156356
0,0,0.06060132806240679
1,0,1.8692717853818275e-06
0,0,0.05103090063394611
0,0,0.08206906612977068
0,0,0.05854721376744874
0,0,0.16948266311226345
0,0,0.0433382138875651
0,0,0.10308277843437524
0,0,0.07955937176726179
0,0,0.03774205257224301
0,0,0.09724753495751484
0,0,0.00010697239747733537
0,0,0.11791419587595102
0,0,0.10130367018767375
0,0,0.05774272124189319
1,0,0.3409017423978899
0,0,0.12695193946744285
0,0,0.06565202181250353
0,0,0.06495151899959545
0,0,0.055339160077145906
0,0,0.2148699759076672
0,0,0.08555699405565954
0,0,0.11766193753638284
1,0,0.06437686658985119
0,0,0.059066611216181404
0,0,0.048275372358026925
0,0,0.25280904445114993
0,0,0.07736812123504225
0,0,0.05156265678077586
0,0,0.08534110991819122
0,0,0.12194856301476548
1,0,0.19517323651124505
0,0,0.13008139558507265
0,0,0.10062277668893711
0,0,0.09548573211950406
0,0,0.12379723873100622
0,0,0.10169276353468511
0,0,0.09561978338793646
0,0,0.10526243109775438
0,0,0.00010734792575595128
0,0,0.0628824765071101
0,0,0.056438486505744415
0,0,0.12826504582115097
0,0,0.24202114613922085
0,0,0.06690108566881273
0,0,0.11580402400302038
0,0,0.055392876242166954
0,0,0.10084860276387822
0,0,0.08474250190842884
0,0,0.10243150296066027
0,0,0.18207822955884678
0,0,0.08387257585584641
0,0,0.19926439199787305
0,0,0.24032962250628556
0,0,0.08085148573650207
0,0,0.071474578866597
0,0,0.20809926106864143
0,0,0.06655350449218995
1,0,0.07007013379290034
0,0,0.19644501837343978
0,0,0.16543597099807567
0,0,0.11115701980931761
0,0,0.040847879580713294
0,0,0.0989699136183935
1,0,0.07033428291773369
0,0,0.0782525740603195
0,0,0.21285802683327154
0,0,0.11499983539701687
0,0,0.07627211682327774
0,0,0.07302307290101458
0,0,0.09707122397702042
0,0,0.09092409897962445
0,0,0.1546768566835502
0,0,0.13217828305371285
1,0,0.3340343800846479
0,0,0.08870396458657347
0,0,0.07813011440659247
1,0,0.18155833104932176
0,0,0.08696878969962156
0,0,0.06912199347261022
0,0,4.8214573721068364e-05
0,0,0.12432720239829338
0,0,0.10599669115945878
0,0,0.09459689235919258
0,0,0.019899953480198466
0,0,0.06789232302224497
1,0,0.14711898924763092
1,0,0.22374091467454954
0,0,0.049324621356172986
0,0,0.00013167183621415766
1,0,0.08507033459932468
0,0,6.845086159970808e-05
0,0,0.11268220078903655
0,0,0.07732075443617598
0,0,0.09777527419225986
0,0,0.13096670943910144
0,0,0.00014730539648633262
0,0,0.08539178589492499
0,0,0.029925397256572558
0,0,0.08059750738765238
0,0,9.796371007631034e-05
0,0,0.06750084285101675
0,0,0.14351380744414485
0,0,0.10868535076494894
0,0,0.09971681570271416
1,0,0.08374979440403164
0,0,0.0727187666704408
0,0,0.21280495049032222
0,0,0.04470438636156162
0,0,0.08234819406892462
1,0,0.24098837336577184
0,0,0.10039125778716719
0,0,0.01856003174379141
0,0,0.09273884470494646
1,0,0.15793459444093264
1,0,0.09061653543084311
0,0,4.796675318982185e-07
0,0,0.04546721068739597
0,0,0.05083423448788994
1,0,0.16669086135013592
0,0,0.13736161798871946
0,0,0.04072393709583487
0,0,0.101328047807002
0,0,0.14970675729761773
0,0,0.11056954930576375
0,0,0.09253510918499153
0,0,0.024991043177018626
0,0,0.1809102609431826
0,0,0.0732824052550855
0,0,0.09364225511438214
1,0,0.03889651147045511
0,0,0.02363368110802792
0,0,0.023563812640098682
0,0,0.3590687291408935
1,0,0.12331541943350968
0,0,0.06598550464299427
0,0,0.32623675409598735
1,0,0.08871862769456787
0,0,0.18254271357114701
0,0,0.019417993985842628
1,0,0.13762091401005228
0,0,0.1262310619818938
0,0,0.06659680337690733
0,0,0.06791300438833359
0,0,0.09550459550356127
0,0,0.06079626002908183
0,0,0.09480718398335199
0,0,0.08540217931407909
0,0,0.07403117406315408
0,0,0.05839663520986773
0,0,0.11429551829085201
0,0,0.060113083237573105
1,0,0.15002963900815555
0,0,0.04582324565385663
0,0,8.339050444784725e-05
1,0,0.12648394308646274
1,0,0.15771481720975278
1,0,0.09658477059246123
0,0,0.07319532881967056
0,0,0.08006936457533956
0,0,0.1123055588140786
0,0,0.055970963060966064
1,0,0.1223781260837036
0,0,0.09607429808211529
0,0,0.34375302451860007
0,0,0.11570537281723478
1,0,0.17541156689642698
0,0,0.16073518135879833
0,0,0.0648287372927555
0,0,0.21393770373848456
0,0,0.06994407399808568
0,0,0.13144443393944466
0,0,0.05627037678685996
0,0,0.08473802764713616
1,0,0.1881431870510764
0,0,0.11983506265458055
0,0,0.10856638767162333
0,0,0.09265048333294555
0,0,7.761600276391849e-05
0,0,0.03823598355791145
0,0,0.18672617372340586
0,0,0.10147111187525
0,0,0.0670959342686031
0,0,0.00017756435877361873
0,0,0.10286227252869859
0,0,0.1558743419244484
0,0,5.270823265276634e-05
0,0,0.04682744706352091
0,0,0.052291339742745455
0,0,0.0785278176139218
1,0,0.07524297626056664
0,0,0.1839019973611201
1,0,0.3290463670776175
0,0,0.07608045585056797
0,0,0.08705492146532505
0,0,0.11696183716517432
0,0,0.16087951372327802
0,0,0.07659668911604697
0,0,0.0491334632829348
1,0,0.08018538355006001
0,0,0.09740323674471733
0,0,0.10137627328610763
0,0,0.13055131105383538
1,0,0.18701859201347532
0,0,0.07202557290454048
0,0,0.06438518099185349
0,0,0.12204434307935935
0,0,0.08609598692631604
0,0,0.1814895657400081
0,0,0.1762645982162371
0,0,0.3752576050333672
0,0,0.07701165772839962
0,0,2.539410829814488e-07
0,0,0.05708381927816996
0,0,0.04351881458261972
0,0,0.02587057504802445
0,0,0.02594311705633527
0,0,0.12080132810995559
1,0,0.08207289828092727
0,0,0.20725510832977895
0,0,0.09160387597410818
1,0,0.04996896915674591
0,0,0.09915085220284758
0,0,0.049902937649370246
0,0,0.07884303876614765
0,0,0.07096889643553811
0,0,0.0950671144732563
0,0,0.07383590310435781
0,0,0.12260828159958245
0,0,0.055726760228530285
0,0,0.029204909793310658
0,0,0.08805747584199486
0,0,0.10573625657906467
0,0,0.1994845366783493
0,0,0.10420841804877704
0,0,0.00010905302362405343
0,0,0.0851289876561898
0,0,0.10221226429395235
1,0,0.1400886768461334
0,0,0.12947030880172714
0,0,0.13797805961182788
0,0,0.06658161240862959
0,0,0.1761398932351727
0,0,0.048878933249261146
0,0,0.13226416158443827
1,0,0.35950412011760735
0,0,0.0003196799604779429
0,0,0.09255860964807891
0,0,9.26281137872131e-05
0,0,0.10357008502739756
0,0,0.05565921835967904
0,0,0.14005085173148152
0,0,0.11539474485513448
0,0,0.09566544749417752
0,0,0.06362985913580461
1,0,0.14368639140611147
1,0,0.12809149050888222
0,0,0.11053032985633358
0,0,0.27823514891321083
0,0,0.10775667867929961
0,0,0.19991626459798656
0,0,0.07978665156483017
1,0,0.05602614624382642
0,0,0.13544128822308582
0,0,0.040323800573134505
0,0,0.07733637722468124
0,0,0.0949183695676315
0,0,0.018782627834015495
0,0,0.15836092581994268
0,0,0.1428383082570758
0,0,0.15801919913742393
0,0,0.08250512616210484
0,0,0.10045921504868521
0,0,0.16609319616091106
0,0,0.09968252025627634
0,0,0.06986845424457676
0,0,0.1012226089687051
0,0,0.07284191037613225
0,0,0.07545495373321787
0,0,0.06033870217847888
0,0,0.12196146367141246
0,0,0.08070546438325955
0,0,0.15287631295601053
0,0,0.09854092967355256
0,0,0.06251067441717455
0,0,0.3823306055546879
0,0,0.09243621603547973
1,0,0.1568042993166592
0,0,0.09790320241597258
0,0,0.10333753890835183
0,0,0.19939851484732632
1,0,0.19395802702361462
0,0,0.08013577445871832
0,0,0.09852750174088108
0,0,0.04025855779551791
0,0,0.04812554020448795
1,0,0.12513606240687894
0,0,0.05984490767334617
0,0,0.2877375736475498
0,0,0.18141364451746372
0,0,0.0848763591997569
0,0,0.08645222328783178
0,0,0.11663598483728814
0,0,0.09612198318715251
0,0,0.25840239495347567
0,0,0.10439547450864677
0,0,0.17594250957278157
1,0,0.4568760806463345
0,0,0.07520111315752886
0,0,0.120332597667516
1,0,0.21485219376651168
0,0,0.0579997568728243
0,0,0.13636476361543753
1,0,0.08959000356134773
0,0,0.0899802686767897
0,0,0.08182844139915922
0,0,0.10024584240136197
0,0,0.11953613201865051
0,0,0.11529626495217782
0,0,0.11844704326878212
0,0,0.12576970942352592
0,0,0.1351838006968963
0,0,0.08272480980464224
0,0,1.3758151608197198e-08
0,0,0.06044159837175613
0,0,0.172639799897943
0,0,0.06603918595605811
0,0,0.09179210004875986
0,0,0.115986997194228
0,0,0.14630982434138576
0,0,0.105240940039732
0,0,0.24634464126675482
0,0,0.0744852499875121
0,0,0.08374817291348119
0,0,0.1363920712544389
0,0,0.07549603235011434
0,0,0.21459962572853483
0,0,0.12128648609008066
0,0,0.019014418721599237
0,0,0.04985102487723593
0,0,0.1343056397391541
0,0,0.08530192737445055
0,0,0.07331603303696214
0,0,0.04984986608301515
1,0,0.03528792848126341
0,0,0.15177485236070046
0,0,0.1447590794412515
0,0,0.09573621536835121
1,0,0.11838419132742348
0,0,0.08002379595328114
0,0,0.13445031047783754
0,0,0.10931035224826247
0,0,0.06732042337339235
0,0,0.11673054064414547
0,0,0.1293624515645764
0,0,0.20998016291397403
0,0,0.24149632428232104
0,0,0.10394945814523897
0,0,0.1351337783555947
0,0,0.14538075248637414
0,0,0.0664714997430251
0,0,4.494562949527895e-05
0,0,0.18674270012930805
0,0,0.02918602482054394
0,0,0.16339096072517106
0,0,0.12133934192383035
0,0,0.12351455087057238
0,0,0.07828382509460015
0,0,0.1195648529897494
0,0,0.07096034335422528
1,0,0.10843406546768738
0,0,0.09754547082370531
0,0,5.970323264977362e-08
0,0,0.13436364180342603
0,0,0.06482051977301753
0,0,0.18071912449514665
0,0,0.054966299233315405
0,0,1.0238221645905936e-08
0,0,0.34655439814611205
0,0,0.05780371361003298
0,0,0.1430564325099765
0,0,0.15558730093210063
0,0,0.14954411844248872
0,0,8.694440506665665e-05
0,0,0.08509878640470904
0,0,0.05941824867103723
0,0,0.06316258389552913
0,0,0.08297687168670234
0,0,0.051151685788018375
0,0,0.14662827903752682
0,0,0.08344270147197438
0,0,0.1459610090343186
1,0,0.17596490908388074
0,0,0.13068465778774274
0,0,0.22397712785476664
0,0,0.1683680679874222
0,0,0.1283129755402032
0,0,0.08265776953982641
0,0,0.37190152457809916
0,0,0.09834406866366165
0,0,0.13614704568873476
0,0,0.06066460028608986
0,0,0.18613362177001852
0,0,0.07781992078945096
0,0,0.13350747038021596
0,0,0.17403903426052444
0,0,0.1406957144893542
0,0,0.12685787916479174
0,0,0.06766913576547462
0,0,0.1755087310461767
0,0,0.00010046346386707056
0,0,0.09441637072195432
0,0,0.2352878306400469
0,0,0.10055895578440643
0,0,0.06374481040048564
0,0,0.1705013862628851
0,0,0.05204451449019737
0,0,0.07530422972390352
0,0,0.09657396135468539
0,0,0.07892531268300054
0,0,0.15158377489160832
0,0,0.15799225263477856
0,0,0.105281161986434
0,0,0.03191352705469482
0,0,0.12985163384193357
0,0,0.07615488245697238
0,0,0.1401684500041146
0,0,0.09267882572028464
0,0,0.11016807470783066
0,0,0.20203900117427978
0,0,0.07354458210456895
0,0,0.0814353091576591
0,0,0.033580338269209274
0,0,0.08446858789860003
0,0,0.07297466367480071
0,0,0.12341264593013289
0,0,0.1599751268115564
0,0,0.18537875275843857
1,0,0.3624286800426408
0,0,0.10826178529198531
0,0,0.12345504120472904
1,0,0.14937778227402726
1,0,0.20725128129059212
1,0,0.1776768007036611
0,0,0.16203452703120624
1,0,0.14160249773196787
0,0,0.13706358467440916
0,0,0.11394169635983907
0,0,0.10453221343935257
0,0,0.07611992830722578
0,0,0.05292694871877723
0,0,0.07262090866075409
0,0,0.1715793501540065
0,0,0.10497084111364136
0,0,0.12233633838007604
1,0,0.2547905512135857
0,0,0.07430240554654378
0,0,0.10355611004951885
0,0,0.10789554400264799
0,0,0.14308078258514026
0,0,0.06278287231144697
0,0,0.11063399940731942
0,0,0.022054958099835188
0,0,0.26744320824837114
0,0,0.08314785489440767
1,0,0.18832031585886494
0,0,0.15517710671169221
0,0,0.12105637563228482
0,0,0.11518032477084078
0,0,0.07747163225599335
0,0,0.05994769445238398
0,0,0.13467846550719764
1,0,0.16845148580295496
0,0,0.05094427778042766
0,0,8.43529464361962e-05
0,0,0.14871464927215253
0,0,0.14335161561426213
0,0,0.05661408793910497
0,0,0.06518507801675301
0,0,0.04647227475463473
0,0,0.12246146162967148
0,0,0.04726534613192045
0,0,0.17184852038466952
0,0,0.19926863496707048
0,0,0.0712073179104464
0,0,0.11485750711036506
0,0,0.12567177634493784
0,0,0.09474400256995762
0,0,0.07600972981259536
0,0,0.10266251522194858
0,0,0.0734290106379684
0,0,0.12064174253176779
0,0,0.09215393565375167
0,0,0.18033876842117635
0,0,0.13492945842198148
0,0,0.14091557063114804
0,0,0.19347404735921575
0,0,0.043699034042384316
0,0,0.33583307304749105
0,0,0.06437133729050103
0,0,0.10351747863952737
0,0,0.060653482753503005
0,0,0.13154262022830376
0,0,0.041291622275054035
0,0,0.0780276506328028
0,0,0.12111045979136717
0,0,0.2573904208623684
0,0,0.06313010480908118
0,0,0.07704949300277866
1,0,0.14570851445582583
0,0,0.08421286833331997
0,0,0.07661778877461035
0,0,0.1702110120416272
0,0,0.08868658202448
0,0,0.05126029345240275
0,0,0.08733035544136629
0,0,0.19648927431883567
0,0,0.08556678027556314
0,0,0.14888617665192427
0,0,0.059148035276938786
0,0,0.09494370663800446
0,0,0.08203648387747636
0,0,0.08898171769360023
0,0,0.09864721614000434
1,0,0.09047440778085761
0,0,0.09552793021529139
0,0,3.091066045545278e-05
0,0,0.06389481690682729
0,0,0.07156080247905326
0,0,0.1204778363083263
1,0,0.21898584764240778
0,0,0.12098481757261567
0,0,0.2600118430348541
1,1,0.6215126954816995
0,0,0.11073487390388713
0,0,0.06032199057279364
0,0,0.0363427503457637
0,0,0.07098296232425852
0,0,0.04538220699244852
0,0,0.12000346986126062
0,0,0.15119598601792889
0,0,0.060033755905818505
0,0,0.08776974644580034
0,0,9.073895561402437e-08
0,0,0.11501798475710198
0,0,0.04374937702805946
0,0,0.37184787532381014
0,0,0.20598462864732728
0,0,0.16582052997138838
0,0,0.1685577173761456
0,0,0.10802654531342931
0,0,0.03794121056401032
0,0,0.07880180407307981
0,0,0.07772201642756658
0,0,0.0691389473989288
0,0,0.07675028706540006
0,0,0.09527084797899465
0,0,0.24386032251226572
0,0,0.061580692830311284
0,0,0.23402407625353935
0,0,0.08610245131608237
0,0,0.10855583756422227
0,0,0.0418367910106564
0,0,0.0755186056900612
1,0,0.0001089853481171545
0,0,0.0973089043739787
0,0,0.08459258514789378
0,0,0.09940091221208586
0,0,0.12248028327951728
0,1,0.5642913156749338
0,0,0.017948697383154227
0,0,0.10211850863127954
0,0,0.09097144479443445
0,0,0.08034348909495254
0,0,0.051553558491114454
0,0,0.07561941366629099
1,0,0.34036577810108704
0,0,0.11949736365972473
1,0,0.09264445778695733
0,0,0.06645308140142436
0,0,0.06973344506370886
0,0,0.07970208743860371
0,0,0.10150090664818072
0,0,0.1426668555536802
0,0,0.2011562285610428
0,0,0.00022924538651381205
0,0,0.08198453199545042
0,0,0.06921694288067097
0,0,0.04924552713297662
0,0,0.10406066507281975
0,0,0.2620303008672894
0,0,0.12694815552892277
0,0,0.06107140099411921
0,0,0.10345386605280904
0,0,0.130640470127556
0,0,0.10540254310653474
0,0,0.046109643209991565
0,0,0.16120115699404305
0,0,0.09963979132139889
0,0,0.12471169276348971
1,0,0.1305018152576947
1,0,0.2569157889620823
0,0,0.10806478800251196
0,0,0.28385545753853586
0,0,0.08716844763039427
1,0,0.20519557510370812
0,0,0.16038717122494434
0,0,0.07834994722157165
1,0,0.14593134098485955
0,0,0.0906897222650431
0,0,0.09454140341323586
0,0,0.11521472132289093
0,0,0.12186867148778174
0,0,0.12529818642284235
0,0,0.14089413162930878
0,0,0.08715773055472717
0,0,0.1938975168336283
0,0,7.490059282956361e-05
0,0,0.24302159039644192
0,0,7.694129069543548e-05
0,0,0.09055658009195863
0,0,0.13149632099677855
0,0,0.09703002346156718
0,0,0.13039072359620904
0,0,0.037807730412362496
0,0,0.061480944438041474
0,0,0.14030637867431803
0,0,0.23386745142639126
0,0,0.1269141573255298
0,0,0.09742408088634041
0,0,0.04718340245552607
0,0,0.10761506968631467
0,0,0.07967194501916672
0,0,0.027972071650274186
0,0,0.07187176967072154
0,0,0.07279640218264789
0,0,0.1380848537209571
1,0,0.06804954082307162
0,0,0.12214252140744207
0,0,0.06562697736129397
0,0,0.0971405167047366
1,0,0.37031873842792634
0,0,0.0919930802117416
0,0,0.09834301745035658
0,0,0.06963907968030517
0,0,0.07047716769844076
0,0,0.08860311127550943
0,0,0.15311874035757686
0,0,0.026871431717181198
1,0,0.08064956511563696
0,0,0.3122344575526664
1,0,0.28508271275152774
0,0,0.1087762179383378
0,0,0.14487095685089113
0,0,0.09612064126636938
0,0,0.10073843567147811
0,1,0.6160118935898673
0,0,0.07507035603613098
0,0,0.09151190211720096
1,0,0.10272817112912513
0,0,0.12274592235152985
0,0,0.09984470568265634
0,0,0.11316794913365087
0,0,0.04689597381133989
0,0,0.13527575839350078
0,0,0.017918385888455866
1,0,0.24581987186549076
0,0,0.0788093254443718
0,0,0.06886601077797985
0,0,0.2938401035019861
1,0,0.29932669359317654
0,0,0.09763021012832286
0,0,0.06362015535170355
0,0,0.058992412542103474
0,0,0.18170724689681095
1,0,0.07769652748901427
0,0,0.00012143147365909424
0,0,0.07834257184042122
1,0,0.08167791697412635
0,0,0.11875494055269235
1,0,0.22018131064278526
0,0,0.15437703978847286
0,0,0.09630839039580255
0,0,0.08957142758154377
0,0,0.045568288260720166
1,0,0.10788869069001812
0,0,0.04154286822221806
0,0,0.11795298575969546
0,0,0.07807787564191175
0,0,0.2360202508615839
0,0,0.1070262435274675
0,0,2.1702225485054622e-05
0,0,0.1456925095535944
0,0,0.0544932516404924
0,0,3.1108322198023247e-07
0,0,0.056941153133516574
0,0,0.1088659802011333
0,0,0.12042675392367112
0,0,0.07694061811677376
0,0,0.15773403122458277
0,0,0.39511256420720337
0,0,0.08644102985654689
0,0,0.1666392244593104
0,0,0.11015291895550225
0,0,0.2637032079865853
0,0,0.06379327379374564
1,0,0.10736518740723608
1,0,0.06826543721142582
0,0,0.0942910293733846
0,0,0.052772570239233624
0,0,0.05554268871936363
0,0,0.109214560219322
0,0,0.0003510888715039966
0,0,0.11442838204527304
1,0,0.11360270077410646
1,0,0.06434676372593605
0,0,0.17511052464145987
0,0,0.060367516274899384
1,0,0.07969197314052179
1,0,0.11953616321463446
0,0,0.07744064442830392
0,0,0.025599349858155693
0,0,0.15781409021131726
0,0,0.19134006198013712
0,0,0.08281467101197386
0,0,0.10435799036490635
0,0,0.11052431821635815
0,0,0.0838602540321359
0,0,0.1812219958283118
0,0,0.1113509762919552
0,0,0.07896315168929902
0,0,0.010995878222813341
0,0,0.0814737447069657
0,0,0.08036073993427245
0,0,0.08565897881105011
0,0,0.18146157686257564
0,0,0.09744208769091621
0,0,0.34833674633249895
0,0,0.1447334659217493
0,0,0.049779196924872024
0,0,0.08814907802114524
0,0,0.11825570875487333
0,0,0.10655177649812875
0,0,0.08970744905852804
0,0,0.10624895787439538
0,0,0.12171124242438047
0,0,0.14330996467966725
0,0,0.00011373545697185134
0,0,0.06414756951630707
0,0,0.07672237825548898
0,1,0.6430740346967074
0,0,0.2646485674540267
0,0,0.11680327129094922
0,0,0.214197078301011
0,0,0.07933526620742666
0,0,0.12670454311336934
0,0,0.1677776446180383
0,0,0.07104769353181592
0,0,0.05740105784858048
0,0,0.023112010915139175
0,0,0.10003863186769561
0,0,0.08490078187854172
1,0,0.1779351916359751
0,0,0.09169970232456462
0,0,0.23223466234888784
0,0,0.07594744313380221
0,0,0.11345939120213179
0,0,0.14367168280807208
0,0,0.12120936992169222
0,0,0.10932765162415113
1,0,0.09926548470563741
0,0,0.15450661013871966
0,0,0.16165635011728277
0,0,0.1672598918973595
0,0,0.0567927438312257
1,0,0.3457559133818029
0,0,0.09680613490295495
0,0,0.10198185504597235
0,0,0.1703402274042903
0,0,0.1688695748001034
0,0,0.07591854275464963
0,0,0.16980322984487792
0,0,0.07404729920118473
0,0,0.16543295955354492
0,0,0.10408549386486372
0,0,0.14267294703304592
0,0,0.10438109914710161
1,0,0.03973753644023524
0,0,0.14451442480260232
0,0,0.09949884631647811
0,0,0.10222532688435655
0,0,0.18787141196239077
0,0,0.15087567038438932
0,0,0.10262608897502662
0,0,0.09544286353461916
1,0,0.1289824857106112
0,0,0.15314024741323973
0,0,0.0663452835481786
0,0,0.09881068250003139
0,0,0.4365156206654713
0,0,0.109438358488457
0,0,0.24527780968594906
0,0,0.10413892082920018
0,0,0.1459534795682725
0,0,0.16311209601058158
1,0,0.19011388535632792
0,0,0.11146701262885042
0,0,0.1151742003220384
0,0,0.148200879704929
0,0,0.12521383577055392
0,0,0.10479796515185932
0,0,0.09689784208946288
0,0,0.12156653590584457
0,0,0.07960104944344348
0,0,0.20346737757315816
0,0,0.06714199995852213
0,0,0.16337168284458722
0,0,0.14188106347317728
0,0,0.10769100811012099
0,0,0.17053074529391038
0,0,0.07711200770904093
0,0,0.06175476776791881
0,0,0.11216131066507132
0,0,0.06494682441199294
0,0,0.06938791489980221
0,0,0.1084732158017303
0,0,0.058246593791951705
0,0,0.10812533019668155
0,0,0.15844041148507026
0,0,0.2858325558264421
0,0,0.0001007232313450705
0,0,0.05545767062414003
0,0,0.07308263929614366
0,0,0.1313865655803203
0,0,0.31558430518493535
0,0,0.17416603088101335
0,0,0.0008055339936351931
0,0,0.07535905085428991
0,0,0.08666028108655713
1,0,0.1279971568760598
1,0,0.09703598055556929
0,0,0.18225015845111409
0,0,0.38222086573837005
0,0,0.05370624191795942
0,0,0.07648740741429814
0,0,0.11573947252975889
0,0,0.17325060019479727
0,0,0.1412617967400773
0,0,0.07562891951719025
0,0,0.13595006125045508
1,0,0.18191011801345144
0,0,0.07008202449825189
0,0,0.0671769691100819
0,0,0.11337816645755773
1,0,0.252233168025009
0,0,0.24351054539100309
0,0,0.11309980736532185
0,0,0.0666136274858371
0,0,0.10622737628555859
0,0,0.036486403363819246
0,0,0.1842766662599096
0,0,0.06453271427422962
1,0,0.06262158001472143
0,0,0.11803183463785545
0,0,0.09886144402966338
0,0,0.12212806205673378
1,0,0.2076319746949095
1,0,0.24326635439100017
0,0,0.08592675520893565
0,0,0.0014875468453790488
1,0,0.08743976922112041
1,0,0.17702843916929706
0,0,0.04012369597099268
0,0,0.028613455947647397
0,0,0.12985078349365684
0,0,0.048289359313684554
0,0,0.11913491120689634
0,0,0.09595678074112686
0,0,0.11222442644088318
0,0,0.04809997840003354
0,0,0.08574164194629957
0,0,0.08368675298531483
0,0,0.06454731694501777
0,0,0.07139999777867947
1,0,0.061428057779966086
0,0,0.2339372882695991
1,0,0.12127627307185665
1,0,0.1553187489673602
0,0,0.04051127798810586
0,0,0.03738905360755491
0,0,0.14436411402288882
0,0,0.26897420164182134
0,0,0.10963401702389132
0,0,0.20139475756557304
0,0,0.08350539737102633
0,0,0.011337050198830046
0,0,0.0655155692145778
0,0,0.05986609067502128
0,0,0.06628985433783352
0,0,0.10716960466125604
0,0,0.10337939417878717
1,0,0.2720966475081294
0,0,0.06795766644079279
0,0,0.09773016223001833
0,0,0.10240694344208437
1,0,0.06922057439253469
0,0,0.13439890164299256
0,0,0.092064463427366
0,0,0.05739145171395003
0,0,0.1481777757514359
0,0,0.09037696167534738
0,0,0.08996481617643476
1,0,0.07129035630573793
0,0,0.08354805266171213
0,0,0.03720536243956496
0,0,0.05984936872394891
0,0,0.17490583614224856
0,0,0.05131200416675156
0,0,0.0664948759296542
0,0,0.09242879038811835
0,0,0.11333184518029071
0,0,0.12894286011367637
0,0,0.058507980605782696
1,0,0.02891205122144369
0,0,0.0001537077973013735
0,0,0.07043004612073304
0,0,0.16536905981434835
0,0,0.06202877890984693
0,0,0.07194889236310703
0,0,0.05211467764115972
0,0,8.593437049692491e-05
0,0,0.16099817943123182
0,0,0.40510639755564354
0,0,0.10053351297038413
1,0,0.20075649487917566
0,0,0.05216037986221986
0,0,0.1412742879281308
0,0,0.1067785575863142
0,0,1.407134683182021e-08
0,0,0.10214103410075287
0,0,0.07707959538597693
0,0,0.05804121056122451
0,0,0.09980048157610652
0,0,0.06363061334748388
0,0,0.06281842915061105
1,0,0.07000941409692579
0,0,0.07392777416621947
0,0,0.14693128107539213
0,0,0.12073287980195632
0,0,0.04385063732207514
0,0,0.09832718472326465
0,0,0.06478299179804589
0,0,0.05496898702663608
0,0,0.24227384038522018
0,0,0.059378097001923036
0,0,0.10008831678161081
0,0,0.11676753445831592
0,0,0.36950307248351677
0,0,0.07229901936668423
0,0,0.10193400350540224
0,0,0.037572461648567076
0,0,0.10372595652484246
0,0,0.06919363098079942
0,0,0.05076683121635584
0,0,0.04539709303971403
0,0,0.12859192468022193
0,0,0.07226730047745086
0,0,0.18847171752864272
0,0,0.1928711783699843
0,0,0.17335602502954273
0,0,0.08693764635226721
0,0,0.061202916351898784
0,0,0.04444024076209869
0,0,6.979069956569314e-05
0,0,0.07935525280622298
0,0,0.10821423258213736
0,0,0.08142579515350476
0,0,0.16497271975302027
0,0,0.046255772248618446
0,0,0.09302296215580608
0,0,0.13302300346561075
0,0,0.15044068743857392
0,0,0.1046957127166184
0,0,0.08722388243366072
0,0,0.4889588314844697
0,0,0.05937009261743742
0,0,0.15138914182119653
0,0,0.13034352851014827
0,0,0.03555813791817075
0,0,0.0869931910282199
1,0,0.11764035616344659
1,0,0.10198924307061803
0,0,0.22614173869334062
0,0,0.07123971344821989
1,0,0.21800836413118782
1,0,0.09987629899812205
0,0,0.08363816282877556
0,0,0.08584169118164564
0,0,0.09243551712401445
0,0,0.1326904428131086
0,0,0.021771593573686247
0,0,0.10286925397193351
0,0,0.07747592946760996
1,0,0.04059766183129883
0,0,0.1230661607835913
0,0,0.06125003976941553
0,0,0.10012010679730575
1,0,0.17282287020758252
0,0,0.09985484088701976
0,0,0.10336622477518881
0,0,0.12394002250838523
0,0,0.16738271279145361
1,0,0.13746465844057737
0,0,0.055540523681664046
0,0,0.07391059046054235
0,0,0.08174922331168295
0,0,0.1580106999599616
0,0,0.05837765591651733
0,0,0.28511342480977153
0,0,0.14839037450751238
0,0,0.18500815407018023
0,0,0.06471834346089103
1,0,0.26591814244010475
0,0,0.08513396451657163
0,0,0.14317755508949634
0,0,0.25528010057828027
0,0,0.0552716826648881
1,0,0.07552811882538411
0,0,0.07247274808300479
0,0,0.07167876286171909
0,0,0.05427729700499761
0,0,0.08168667167425855
0,0,0.28899020263250097
0,0,0.36652853125562856
0,0,0.1458140978059741
0,0,0.058190557974527574
0,0,0.14341122308929805
0,1,0.9954341288343589
0,0,0.11959021272278084
0,0,0.10707399473292983
0,0,0.19133472084843864
0,0,0.06587572364754705
0,0,0.07006415415386813
0,0,0.09694041437845641
0,0,0.12434334432773703
0,0,0.113958662335167
0,0,0.08095530009373778
0,0,0.07379693826669922
0,0,0.004195063321677418
0,0,0.07692237878372934
0,0,0.23818906102856116
0,0,0.15889396852109652
1,0,0.3259145981216355
0,0,0.00012527589299833361
0,0,0.051616397892781725
0,0,0.1016446084534271
0,0,0.2041001103308764
0,0,0.12035300207212478
0,0,0.08654181387272228
0,0,0.07810245116908734
0,0,0.08547019358594028
1,0,0.13774079798845656
0,0,0.00011072145730046632
0,0,0.10006941942424104
0,0,0.09512100611198883
0,0,0.11397663103144583
0,0,0.40082212201106215
0,0,0.09427014633757283
0,0,0.04711525444855546
0,0,0.12152663832955697
0,0,0.07576937854550117
0,0,0.09884246504455324
0,0,0.11737705118844989
0,0,0.10421669521868845
0,0,0.12148180261659375
0,0,0.057993881100521005
0,0,0.22358468384457983
1,0,0.08773765218527026
0,0,0.17839387501959095
0,0,0.14120590844212894
0,0,8.481118841507551e-08
0,0,0.059467390901760515
0,0,0.12682825680353293
0,0,0.037457142750566254
0,0,0.08541343568017916
0,0,0.17279799629808457
0,0,0.23427990351735314
0,0,0.047919350336017956
0,0,0.1436367247214786
0,0,0.08091767344330597
0,0,0.05980815379315093
0,0,0.11932841706843005
0,0,0.1588771192741836
0,0,0.09972623382829016
0,0,0.17626759525321425
0,0,0.05477323190081583
0,0,0.2340562454088734
0,0,0.06132319460567504
0,0,0.17812664803176323
0,0,0.18033027405463406
1,0,0.15504490222956102
0,0,0.10262710141244856
0,0,0.10884940238739656
0,1,0.7776069401225855
0,0,0.09198148639143848
0,0,0.11582052166866372
0,0,0.12184701897215006
0,0,0.00020077383958355983
0,0,0.10280782225964104
0,0,0.07998739513487566
1,0,0.06356692343415707
0,0,0.09520525313670539
0,0,0.0614297358559746
0,0,0.020799234205013322
0,0,0.10418925247144349
0,0,0.09493362840491971
0,0,0.059575760425391276
0,0,0.12355283428320563
0,0,0.06641368609467171
0,0,0.0521395013004947
0,0,0.1825979632847373
0,0,0.09940174341763451
0,0,6.545787418210829e-05
1,0,0.17842287122974182
0,0,0.1044751791849124
0,0,0.09334979419522037
1,0,0.08196077423950877
0,0,0.05376831927091857
0,0,0.055852152385243534
0,0,0.03158389204158883
0,0,0.09102243623592687
0,0,1.2011093066252248e-06
0,0,0.08830949419616022
0,0,0.06544485219666066
0,0,0.24836656284557332
0,0,0.09626623521554374
0,0,0.06696554326209413
0,0,0.06262424304262115
0,0,0.06726904114910984
0,0,0.042916970514232246
0,0,0.07393060632725607
0,0,2.7228434328670926e-05
0,0,0.07580056955124694
0,0,0.0765968209640272
1,0,0.28906590935015847
0,0,0.10989490146454553
0,0,0.09057822277305501
0,0,0.12327045036017233
0,0,0.06719519610413426
1,0,0.10225054370580026
0,0,0.032034242527485386
0,0,0.1413205523546668
0,0,0.06653863360623995
0,0,0.11002075037272115
0,0,0.13246969769371555
0,0,0.03529500693700837
0,0,0.15207760000349219
0,0,0.22636579891385825
0,0,0.05676012930194294
0,0,0.37591755038577157
0,0,0.09842093839921147
0,0,0.055945237442413955
1,0,0.00032807232724293327
0,0,0.24434573055067407
0,0,0.04840835435914968
0,0,0.07834822353374779
1,0,0.09654994163059924
0,0,0.22853126832991005
0,0,0.10325891848211272
0,0,0.08463903869744922
0,0,0.04886157805868178
0,0,0.05148158030970259
0,0,0.3041358015319437
0,0,0.12789327723974472
0,0,0.00020052492629809906
0,0,0.07859614495425137
0,0,0.11116820571512366
0,0,0.09422620086199177
0,0,0.10112286386780645
0,0,0.09590510298319484
0,0,0.12658164369667568
0,0,0.08561131547206767
0,0,0.08487352345818425
0,0,0.04708110130955578
0,0,0.07400773427077759
0,0,0.06110276128573414
0,0,0.07513394370095909
0,0,0.06602574465128534
0,0,0.06559168986882032
1,0,0.11006912136091593
0,0,0.2171330832997798
0,0,0.07747387497433139
0,0,0.12181783800537281
0,0,0.09953209847819741
0,0,0.0808111541327706
0,0,0.045363086243311
0,0,0.10061265586996042
0,0,0.1001657606100717
0,0,0.10140488770229884
0,0,0.07565868846448144
0,0,0.20776306742745165
0,0,0.08144843463951824
0,0,0.12235340755350449
0,0,0.07535650878493715
1,0,0.11723337319862899
0,0,0.11654599905965977
0,0,0.12967723056927932
0,0,0.11876262520917183
0,0,0.12658645689182338
0,0,0.0658930369765395
0,0,0.24301545735320246
0,0,0.08943520745906383
0,0,0.06111676839243212
0,0,0.11366870109729293
0,0,0.2826850899813176
0,0,0.07508169725354678
0,0,0.08877151734433626
0,0,0.11270737224923624
0,0,0.16839246788810402
0,0,0.04227422205926628
0,0,0.061765763470574976
0,0,7.510899534386332e-05
0,0,0.1488234310446537
0,0,0.10483772075254232
0,0,0.12969393310629002
0,0,0.06845780600306156
0,0,0.08185282226883432
0,0,0.06922596936327677
0,0,0.07407146530881809
0,1,0.7415974958775273
1,0,0.1867022918537498
0,0,0.1352071112640989
0,0,0.10792133099426912
0,0,0.044813523645919714
0,0,0.08058817902074604
0,0,0.14883780954175246
0,0,0.181261917936173
1,0,0.08418285834821172
0,0,0.061391891465463436
0,0,0.109706185081619
0,0,0.1599221536094549
0,0,0.08306597593948811
0,0,0.06813975145405135
0,0,0.25045246972496055
0,0,0.09808221478273758
0,0,0.05255193056133939
0,0,0.029300063622796763
0,0,0.01718758510782777
0,0,0.14964388238634682
0,0,0.09248673225379091
0,0,0.13134895376526534
0,0,0.23560723200485428
0,0,0.08238458700749599
1,0,0.10327666557146462
0,0,0.0599836166244219
0,0,0.06363861683719219
0,0,0.04710262989251135
0,0,0.06920412174597855
0,0,0.046999629252409414
0,0,0.05834526263168545
0,0,0.022468493976495488
0,0,0.07618359444661486
1,0,0.09971821109311144
0,0,0.09480230954983841
0,0,0.072179521984437
0,0,0.09255830002418367
0,0,0.06117061235281976
0,0,0.07265902917098176
0,0,0.054660522056301064
0,0,0.10813114633746886
0,0,0.09333745881913394
0,0,0.13545111108999783
0,0,0.07522812598040272
0,0,0.03875576782719988
0,0,0.19324147291781593
1,0,0.14571709755825124
0,0,0.05907631439049798
0,0,0.1203434332905305
0,0,0.08282796591323144
0,0,0.10304968986014063
0,0,0.00015644589905028968
0,0,0.04169245835998039
0,0,3.7040807207085975e-05
0,0,0.1408859748994071
0,0,0.15617364853888194
0,0,0.12058453537498899
0,0,0.024122763745493773
0,0,0.1657870300505851
0,0,0.12186690511021296
1,0,0.10618767918119686
0,0,0.13348818199296086
0,0,0.11825897117455056
0,0,0.1004095411112464
0,0,0.043089793864566864
0,0,0.1237673934307021
1,0,8.753643730328309e-05
0,0,0.0957380313205994
0,0,0.08826821762517115
0,0,0.2591587114356786
1,0,0.14609169546692358
0,0,0.1961147929119889
0,0,0.0703815362526418
0,0,0.03170954621212079
0,0,0.10006803691417246
1,0,0.061757687480287544
1,0,0.000214871370998297
1,0,0.08170204199396475
0,0,0.046644815760190965
0,0,0.06513107276813036
0,0,0.19885721337568465
0,0,0.10384032265899296
0,0,0.10299069725072629
0,0,0.1343203579671032
0,0,0.1290173250467164
0,0,9.991483618061213e-05
0,0,0.08761049579768392
0,0,0.09362986396355402
0,0,0.051955657929086706
0,0,0.07665899988278488
0,0,0.11485208931733308
0,0,0.14479666136506833
0,0,0.0797829365903247
0,0,0.0001502002537006575
0,0,0.0001169566736158509
0,0,0.07610292299398103
0,0,0.07447232165973448
1,0,0.11779709388536837
0,0,0.07215994550690526
0,0,0.08101231419561522
0,0,0.00015900993969222366
0,0,0.06427155498208556
0,0,0.21738815126880476
0,0,0.053873670288269275
0,0,0.11457942142625879
0,0,0.06938123208400558
0,0,7.9038814764046e-05
0,0,0.08753120637088506
0,0,0.09511740346706853
0,0,1.1487897318212669e-06
0,0,1.5218059363803243e-05
0,0,7.539846303133663e-05
0,0,0.0556857550819821
0,0,0.12776931677266667
0,0,0.09922801253291272
1,0,0.10202804267296824
0,0,0.11469985178899741
0,0,0.04652470588609102
0,0,0.2095404838419527
0,0,0.09414431648730177
0,0,0.07875301041410003
0,0,0.07658390354447316
0,0,0.14556053383587708
0,0,0.09625030570275829
0,0,9.891456593093423e-05
0,0,0.06661753239653485
1,0,0.0345347238625859
0,0,0.036175834874462874
1,0,0.12571841135523676
0,0,0.1297425038984315
0,0,0.09364581052907503
0,0,0.08607732944906275
0,0,0.25030515012841176
0,0,0.06355774372428963
0,0,0.16016512355036625
0,0,0.060658211106070274
0,0,0.04184851128391592
0,0,0.05689440778833202
0,0,0.12190987622098452
0,0,0.20567942424627858
0,0,0.06404775029780063
0,0,0.08435946591014941
0,0,0.11113721289436954
0,0,0.15104826043585795
0,0,0.13070169508971882
0,0,0.15380439976865848
0,0,0.14733885830618992
0,0,0.10264117360803426
0,0,0.10569005477788672
0,0,0.12633886719501972
0,0,0.05410973575127312
0,0,0.03361140042959311
0,0,0.07202482182926845
0,0,0.11832475442297985
0,0,0.09783068102609793
1,0,0.3339753995500732
0,0,0.12885401360274934
0,0,0.20250933984213557
0,0,0.016589846016189815
0,0,0.17077052881725338
1,0,0.13014872928304944
0,0,0.05651003773200835
0,0,0.12589752058310735
0,0,0.2012487607810608
0,0,0.10084837976613105
0,0,0.30950567115569755
0,0,0.12800275700383076
0,0,0.1260902768399552
0,0,0.08344824622397103
1,0,0.2502623708607342
0,0,0.16085939369984165
0,0,0.10864921203713179
0,0,0.056500263063246486
0,0,0.06724883552674978
1,0,0.09622321480176949
0,0,0.10717527746056892
0,0,0.09331941387216028
0,0,0.0571481002637123
0,0,0.1332657751612173
1,0,0.0745955829773531
0,0,0.08544626557336155
0,0,3.293295597187449e-07
0,0,0.06567662166359384
0,0,0.0598888876816302
0,0,0.10471311996297833
0,0,0.09303074531649264
0,0,0.09463372144253075
0,0,0.07632779276970325
0,0,0.07477744042151727
0,0,0.10223214183914413
0,0,0.05765590864397573
0,0,0.2920523300381369
0,0,0.13904050620620492
0,0,0.03677280669284198
0,0,0.07580431454014203
0,0,0.09517483486386692
0,0,0.15427959822037157
0,0,0.14843287719012674
0,0,0.05438284912334197
0,0,0.05056515344484424
0,0,0.03344528818189725
0,0,0.19276234463879569
0,0,0.4703243962899026
0,0,0.05266687188752518
0,0,0.09164811179576435
0,0,0.1344377566180024
1,0,0.12703871955049562
1,0,0.09542898732639109
1,0,0.06206959159546476
1,0,0.09364730122411678
0,0,0.027003076241900664
1,0,0.32848675251537546
0,0,0.07828443557232173
0,0,0.0494550018232918
0,0,0.11700355790585988
0,0,0.18509957460901225
0,0,0.07790449122992602
1,0,0.13632159244035527
0,0,0.0677365066006821
0,0,0.4940406959553327
0,0,0.06882164811020698
0,0,0.13496162087192762
0,0,0.08028003994877732
1,0,0.44587600442112313
0,0,0.04874040871717519
1,0,0.14806375769113472
0,0,0.0383989615055613
0,0,0.15579247973577434
0,0,0.1501572387476161
0,0,0.06346506187857812
0,0,0.052397212548723524
0,0,0.1361002452654782
0,0,0.12587636576291875
0,0,0.1473301640848289
0,0,0.14952677198607334
0,0,0.07246900758506412
0,0,0.10838328028130456
0,0,6.364631209960754e-05
0,0,0.05933646301800192
0,0,0.08171056119747454
0,0,0.06895535155523334
0,0,2.6339073072799964e-05
0,0,0.04909291320160037
0,0,0.12770816990983583
0,0,0.12119001979021751
0,0,0.16652069621268262
1,0,0.16254854753270434
0,0,0.09485332246011079
0,0,0.050888384559250245
0,0,0.09915592286628201
1,0,0.02312423180156803
0,0,0.10294054324186565
0,0,0.15551832593497888
0,0,0.054471456468546016
0,0,0.11512442680271873
0,0,0.12659461654951878
0,1,0.7688943680622207
0,0,0.05880027295599927
0,0,0.08337191516332905
0,0,0.08173734279204427
0,0,0.1718879561316003
0,0,0.09550107362352958
0,0,0.14819872219084712
0,0,0.1525003498088172
0,0,0.17416287703432815
0,0,0.1579841921604673
0,0,0.052958880263770464
0,0,0.09680476393157181
0,0,0.07296281572073735
0,0,0.23194127990506566
0,0,0.060160161778812664
0,0,0.11709917907636623
0,0,0.128724498206375
0,0,0.1061720009248944
0,0,0.057354516146264294
0,0,0.0717991028335164
0,0,0.04799037929134687
0,0,0.09808092376262223
0,0,0.17817670940796002
0,0,0.13719222453115987
0,0,0.06508932517605046
0,0,0.04633004281624875
0,0,0.12274432718488286
0,0,0.17497875050707992
0,0,0.13866706828837833
0,0,0.10142732989719246
0,0,0.08209960128002497
0,0,0.14448458886863322
0,0,0.015959856128606426
0,0,0.073190909998471
0,0,0.09189644128769794
0,0,0.07929068169949686
0,0,0.11526562282360577
0,0,0.10357822102505243
0,0,0.1022190615930861
0,0,0.1003150900547878
0,0,0.06798684220097105
0,0,0.09440536732036091
0,0,0.23250201656852548
1,0,0.22206588524185653
1,0,0.08943766790834193
0,0,0.05695820231768006
0,0,0.06493877092614737
0,0,4.8312242964979097e-05
0,0,0.1372359504317323
1,0,0.16694049990266974
1,0,0.20144929174493484
0,0,0.38014739432275063
0,0,0.06763711103357245
0,0,0.14643400772231138
0,0,0.04456943285426688
0,0,0.20842958036493658
0,0,0.057325707249925216
0,0,0.06922525215613834
0,0,0.30107674109400784
0,0,0.09616674576908232
0,0,0.0001181069564607353
0,0,0.13807745976411062
0,0,0.07795022166526913
0,0,0.11217468398518313
0,0,0.0714855270561902
0,0,0.1120413723694487
1,0,0.28245776005008044
0,0,0.08343612763266298
0,0,0.06915302608057002
0,0,5.114721872373609e-05
0,0,0.1362507677981606
0,0,0.09279710731914095
0,0,0.0668093461054163
0,0,0.1108837971199516
0,0,0.0927980554614474
0,0,0.08768095245174931
0,0,0.07854440177424332
0,0,0.2044761345812232
0,0,0.08412057436253637
0,0,0.13342775321933853
0,0,0.13913619049975395
0,0,0.0627267058243491
0,0,0.11383124090228483
0,0,2.408336439713811e-05
0,0,0.0626187654411723
0,0,0.14936504713450213
0,0,0.00016823913550702518
0,0,0.1633750577489951
0,0,0.19507021718151288
1,0,0.16866927901503045
0,0,0.061996270919030566
0,0,0.00017772087043961034
0,0,0.3027925433533699
0,0,0.11176561508016188
0,0,0.08811031162999335
0,0,0.20097409675239294
1,0,0.13289202460533847
0,0,0.0902424979288375
0,0,0.08046666603828698
0,0,0.09115384100817722
0,0,0.162444347414913
0,0,0.10905116892117354
0,0,7.642002028045097e-05
0,0,0.06552696926035675
0,0,0.1515708046663961
0,0,0.06538626654490842
0,0,1.679608419960758e-08
1,0,0.0740137326958209
1,0,0.07379803309550705
0,0,0.0947883636672514
1,0,0.05964842849738694
0,0,0.0719709670532311
0,0,0.0704465387880501
0,0,0.1481335185175373
1,0,0.21425833800771693
0,0,0.06663871462523319
0,0,0.03955500007992551
0,0,0.08929723524674286
0,0,0.12031438435797748
0,0,0.07788339511633288
0,0,0.09534155831516775
1,0,0.08471016580971337
0,0,0.00011140750319045164
0,0,0.06547317454319768
0,0,0.07310920580793648
0,0,0.0953328062205432
0,0,0.13867049091641062
0,0,0.12864579746510774
0,0,0.09221687301615512
1,0,0.35131513285917687
0,0,0.3071547881723308
0,0,0.17777215060874468
0,0,0.08403704063958445
0,0,0.09353774043291357
0,0,0.061183883380439216
0,0,0.06436409851316179
0,0,0.3293737181990984
0,0,0.05456482788403827
0,0,0.13930172063287735
0,0,0.041183625540080704
0,0,0.08020618914411774
0,0,0.19238269943602432
0,0,0.050964534864389455
0,0,0.15322904674727877
0,0,0.09191856606978914
0,0,0.12068100386138363
0,0,0.05903793255548383
0,0,0.18048399737565024
0,0,6.520433936738605e-05
0,0,0.17103053000659268
0,0,0.1267022973462132
0,0,0.07014944188176764
0,0,0.02914410651820719
0,0,0.08560938664201495
0,0,0.06748305041483214
0,0,0.0793487960657411
0,0,0.09775229065998522
0,0,0.11606273403816916
0,0,0.14470446410875182
0,0,0.06658549237957284
0,0,0.11688361763734824
0,0,0.12712499538619143
0,0,0.08491044756387328
0,0,0.00024137181930373642
0,0,0.11036771942696823
1,0,0.11471492266817947
0,0,0.0817106886510415
0,0,0.12658003173277627
0,0,0.06014712468092797
0,0,0.04093726683404998
0,0,0.058862912715954605
0,0,0.08475560805922136
0,0,0.10044703473891793
0,0,0.09849455621800501
0,0,0.14368745282686238
1,0,0.08344246848653007
0,0,0.089235358365921
1,0,0.282934436594648
0,0,0.16509011099096935
0,0,0.07428522007125078
0,0,0.055401374667054255
0,0,0.07433985292712054
0,0,0.06341147087397209
0,0,7.258378228487016e-05
0,0,0.0714435835549637
0,0,0.22113733803771998
0,0,0.05081345944847096
0,0,0.10655676083144541
0,0,0.05161437829045628
0,0,0.15806809243684838
1,0,0.14021104136744536
0,0,0.10178329340038623
0,0,0.026434573778869205
0,0,0.14387414831874812
0,0,0.03897653377910034
0,0,0.04724149583411985
0,0,0.1754440765417903
0,0,0.18025237523077003
0,0,0.286870160901476
0,0,3.310951337234359e-05
0,0,0.07795707569528636
0,0,0.15863554280725586
1,0,0.031732361720300035
0,0,0.10497577219965752
0,0,0.06254245408770819
0,0,0.07490676331260587
0,0,0.3523947508125819
1,0,0.13283131386842548
0,0,6.197685244397109e-05
0,0,0.07283020563279043
0,0,0.314273723004377
0,0,0.1099647478736263
0,0,0.07002113004337758
0,0,0.0902334760617527
0,0,1.4564523851596215e-07
0,0,0.08825235343073287
0,0,0.1349880590919552
0,0,0.062343566521903086
0,0,0.15469254332538193
1,0,0.05552911087096188
0,0,0.13131548557642772
0,0,0.3591413403787727
0,0,0.08923340856102237
0,0,0.14297383765928798
0,0,0.08684966164226314
0,0,0.13837679701676456
0,0,0.0866374823342182
0,0,0.0969359120726975
0,0,0.15189526940890716
0,0,0.09078375835102112
0,0,0.08163262274623152
0,0,0.10122041389647886
0,0,0.09506334898254966
0,0,0.09626025249009784
0,0,0.17015909894062506
0,0,0.1364427220113805
0,0,0.11834466556622208
0,0,0.12426957221899343
0,0,0.0428369985078413
0,0,0.11367404054708306
0,0,0.032087358506914486
0,0,0.07290891271859859
0,0,0.05191277680080281
0,0,0.0001037035280690203
0,0,0.08166134411840399
0,0,0.07032436465524243
0,0,0.2233806144460407
0,0,0.05580942992388649
1,0,0.15229173333107887
0,0,0.09426191243193749
0,0,0.0726635151799149
0,0,0.059390747632200376
0,0,4.2882685086629916e-05
0,0,0.14486529226668396
0,0,0.042598991207931314
0,0,0.1592921345350103
0,0,0.0798067148492133
0,0,0.07057926172436375
0,0,0.0296500696977868
0,0,0.0541725888682661
1,0,0.1540690017818335
0,0,0.10225117822594317
0,0,0.1607756449498799
0,0,0.13964021427467815
0,0,0.15429620823423942
0,0,0.22042106407537576
0,0,0.11255471071940765
0,0,8.366178405893041e-05
0,0,0.1000968049885213
0,0,0.037743273498656485
1,0,0.1726569003675923
0,0,0.049004819150088696
0,0,0.07674269632814179
0,0,0.06403675432842365
0,0,0.06940280217005991
0,0,0.39554744317020557
0,0,0.11800959507629129
0,0,0.02278991841289273
0,0,5.265179554794778e-05
0,0,0.08744246545856096
0,0,0.03852508250830958
0,0,0.07003309775487473
0,0,0.11844395505376171
0,0,0.11374399259727415
0,0,0.07705362676647896
0,0,0.05705420514846373
0,0,0.06663918665211752
0,0,0.09894781617175948
1,0,0.0924446682934394
0,0,0.2161738653682864
0,0,0.07497918820168305
1,0,0.3702369433986249
0,0,0.15621549933708437
0,0,0.12748835241545817
0,0,0.1314608733395226
0,0,0.06641430364807867
0,0,0.14999994909883105
0,0,0.0807714137277712
0,0,0.1360735255793085
0,0,0.05201538890110762
0,0,0.09173671767747052
0,0,0.04052367363844283
0,0,0.049766029264087824
1,0,0.13866961886107976
1,0,0.3489682947024023
0,0,0.08665962087332536
0,0,0.09459602478156721
0,0,0.09076410478236922
1,0,0.2130599872343354
0,0,0.14000544591356565
0,0,0.06411648250622592
0,0,0.019497786386374512
0,0,0.129770811602282
0,0,0.08374805077998851
0,0,0.25190562148960804
1,0,0.20266936640061514
0,0,0.0627629092576888
0,0,0.17621203174393807
1,0,0.24158461566848743
0,0,0.00010710244239102677
0,0,0.10260665597424957
0,0,0.13809266436725354
0,0,0.043407189221926414
0,0,0.16882320478202245
0,0,0.09023464672683122
0,0,0.08832386272040045
1,0,0.12840244789950409
0,0,0.10634617397115181
0,0,0.200096800194072
0,0,0.10759939142467355
0,0,0.0666989336038359
0,0,0.06091888463835523
0,0,0.08231700488986698
0,0,0.09793063160402256
0,0,6.751215245155896e-05
0,0,0.05201972415270035
0,0,0.10555998825933505
0,0,0.10345250330396875
0,0,0.10928726829168084
1,0,0.1458649155753154
0,0,0.13463508724832798
1,0,0.0788536245901206
0,0,0.11074680879081071
0,0,0.14927340781050527
0,0,0.11777620135382154
0,0,0.11340396633650306
0,0,0.12739952411973143
0,0,0.058081196549046796
0,0,0.1515098203027257
0,0,3.3629625900010246e-05
0,0,0.02579056567261267
0,0,0.0971538329577276
0,0,0.3887507691641625
0,0,0.0001604603197043725
1,0,0.1157963663943435
0,0,0.04803060105471245
0,0,0.10487834778647803
0,0,0.05245724552820751
0,0,0.09005241995193768
0,0,0.06460055832816085
0,0,0.13022495881100304
0,0,0.057806903379893214
0,0,0.03773529013583705
1,0,0.08429567129690071
0,0,0.059361575852099516
0,0,0.08744785784953314
0,0,0.09186809550216092
0,0,0.04575141957386053
0,0,0.12574625658178412
0,0,0.11731656494104475
0,0,0.12312068729078031
0,0,0.09104662424114773
0,0,0.06393445134414392
0,0,0.11689443848060356
0,0,0.07585409596119914
0,0,0.06113022005692764
0,0,0.08622022246184788
0,0,0.07335335864372525
0,0,0.09848183701863189
0,0,0.04793711629138556
0,0,0.0283367486611635
1,0,0.12600057721491315
1,0,0.06822637995221453
1,0,0.10961528065649531
0,0,0.2698003637690415
0,0,0.10502741607972713
1,0,0.05295309913209942
0,0,0.07098848476367622
1,0,0.0664314445860051
1,0,0.18919825982942348
0,0,1.858236154904383e-05
1,0,0.17555844058886355
0,0,0.1365135394407604
0,0,0.2522312368000724
0,0,0.031588473691953486
0,0,0.1320148010053123
0,0,0.08037551607611831
0,0,0.13004312749089136
0,0,0.11687945017476699
1,0,0.12172113589224401
0,0,0.07518892588988803
0,0,0.11062597529644323
0,0,0.15030686550389646
0,0,0.1674765395287371
1,0,0.14096290253639257
0,0,0.1230454589056279
0,0,0.051375434579964505
0,0,0.13025296119966265
0,0,0.13626573452049395
0,0,0.16392850851664878
0,0,0.11000045469387142
0,0,0.12339605130390165
0,0,0.07861127145318621
0,0,0.102011762369338
1,0,6.465674135982223e-05
0,0,0.0799444156568486
1,0,0.15070138227360308
0,0,0.04079219119767073
0,0,0.11303642564008842
1,0,0.19959990806011882
0,0,0.07026677825241856
0,0,0.11434232266268884
0,0,0.19798813991324296
1,0,0.06018458896109307
0,0,0.0818120197222691
0,0,0.07023608919196807
0,0,0.04923931673294472
0,0,0.07672344755802352
0,0,0.12069963582116924
1,0,0.2379960918526946
0,0,0.10678908126890166
0,0,0.06927428354527694
0,0,0.2335894763518898
0,0,0.09552775495584538
0,0,0.22997760269319642
0,0,0.07372827087440983
0,0,0.2653571107097648
1,0,0.14238649107781873
0,0,0.06074844891964216
0,0,0.10897371479948374
0,0,0.17909593847842384
0,0,2.1625763041390777e-07
0,0,0.08040530410783574
0,0,0.09387195101797886
0,0,0.0781346319762212
0,0,0.09177934545513057
0,0,0.17234944239052277
0,0,0.10604127143199696
0,0,0.1629894266420001
0,0,0.0781734912741958
1,0,0.24895391285477342
0,0,0.07448530104395462
0,0,0.15365535274387948
0,0,0.07989051711979307
0,0,0.10018844456417259
0,0,0.10208012538286876
0,0,0.09921424390565282
0,0,0.0802180548802851
0,0,0.05484436153257885
0,0,0.043197948329535656
1,0,0.19012378679001035
0,0,0.12042515285020518
0,0,0.170017688689196
0,0,0.09221045541310448
0,0,0.42021174444823234
0,0,0.17781563791788657
0,0,0.08473322889382805
0,0,0.3272412354933931
1,0,0.14230214521286752
0,0,0.057874286970881116
0,0,0.18245392849734593
0,0,0.06541032528419911
0,0,0.05092668560388041
0,0,0.05564012893230869
0,0,0.23767016036312702
0,0,0.059246543366858556
0,0,0.11247440939999674
0,0,0.04979977267508648
1,0,0.0798240348702917
0,0,0.08132344223719963
0,0,0.09498045346181642
0,0,0.13638814189802842
0,0,0.06383096484051824
0,0,0.15169742284571816
0,0,0.07120830492003327
0,0,0.17056440030150088
0,0,0.16658413043598685
0,0,0.07177271431581274
0,0,0.05488440212064925
0,0,0.13515965464380134
1,0,0.14174310976461976
0,0,0.08836394545604799
0,0,0.05806031965482101
0,0,0.24032140334244098
1,0,0.09735886244210927
0,0,6.508885605026947e-08
0,0,0.039401084218730266
0,0,0.10156998124492589
1,0,0.05266422889720325
0,0,0.0676792461593043
0,0,0.08886550531770183
0,0,0.06515196197985099
0,0,0.06831684775340159
1,0,0.07043627813969623
0,0,0.1070853729742586
0,0,0.10651930601439587
0,0,0.12044651774319336
0,0,0.13580469892208352
1,0,0.21075050000796838
0,0,0.12992934090920266
0,0,0.06405840422995095
0,0,0.18628193299828524
0,0,0.14009055821886396
0,0,0.10242630703979862
0,0,0.09874801412903132
0,0,0.20075784743398176
0,0,0.13035260415172148
0,0,0.1274026927993699
0,0,0.05826730950121302
0,0,0.09462500634924728
1,0,0.08059486625051705
0,0,0.17187766807406307
0,0,0.12401942492783594
0,0,0.07539303890214044
0,0,0.07139918971220974
0,0,0.023449006207133957
0,0,0.12131137641700805
0,0,0.11415529580210407
0,0,0.1402835278316362
0,0,0.07950657488292437
0,0,0.00017470707363841518
0,0,0.15677095649433453
0,0,0.16280465931685953
0,0,0.12517717072612133
0,0,0.06542996406222568
0,0,0.19497591012259602
0,0,0.24468393788275294
0,0,0.09840781885672172
0,0,0.07982205501171905
0,0,0.16921119125167483
1,0,0.10940968151620303
1,0,0.22162383443394315
0,0,0.10010773341126589
0,0,0.17694224783020054
1,0,0.16508196721284327
0,0,0.18891162124836844
0,0,0.2055733624023906
0,0,0.23953243589076445
0,0,0.1426539101748875
0,0,0.103989212890004
0,0,5.880563279369147e-05
0,0,0.09870879093739993
1,0,0.10980255129526427
0,0,0.1072451773684312
0,0,0.09337704528413436
0,0,0.07517969304400873
0,0,0.03818509041986533
0,0,0.2706503735642031
0,0,0.11977437205634836
0,0,0.1361290580199649
0,0,0.051970738997875694
0,0,0.12414010558792404
0,0,0.12071154075860528
0,0,0.00011219295739615816
0,0,0.2076271776667286
0,0,0.24950778761367481
1,0,0.07584200752039351
0,0,0.0916537201878642
0,0,0.08812398536685889
1,0,0.21586123003359436
0,0,0.09602331773584423
0,0,0.1420003918855246
0,0,0.243691053181404
0,0,0.18810103066520845
1,0,0.07442697574543666
0,0,0.07942620533910624
0,0,0.14943606093051393
0,0,0.22180631453842115
0,0,0.05366995286704605
0,0,0.144091364641366
0,0,0.10064061216730903
0,0,0.22910742955093233
0,0,0.1292094163227912
0,0,0.00018127890396213003
0,0,0.1075654218509964
0,0,0.06430186064757483
0,0,0.04816632627953396
0,0,0.03403718483812647
0,0,0.06550095046439222
0,0,0.19344560541119604
0,0,0.04037091222056906
0,0,0.11066855315934788
0,0,0.09248679721084208
0,0,0.15246181280516
0,0,0.24954583802352953
0,0,0.048163624882961144
0,0,0.22248790612286395
0,0,0.2571436441537758
0,0,0.1207387809950378
0,0,0.0703409418284942
0,0,0.12123597795348359
0,0,0.036505340749391726
0,0,0.08489928804461581
0,0,0.10615162282188854
0,0,0.10109880107894684
0,0,0.12476976726755479
0,0,0.0798592534061784
0,0,0.26837610793976424
0,0,5.5562768913456256e-05
0,0,0.13848793272450916
0,0,0.06353823767781941
1,0,0.0997898430161681
0,0,0.14182481243698664
0,0,0.11050663939488238
0,0,0.00030891219813255577
0,0,0.05902938303454708
1,0,0.09291749732836782
0,0,0.08543548874355972
1,0,0.06400340582538105
0,0,0.13861868454245746
0,0,0.05387349054108625
1,0,0.1263133560396723
0,0,0.10139792380118541
0,0,0.1291683292007774
0,0,0.08974500619719707
0,0,0.2388553412296269
0,0,0.11612799134269577
0,0,0.11330736707530095
0,0,0.12406982732349629
1,0,0.08829533767506159
1,0,0.03828288972072861
0,0,0.051518776706567224
0,0,0.000165011136215042
0,0,0.2282880875103798
0,0,0.06277165044132221
0,0,0.15537766359504623
0,0,0.09746259932302095
0,0,0.0710061272885169
0,0,0.1490197952199465
0,0,0.15250141908396472
0,0,0.2877805661863801
0,0,0.08967187187259999
0,0,0.15211645191133544
0,0,0.08373133233974522
0,0,0.11091212963042323
0,0,0.15844064373542285
1,0,0.13574471493589718
0,0,0.09226206321140311
0,0,0.14174869502172172
1,0,0.12025639243586957
0,0,0.07498665953305443
0,0,0.05993065768145994
0,0,3.0484153534773465e-05
0,0,1.5594660316633735e-05
0,0,0.039655894015501424
0,0,0.11448549063515934
0,0,0.14535817456904496
1,0,0.06908549400997763
0,0,0.12561243110669146
1,0,0.08035978205781184
1,0,0.23672860429208165
0,0,0.255756702280466
0,0,0.12814846279116504
0,0,0.0361153098186801
1,0,0.1120200835869107
0,0,0.1117770456965233
0,0,0.07869497220287246
0,0,0.0488613307791404
1,0,0.05729053745176883
0,0,0.18622709570179782
0,0,0.1910775803232984
0,0,0.16540399237650757
0,0,0.3003255027781205
0,0,0.08411575653336686
0,0,0.05995991415883938
0,0,0.053194512187942425
0,0,0.09879715208025973
0,0,0.11660114723676013
0,0,0.10991301113661696
1,0,0.16328265824797394
0,0,0.04345279468171989
0,0,0.0807058397713206
0,0,0.08582696185940564
0,0,0.15066841514866827
0,0,0.12800443907109824
0,0,0.04983606854147276
0,0,0.06080932532031092
1,0,0.09899318456025072
0,0,0.07340929909360926
0,0,0.1012905681247924
0,0,0.07247244667039461
0,0,0.06343676339473707
0,0,0.04887357887344139
0,0,0.06549830146535968
0,0,0.08998600630888355
0,0,0.06398185645009824
0,0,0.08082034422422063
0,0,0.1054907963809139
0,0,0.024591622600229006
0,0,0.08090971235666744
1,0,0.08041894733833704
0,0,0.10531508868609195
0,1,0.520393566927118
0,0,0.07807377788900605
0,0,0.18104689428616375
0,0,0.12164287106639304
0,0,0.09499408307431581
1,0,0.29089736359398766
1,0,0.1791587746118499
0,0,0.1086477648109438
0,0,0.11113407647402478
0,0,0.06771911789758508
1,0,0.07382184073825508
1,0,0.10757097989343505
0,0,0.15799824453912314
0,0,0.040175246698069635
0,0,0.017257049367903173
0,0,0.10751148475891698
1,0,0.14923192418811362
0,0,0.12253744783023561
0,0,0.04899641603522337
0,0,0.07027340568679928
0,0,0.17257814566338653
0,0,0.3562133813087812
0,0,0.07966312656236775
0,0,0.08059914898080495
0,0,0.0831697074930934
0,0,0.06229910948599637
0,0,0.17833684132153782
0,0,0.1382037243487882
0,0,0.06797675256256615
0,0,0.4779818963089418
0,0,0.12036736561636042
0,0,0.0684736131986803
0,0,0.13274156354801434
0,0,0.11808738330307972
0,0,0.04830721248992376
1,0,0.14553548484762283
0,0,0.2632909299525798
0,0,0.04211305217445507
0,0,0.113376703902091
1,0,0.20658168009478542
0,0,0.04990311052489274
0,0,0.1656596253936748
0,0,0.31699223193631015
0,0,6.398186018331563e-05
0,0,0.084556119722888
0,0,0.07075462701262711
1,0,0.10903348682229744
0,0,0.10028013860841734
0,0,7.74794065680037e-05
0,0,0.07310765079374844
0,0,0.04086383374370232
0,0,0.09779854237899122
0,0,0.13574573420105485
0,0,0.028259289364357957
0,0,0.11181943865937899
0,0,0.1147431303237063
1,0,0.15879383607850253
0,0,0.14103285020836703
0,0,0.0687517999167787
0,0,0.039141800319815886
0,0,0.12164427629223813
0,0,0.11158548616452643
0,0,0.09472324335634189
0,0,0.08909746530983895
1,0,0.17438322182968163
0,0,0.09239145557106163
0,0,0.059994128331633624
0,0,0.26438133053063717
0,0,0.19440376799152198
0,0,0.05673614012264018
0,0,0.1354295521450108
0,0,0.10440240152639231
0,0,0.08380938145315622
0,0,0.06863641793545883
0,0,0.05738162991246732
0,0,0.08670003033790977
0,0,0.08820430247338275
1,0,0.034664435851156014
0,0,0.054779933797460253
1,0,0.1337681480437331
0,0,0.09037042391799864
0,0,0.2580874858720634
0,0,0.11358510415242146
0,0,0.00012451587590412536
1,0,0.1828487075407239
0,0,0.1307561423793973
0,0,0.08734350973379386
0,0,0.09234277184917448
0,0,0.07682025623646861
0,0,0.04643439485412256
1,0,0.17551283854664101
1,0,0.17542357038916132
0,0,0.12151048773570741
0,0,0.08098267197651779
0,0,0.03582006299759004
1,0,0.16245030903781976
0,0,0.08242042297716218
0,0,0.10763914653957622
0,0,0.08514087507958261
0,0,0.15725833229708283
0,0,0.052327247491737186
0,0,0.06756825108561175
0,0,0.1032488175689118
0,0,0.09868453538187397
0,0,0.14340302297168372
0,0,0.06564899134099439
0,0,0.11500344596157848
0,0,0.07918153669087394
0,0,0.1093278722046519
0,0,0.1442415667413992
0,0,0.10051484225380054
0,0,0.04789290849878976
0,0,0.07982754210274495
0,0,0.16744413294893332
0,0,0.23620811059389282
0,0,0.18535602575507482
1,0,0.4286572403862627
0,0,8.824486079920113e-07
0,0,0.13630679265330126
0,0,1.5520250169134357e-05
0,0,0.19123060238166145
0,0,0.045024340940172755
0,0,0.10581118649616664
0,0,0.10432016658710873
0,0,0.19777511786923846
0,0,0.36545845924576836
0,0,0.12003146773023077
1,0,0.08821117485937881
0,0,0.10154000330562792
0,0,0.055874156061531025
0,0,0.08744936895709815
0,0,0.1807693769475385
0,0,0.1291341097406271
0,0,0.1096921157615293
0,0,0.08782338956717553
0,0,0.02019251774687012
0,0,0.021271586703772105
0,0,0.07996819616514737
0,0,7.859336186971963e-05
0,0,0.07927394889241676
0,0,0.06608793419166265
0,0,0.08086795338740427
0,0,0.09712876443533192
0,0,0.07615821855061797
0,0,0.10859149647668735
1,0,0.133054029198822
0,0,0.11744810639995193
0,0,0.071790321085528
0,0,0.38436101552865004
0,0,0.15718689391369572
0,0,0.05678743286261205
0,0,0.12159395952858348
0,0,0.06942999307205892
0,0,0.13410866823057274
0,0,0.12476493707035387
0,0,0.10426535019691105
0,0,0.11300199312960184
0,0,0.08129935522025494
1,0,0.0147500479423952
0,0,0.13150330045594097
0,0,0.07294879566698902
0,0,0.12627361379480287
0,0,0.08368348772674779
1,0,0.16517820408889902
0,0,0.12279960879325638
1,0,0.19729716530531183
1,0,0.13391110227849834
0,0,0.050343629728288486
0,0,0.05293120209094674
0,0,0.0625323653505992
0,0,0.13090677805415257
0,0,0.0629858822776455
0,0,0.12901342263949137
0,0,0.09913260986076984
0,0,0.10485347122244382
0,0,0.10526703332536405
0,0,0.12368798376303161
0,0,0.16779494571123363
0,0,0.15883501060582894
0,0,0.08730128925062124
0,0,0.003851168956848485
0,0,0.15383190998634427
0,0,0.07271951066275884
0,0,0.10756697968733314
0,0,0.18618745075632678
0,0,0.0666336407658312
0,1,0.6325792137760691
1,0,2.7527646815896775e-05
0,0,0.3036713963381335
0,0,0.1393742088373956
0,0,0.07360487499817199
0,0,0.07822798132789319
0,0,0.0981374073687675
0,0,0.11928744775027147
1,0,0.32412482473531856
0,0,0.1861926123581893
0,0,0.0716104471870062
0,0,0.07488473066198068
0,0,0.050606245911802274
1,0,0.04737588392523919
0,0,0.05680740953354779
0,0,0.08696774866973699
0,0,0.11084015870854265
0,0,0.0628461552671721
0,0,0.10698146462626512
0,0,0.3052922861850698
0,0,0.06004380518866945
0,0,0.1757069654413966
0,0,0.13881165986887245
0,0,0.14518875344799198
0,0,0.0988291685208943
0,0,0.07510619405245333
0,0,0.18466887720466332
1,0,0.08417612507583802
0,0,0.07925355417076708
0,0,0.058445378135441824
0,0,0.15989675437637715
0,0,0.1598565782135539
0,0,0.06990472613717531
0,0,0.06852832411315087
1,0,0.11745688189036504
0,0,0.06673124993479695
0,0,0.08283081143136956
0,0,0.1647161911774347
0,0,0.08995581900855702
0,0,0.19406481976966988
0,0,0.05854485440622922
0,0,0.07625922038693551
0,0,0.06575351439743946
0,0,0.12266680228256682
1,0,0.09883620573722215
0,0,0.1134426991347235
0,0,0.06421089087168573
0,0,0.10536094061237095
0,0,0.15568361151055612
0,0,0.12681364706210652
0,1,0.6061491371375498
0,0,0.057833117164290807
1,0,0.12105135927169304
0,0,0.07869315248956014
0,0,0.10256315748552831
0,0,0.15866936911161994
0,0,0.0947252605815293
0,0,0.2390063932877902
1,0,0.09859598398122336
0,0,0.16597272167720364
0,0,0.12547548393446695
0,0,0.08467527549176637
0,0,0.06988047174699646
0,0,0.06952535430485256
0,0,0.09110656123149942
0,0,0.10371047836311034
0,0,0.11925270181813336
1,0,0.08620451714488837
0,0,0.06796889005704645
0,0,0.06544194233489722
0,0,0.05258352306105382
0,0,0.0831948589922299
0,0,0.0715160185917971
0,0,0.05600805821269737
0,0,0.10730712832276637
0,0,0.19435422463618127
0,0,0.07461769690704537
0,0,0.15999924156136494
0,0,0.1105776695012128
0,0,0.00010405052007756044
1,0,0.08903680011542009
0,0,0.10517274333034461
0,0,0.07056509422934258
0,0,0.04094103965411399
0,0,0.07874209764836042
1,0,0.08684078911581987
0,0,0.18480183836745304
0,0,0.08795702480838272
0,0,0.10100787464311238
0,0,0.06061085381423134
0,0,0.07710997892748102
0,0,0.08148892294240066
0,0,0.049140737008967365
0,0,0.13801272826740144
0,0,0.07273307230659931
0,0,0.03554670135043675
0,0,0.09909941917291791
0,0,0.07059519019956427
0,0,0.03936061228975546
0,0,0.050181341230151104
0,0,0.10996476396374201
0,0,0.12811752308131066
0,0,0.13245093246074438
0,0,0.05565149809756397
0,0,0.16986141144083913
0,0,0.05465833986144544
0,0,0.14051954758110707
0,0,0.09316218889311237
0,0,0.08979242976501717
0,0,0.09963041979185283
0,0,0.1246914476231716
0,0,0.10745720624162197
0,0,0.047450860509721304
0,0,0.00037854652887857473
0,0,0.10989127655621407
0,0,0.08952291442650741
1,0,0.4083723979266134
0,0,0.1275705263181358
1,0,0.32512455875156404
0,0,0.3806218069662476
0,0,0.09400856383182384
0,0,0.12680910616413452
0,0,0.12628087970316734
0,0,0.06845918362788132
1,0,0.0993818046405601
0,0,0.1092249656620572
0,0,0.048444359911921156
0,0,0.07929271480019168
0,0,0.05562032791084676
0,0,0.0985007092481338
0,0,0.14569987543362603
0,0,0.08383464262842578
0,0,0.0910112316441448
0,0,0.09096110735840528
0,0,0.046002031525396364
0,0,0.09657477027018219
0,0,0.07117788516749543
0,0,0.12318083394799627
0,0,0.054451584215577366
0,0,0.1118397924278564
0,0,0.09058589281550222
0,0,0.0022033577954769542
0,0,0.07924099382004457
0,0,0.12871219997910385
1,0,0.10299197618763928
0,0,0.10079449810776632
0,0,0.09816765942071307
0,0,0.1683320855984979
0,0,0.09979134498053588
0,0,0.08330323099575986
1,0,0.29425979701342764
0,0,0.28579433158653783
0,0,0.04752904662196301
1,0,0.28793746831452083
0,0,0.06614596143665097
0,0,0.10134374931633673
0,0,0.1274336838648392
0,0,0.07717967837373149
0,0,0.10125653210708792
0,0,9.257684087693601e-05
0,0,0.10385603499552802
0,0,0.03296574781406379
0,0,0.0401000533413497
1,0,0.03127737591876795
0,0,0.06128965700740807
0,0,0.012138345513312842
0,0,0.14249134726275997
0,0,0.09903201698041825
0,0,0.09988785449091295
0,0,0.030693278402245644
0,0,0.1258011385506298
0,0,0.04315899040166581
0,0,0.08724836315668635
0,0,0.09622201775171509
0,0,0.11705538644032226
0,0,0.17539456244169457
0,0,0.2123439710230754
0,0,0.1416304327676962
0,0,0.09587034360900787
0,0,0.09350208416970361
0,0,0.0728675884611277
1,0,0.11143103207348021
0,0,0.13656512083302488
0,0,0.09548946908810468
0,0,0.058552706328702235
0,0,0.06782690326763469
0,0,0.10614333356880985
0,0,0.14518120457367575
0,0,0.14655245772282585
0,0,0.10201831731412765
0,0,0.10691679439919291
0,0,0.023347259309158597
0,0,0.0838706773454467
0,0,0.25015208989886567
0,0,0.08206611873342867
0,0,0.13278686495070488
0,0,0.11028695016961775
0,0,0.049219087369320555
0,0,0.06053451603736253
0,0,0.12961359821306057
0,0,0.16571590340951464
0,0,0.14682791400254078
0,0,0.08304121481479929
0,0,0.03641223837518559
0,0,0.09091473260116352
0,0,0.17612237789349067
0,0,5.5451260701710526e-05
0,0,0.047027236855827576
0,0,0.061175463897047935
0,0,0.06367878162256732
0,0,0.08874718789216679
0,0,0.05812385975885202
0,0,0.1577212572476991
0,0,0.08982475705960473
0,0,0.11313197950553948
0,0,0.0001021892100322579
1,0,0.1265420955649324
0,0,0.054623461294645737
0,0,0.1264090617689765
0,0,0.08748960186405506
0,0,0.06671621222360212
0,0,0.14575365041914093
0,0,0.1336180289560886
0,0,0.07394713690252898
0,0,0.09648364912775784
1,0,0.34141355080097646
0,0,0.09725984887865832
1,0,0.1170915422426698
0,0,0.08411341023564282
0,0,0.10469248342596336
0,0,0.07637989645766756
0,0,0.0002625252146776124
0,0,0.09474915851407541
0,0,0.17517927445123618
0,0,0.1299154275285025
0,0,0.07938248742236047
0,0,0.04216228790070853
0,0,0.08497974054546882
0,0,0.06999125036110505
0,0,0.09913919253951785
0,0,0.237254903507974
0,0,0.058810110062248164
0,0,0.00035347758429277106
1,0,0.10331551002437503
1,0,0.17103827949240522
0,0,0.2781499955427267
1,0,0.0963310927205539
0,0,0.12891642721474067
0,0,4.49546533184227e-05
0,0,0.1028629157766204
0,0,0.1233702118057379
0,0,0.17288265753726
0,0,0.0703164924317102
0,0,0.10487700891197906
0,0,0.12288112293117986
0,0,0.12584420277420902
0,0,0.15839742303857443
0,0,0.05247592577940957
0,0,0.07321790617759415
0,0,0.06095085937790804
0,0,0.09593809526751394
0,0,0.259318184887335
0,0,0.03402918188811483
0,0,0.31351337265487833
0,0,0.11259786486306554
1,0,0.1472043944206936
0,0,0.13590177996309313
0,0,0.10974282158430562
0,0,0.06503790553542899
0,0,0.11269428690238444
0,0,0.1264021325493899
0,0,0.044314570524949574
0,0,0.07351788979187975
0,0,0.19767405468872715
0,0,0.06907036206091546
1,0,0.1499446981684229
1,0,0.06534369885034909
1,0,0.24976000408190327
0,0,0.19668210052987692
1,0,0.12656766645426318
0,0,0.09132039728379557
0,0,0.061635533820555435
0,0,0.23141266795334706
0,0,0.1852874020327292
0,0,0.08648091792373605
0,0,0.11832890086631027
0,0,0.17130761320221852
0,0,3.188807341766662e-05
1,0,0.4066405505220832
0,0,0.13405481284868248
0,0,0.08850653615285636
0,0,0.08696689137140931
0,0,0.03431624887112758
0,0,0.15498357168384522
0,0,0.11240667976142604
0,0,0.000506481868774849
0,0,0.10805738831749648
0,0,0.16384341903507443
0,0,0.00013805585331773095
0,0,0.048694539316160766
0,0,6.647041104442729e-05
0,0,0.08837105296576202
0,0,0.11675318083950519
0,0,0.23938622353607308
0,0,0.2719332057810145
0,0,0.04721322005292285
0,0,0.06086234085320061
0,0,0.07240842439779713
0,0,0.05752065252951883
0,0,0.04776813550885217
0,0,0.15579826730332394
0,0,0.09426082464220921
0,0,0.008083199226230613
0,0,0.08439351373218433
0,0,0.07606282154540886
0,0,0.17082427863631702
0,0,0.2936649012379294
0,0,0.11617378441420084
0,0,0.0838960030783938
0,0,0.07818016781827286
0,0,0.11267639508633001
0,0,0.10570880670147471
0,0,0.07199935018512486
0,0,0.12228548134799182
0,0,0.07837019678316988
1,0,0.18962509860706148
0,0,0.17202864129591547
0,0,0.08450351097669469
0,0,0.08237311402935583
1,0,0.06967398591605624
0,0,0.09753414811381679
0,0,0.06545189914713671
0,0,0.10875233853612792
0,0,0.08128057624755274
0,0,0.017805808826951396
0,0,0.14278418695402884
0,0,0.0558598730397599
0,0,0.10773777919255817
0,0,0.051833078366076125
0,0,0.0314434059017159
0,0,0.13633637973333024
0,0,0.08639731642906613
0,0,0.10647122677742143
0,0,0.0759165000347534
0,0,0.18247158281493575
0,0,0.05550810736387641
0,0,0.06587866278018804
0,0,0.10792042107214155
0,0,0.04018596586161929
0,0,0.08330973347646559
0,0,0.07368239889527768
0,0,0.06233080917388172
0,0,0.3477414054696979
0,0,5.930031508979039e-07
0,0,0.07872380851071287
1,0,0.043466649118477564
0,0,0.13793149769938368
0,0,0.13224003137727078
0,0,0.030055976870431374
0,0,0.10218951355022536
0,0,6.573115013811547e-05
0,0,0.07823559226853481
0,0,0.00010581730428852621
0,0,0.15806852590161402
0,0,0.00015192487029040463
0,0,0.06979317038224896
0,0,0.055465224202215974
0,1,0.5991113490896502
0,0,0.22530485212905396
0,0,0.10796780839179046
0,0,0.07503818349092355
1,0,0.08756889385927087
0,0,0.04730380428973683
0,0,0.06887058702695126
1,0,0.06290915961839602
0,0,0.03627678273568379
1,0,0.09116673990430485
0,0,0.20766957844904957
0,0,0.12226394445993359
0,0,0.06026548323607317
0,0,4.968393984664181e-05
0,0,0.03499866347010926
0,0,0.19932153637194452
0,0,0.4507730666383218
0,0,0.08598613983813151
1,0,0.10323798358893486
0,0,0.10348702969746731
0,0,0.021807727476299027
0,0,0.08533384468368042
0,0,0.06484610961107275
0,0,0.07111925473181716
0,0,0.11955158635476942
0,0,0.10236539617290655
0,0,0.07083060788906376
0,0,0.1394909674682583
0,0,0.15164732074443285
0,0,7.70619696193806e-05
0,0,0.17599091751266746
0,0,0.08846340795116209
1,0,0.08208737208766965
0,0,0.052535426309321384
0,0,0.041398814857191824
0,0,0.0925945884165467
0,0,0.05468011150771485
0,0,0.08511039557372792
0,0,0.08669286795969564
0,0,0.04597433920209578
0,0,0.11894125128029787
0,0,0.00016693006083654848
1,0,0.17144494399417592
0,0,0.09791455409811162
0,0,0.04945210220504522
0,0,0.14504959752180102
0,0,0.07871075282017684
0,0,0.12854515568135738
1,0,0.13837335893682404
0,0,0.0915872320505487
0,0,3.075823517450434e-05
0,0,0.1456848664990125
0,0,0.1889933909432185
0,0,0.07522262678642189
0,0,4.5933329563075976e-05
0,0,0.1150324868987553
0,0,0.20998328822513104
0,0,0.10132638290411834
0,0,0.0785869654581946
0,0,0.05180423562802461
1,0,0.08406024640782214
0,0,0.18650158849996812
0,0,0.15221355031868405
0,0,0.1271539960307825
0,0,0.12149091705532442
0,0,0.07019278625586314
0,0,0.06744505570060416
0,0,0.2018451394193484
0,0,0.08436756359493554
0,0,0.06885347580773245
0,0,0.04342542557033926
0,0,0.08009233985796779
0,0,0.1244642463692619
0,0,0.06782551167031635
0,0,0.00011638132127944795
0,0,0.15239761675761085
1,0,0.20723883446367952
0,0,0.1325265514496744
0,0,0.09670537552171221
0,0,0.11486196044377645
1,0,0.1602948331887035
1,0,0.15050806181063928
0,0,0.10892429815319571
0,0,0.12020923737385031
0,0,0.05552793881418973
0,0,0.0918219274186469
0,0,0.09939930423204194
0,0,0.13755859571989193
0,0,0.11982329587853911
0,0,0.4952087125459554
1,0,0.17612846582105415
0,0,0.047472359697788374
0,0,0.12533411963734115
0,0,0.20125999257189248
0,0,0.05496873958802283
0,0,0.056910128740355385
0,0,0.13062081057042008
0,0,0.1002025109034611
0,0,0.11622317984438946
0,0,0.16445059296679732
0,0,0.13291419808086544
0,0,0.12380526704688531
0,0,0.04926373302495852
0,0,0.10109644746630142
0,0,0.09558098805973801
0,0,0.06719729458401498
1,0,0.07829812458273788
0,0,0.12149234069658647
1,0,0.11548751566544531
0,0,0.1568338641473213
0,0,0.1224532474294771
0,0,0.08599821982947452
1,0,0.13375863625882067
0,0,0.07615514056081642
0,0,0.08941787700033853
0,0,0.09762097799719939
0,0,0.06434345164664272
0,0,0.12989386064337308
1,0,0.09416674134303783
0,0,0.055610525465765226
0,0,0.07925499752435367
0,0,0.05813874478096424
0,0,0.1250293016647547
0,0,0.1377324675485996
0,0,0.10121906415750158
0,0,0.08135444210515279
0,0,0.11990980531958843
0,0,0.001340996228542577
0,0,0.04629083789147561
0,0,0.04363245089207405
0,0,0.13363466166735313
0,0,0.08992570150038097
0,0,0.10219945888076035
1,0,0.12985647102673362
0,0,0.08242882280770583
0,0,0.19240255834152387
0,0,4.37196493521015e-05
0,0,0.09865610564673684
0,0,0.03661210426583994
0,0,0.3446792437413873
1,0,0.056671796010517216
0,0,0.2010968705349237
0,0,0.14705219107968018
0,0,0.14476727503451972
0,0,0.1451937706014966
0,0,0.11283903425896746
0,0,0.1785377069776476
0,0,0.08007685592009658
0,0,0.13915916998439004
0,0,0.0006037713265560538
0,0,0.0001415232103648831
0,0,0.10067015078317194
0,0,0.11430064284408688
0,0,0.1743501258034935
0,0,0.1959040860836059
0,0,0.08989648731739525
0,0,0.11951265503498289
0,0,0.06797139881418823
0,0,0.1503346358271974
1,0,0.06339348222812766
0,0,0.029737607976183102
0,0,0.07006384882149054
0,0,0.06030887710123407
0,0,0.07047742612793613
0,0,0.0853512578500321
0,0,0.11902270221519436
0,0,0.08593892576521858
0,0,0.0923500165935533
0,0,0.1088635283760906
0,0,0.1549090877586287
0,0,0.08975464890726695
0,0,2.0518741900505693e-05
0,0,0.11935177452770292
0,0,0.038505174377039215
0,0,0.09828706200957112
0,0,0.11209878427172996
0,0,0.07825281310830809
0,0,0.06967124473182922
1,0,0.20653023650164837
0,0,0.19506412223136063
0,0,0.07583128979627443
0,0,0.02188696119269588
0,0,0.1330371495548291
1,0,0.13102913153458626
0,0,0.0545761300201694
0,0,0.07489372236589907
0,0,0.09574191016375419
0,0,0.0729949858129841
0,0,0.09540904591301863
0,0,0.20777805940774075
0,0,0.04828769097356202
0,0,0.09414394896395872
0,0,0.16521849420831644
0,0,0.08162132020723997
0,0,0.055614838271151934
0,0,0.2903934221976526
0,0,0.1417543216276841
0,0,0.13009104295141574
0,0,0.30846181565787445
0,0,0.27426290895371586
0,0,0.0997237671058226
0,0,0.07573020715098913
0,0,0.10970112470560056
1,0,0.28080440651535243
0,0,0.24818815576922915
0,0,0.11548986130887971
0,0,0.05571766376337073
0,0,0.0855188072060229
0,0,0.09971891798887389
0,0,0.08310170821236394
0,0,0.11801990829703216
0,0,0.1227036147251857
0,0,0.12595423522298743
0,0,0.14979265972507552
0,0,0.1483123024981341
0,0,0.07658145109591429
0,0,0.07780893782392033
0,0,0.14707194716401273
0,0,0.10247833885859099
0,0,0.1701994721755192
0,0,0.1395653607680163
0,0,0.0460150882908468
0,0,0.06354818712926144
0,0,0.09654888446110559
0,0,0.10737414193510265
0,0,0.08871594915913034
0,0,0.06793187609407522
0,0,0.06504648573804128
0,0,0.13742389122823687
0,0,0.13198753034908328
0,0,0.14161090455999428
1,0,0.21237866814737397
0,0,0.0792140860783295
0,0,0.09418071267645202
0,0,0.05198613508117867
0,0,0.08043181552368145
0,0,0.11200419913149948
0,0,0.11188911197308488
0,0,0.16085745205554886
0,0,0.07224995599882661
0,0,0.07610758599785777
0,0,0.144232439138009
0,0,0.07183706073360921
0,0,0.05087982241820973
0,0,0.06074257311169578
0,0,0.20856816984935142
0,0,0.15741371855637964
1,0,0.13752884522957098
0,0,5.553130027046222e-05
0,0,0.2161081982833843
0,0,0.09253730459894553
0,0,0.03306992166809739
0,0,0.06256084172617639
1,0,0.15909938674882904
1,0,0.1699215827740237
0,0,0.12408843418909335
0,0,0.12788935729681003
0,0,0.08430335128734125
0,0,0.03326993987808156
0,0,0.07225539622258476
1,0,0.10670545061634944
0,0,0.10001573698195394
0,0,0.10261689055609585
0,0,0.08949957630579564
0,0,0.10741998700339729
0,0,0.05682823311631145
0,0,0.10485033523605691
0,0,0.3081612325105009
0,0,0.10139149388326332
0,0,0.18861507314368328
0,0,0.16346034388561617
0,0,0.08732797402185843
0,0,0.06336624576318178
0,0,0.05035234880461633
0,0,0.05762793491551069
0,0,0.0728807189172062
0,0,0.08683253194751726
0,0,0.3443168648426878
0,0,3.938663313500408e-05
0,0,0.06392143872078837
0,0,0.1250452388194106
0,0,0.10535995517449089
0,0,0.4132819333070087
1,0,0.0759249340079627
0,0,0.12856269607712562
0,0,0.29740723647548156
0,0,0.10660618865185777
0,0,0.06512940362847061
1,0,0.14792761579844912
0,0,0.12562596601017914
0,0,2.302840551373616e-07
1,0,0.12614210424611638
0,0,0.2488008513028695
0,0,0.09240955339609996
0,0,0.09543000517217293
0,0,0.12086115727792396
0,0,0.07511067215075931
0,0,0.14846112217837718
0,0,8.42442378654773e-05
0,0,0.41051157620043105
0,0,0.0704318584425566
0,0,0.06607622492364396
0,0,0.08035435590811696
0,0,0.1326184405983314
0,0,0.14989255014220387
0,0,0.021967601505347937
0,0,0.06482135549795273
0,0,0.08860591264171543
0,0,0.07380971398534618
0,0,0.12426673178494467
0,0,0.15708524982381653
0,0,0.1373542919817954
1,0,0.11682725705920671
0,0,0.07948253052993398
0,0,0.1496267142769148
0,0,0.2698140561315281
0,0,0.1312019239526755
1,0,0.17665621141089047
0,0,0.09167340004180964
0,0,0.0692985597983049
0,0,0.10965953458379181
0,0,0.08959710087983042
1,0,0.10301954175086055
0,0,0.05623317234910461
0,0,0.11986401471357427
0,0,0.07841748998243069
0,0,0.06684525990003529
0,0,0.0983536448664569
0,0,0.07242437502548751
0,0,0.10801592206476225
0,0,0.13148681437257975
0,0,0.04464432476518344
0,0,0.05847191137196851
0,0,0.13431967980675846
0,0,0.11679445140307801
0,0,0.06765027858528083
0,0,0.05971085396265562
0,0,0.3533602111294498
0,0,0.07837044334513192
1,0,0.22473084555189185
0,0,0.21674348006132024
0,0,0.09570840784518829
0,0,0.07505235029283491
0,0,0.19212429394430194
0,0,0.0784721661093745
0,0,0.3763526842318526
0,0,0.09599706737507938
0,0,0.05473039245868905
0,0,0.08509555814706976
0,0,0.10131954465196497
0,0,0.08872575917250813
0,0,0.07270594127147466
1,1,0.5494776074554342
0,0,0.20176945462058166
0,0,0.11981573228454137
0,0,0.10737827561669286
0,0,0.23707939651661333
0,0,0.07249536960291138
0,0,0.17260432678015686
0,0,0.2816094424425953
0,0,0.07393504642378564
0,0,0.10939610406944096
0,0,0.13548657335068495
0,0,0.16184534774048534
0,0,0.16196853178486062
0,0,0.14141169591618977
0,0,0.07961438629222305
0,0,0.10582076474349951
0,0,0.15456192684221126
0,0,0.12313083566595263
0,0,0.27275705322707383
0,0,0.016109246034936978
0,0,0.027131605970851052
0,0,0.02814788011371205
1,0,0.08564097287264269
0,0,0.1280832172597168
0,0,0.04912735034601054
0,0,0.0002395932586275384
0,0,0.07895167360094743
0,0,0.18755835833488002
0,0,0.1277896196161121
0,0,0.05098500188778075
0,1,0.5713778693232017
0,0,7.035485559771193e-05
0,0,0.09206999399861816
0,0,0.13511704078092693
0,0,0.08505847922798011
0,0,0.13044896037176934
0,0,0.1012226486125892
0,0,0.07717589114953831
1,0,0.11266551444564751
1,0,0.43775521924934413
0,0,0.07854843583924581
0,0,0.1235079006304639
0,0,0.05298127931760544
0,0,0.05290281536348826
0,0,0.1298283565069128
0,0,0.20388770830722988
0,0,0.2278722382084427
0,0,0.10244370803777707
0,0,0.044904889697613956
0,0,0.08049197076425563
0,0,0.07993716939561522
0,0,0.08372177238265036
0,0,0.12328615009955135
0,0,0.23919425345855158
0,0,0.11550755151347555
0,0,0.095362496033053
0,0,0.1183960661581066
0,0,0.12646288667400596
0,0,0.19634558353764092
0,0,0.043106836325787524
0,0,0.1371902906318308
0,0,0.03250425887237055
0,0,0.03784921069676199
0,0,1.962739161540698e-05
1,1,0.5044250231327285
0,0,0.06646354880588164
1,0,0.30138338700211986
0,0,0.051121173837717485
0,0,0.060226501390931886
0,0,0.1265223418648642
0,0,0.18887389376028146
0,0,0.20290628136436037
1,0,0.09121992391782753
0,0,0.10624724196805085
0,0,0.09003156371313527
0,0,0.0489529385495393
0,0,0.08671255182826909
0,0,0.3098547184875224
0,0,0.23622719463555905
0,0,0.18422215631582542
0,0,0.21100627407418057
0,0,0.0006417346213488735
0,1,0.6720399338332614
0,0,0.03947516922925091
0,0,0.10847907204661142
0,0,0.21684180740532577
1,0,0.13776355050421993
0,0,0.07587707404986634
0,0,0.10340708317691315
0,0,0.07483562742436667
0,0,0.05748485869942614
0,0,0.08012269757597867
0,0,0.06423896978885846
0,0,0.07465148436270987
0,0,0.07615935843567312
0,0,0.08511841490667534
1,0,0.09835070655110266
0,0,0.05314802773138564
0,0,0.17631631297733769
1,0,0.08528790992875601
0,0,0.16294426831061376
0,0,0.17627771328383535
1,0,0.1279100621301778
0,0,0.04685489999653428
0,0,0.13630873799406357
0,0,0.10937049297334804
0,0,7.938297966090821e-08
0,0,0.08310476858288476
0,0,0.10978279172062899
0,0,0.053067344339849984
0,0,0.025989645726299408
0,0,0.19021291333657392
0,0,0.1685983259580061
0,0,0.22349359892793097
0,0,0.11012001876500996
0,0,0.15358870658848942
0,0,0.07019008065766956
0,0,0.08128536713410603
1,0,0.1447845374180856
0,0,0.25544998948702163
0,0,0.10379831699613769
0,0,0.029133777299944413
0,0,0.07226669986626465
1,0,0.04749405876358632
0,0,0.09620275573401851
0,0,0.10792248196774036
0,0,0.11382798940393067
0,0,0.08827294202783457
0,0,0.10401228875000723
0,0,0.10644147107333209
0,0,0.0873208996388867
0,0,0.1016195214037867
0,0,0.1095613595369018
0,0,6.628381686336782e-07
0,0,0.09901999510397694
0,0,0.10476466320342118
0,0,0.13040278525162682
0,0,0.07807756256003928
0,0,0.09873403985611752
0,0,0.050658587386164494
1,0,0.1293750766488242
0,0,0.1912379108055699
0,0,0.14461428455552747
0,0,0.05593487620871726
0,0,4.355448752027165e-05
0,0,0.09559279990178275
0,0,0.07560065648508087
0,0,0.1272286746784888
0,0,0.00032277699489541853
0,0,0.08517862883256108
0,0,0.04646470484709972
0,0,0.14568247299391357
0,0,0.10372709003166737
0,0,0.044090851662088024
0,0,0.05177583425808053
0,0,0.09670741438048837
0,0,0.13684579045825282
0,0,0.1672951778817174
1,0,0.23755378808096
0,0,0.16869575718431537
1,0,0.06753702704742058
0,0,0.07644813324237039
0,0,0.07685454924785083
0,0,0.0686582888789169
0,0,0.0825700693510604
0,0,0.1725286947830799
0,0,0.09142894156451627
0,0,0.07320634985595773
0,0,8.949943021405076e-05
0,0,0.10257701397147409
0,0,0.0529915749191136
0,0,0.07519458533692802
0,0,0.05643007165355545
0,0,0.030820279883810194
0,0,0.058145663776530625
1,0,0.02360342671344312
1,0,0.08047497061397407
1,1,0.5418377875993845
1,0,0.1871532574102993
0,0,0.08848531340927093
0,0,1.0900504470181146e-05
0,0,0.0256759424416865
1,0,0.19549721860523928
0,0,0.112641499261245
0,0,0.04353293260219077
0,0,0.030861868736531017
0,0,0.00011051078704788122
1,0,0.08162763809846399
0,0,0.17243854672193779
1,1,0.6174232183707009
1,0,0.047571180346857304
0,0,0.095978732977218
0,0,0.2689861680181391
1,0,0.18812650905151396
0,0,0.10242946061523045
0,1,0.5270046280721451
0,0,0.034614219743106744
0,0,0.10492680710607609
0,0,0.11507590172120118
0,0,0.10539671039946626
0,0,0.15174623140860405
0,0,0.08204528812088269
0,0,0.11441479425478789
0,0,0.05887094175350735
0,0,0.10616708961809501
0,0,0.07963650182811302
0,0,0.12175849861759017
0,0,0.09670930934443052
0,0,0.09930856665672724
0,0,0.0987968628444658
0,0,0.1481526270764671
0,0,0.1025030076291467
0,0,0.17515643044120438
0,0,0.10619901432849474
0,0,0.1269322469888189
0,0,0.1148935575035787
0,0,0.1419145725269534
0,0,0.09475285672739253
0,0,0.07668129918928696
0,0,0.0756754758709102
0,0,0.09371517198969473
0,0,0.12472179645655866
0,0,0.06668526416312764
0,0,0.1363037787910054
0,0,0.0834250007693846
0,0,0.0701058673738984
0,0,0.06869071717226681
0,0,0.05816985208926761
0,0,0.044856226287679116
0,0,0.07729034763225459
0,0,0.12227867082105166
0,0,0.04499875013679207
0,0,0.11152243217197186
0,0,0.09557827761506604
0,0,0.0586793038397418
0,0,0.09063455492340172
0,0,0.0949311967272602
0,0,0.04692132164721759
1,0,0.13514684819391953
0,0,0.13262520521524654
0,0,0.17689303331490006
0,0,0.015220280574999112
0,0,0.052032072884334084
0,0,0.08430172088849364
0,0,0.07115871584955284
0,0,0.08761641480150013
1,0,0.0002902177819994347
0,0,0.14796706257173656
0,0,0.16587159994275505
0,0,0.1784235639568425
0,0,0.1316464176359864
0,0,0.07584718767851822
0,0,9.858483270378312e-08
0,0,0.12169246750864048
0,0,0.08452611384969921
0,0,0.09640947101367857
0,0,0.1802290665519756
1,0,0.08210556077796513
0,0,0.17136916335094207
0,0,0.07096320522853058
0,0,0.10001493463737017
0,0,0.13600011953432678
0,0,0.05296173129414312
0,0,0.00010107134050721301
0,0,0.059737510472575105
0,0,0.07566501426819655
1,0,0.15711717011243612
0,0,0.019383153347184073
0,0,0.07040847126414089
0,0,0.11822088318346527
0,0,0.1526675889645363
0,0,0.10730592462558128
1,0,0.00014632398713768457
0,0,0.000208069452834759
0,0,0.036003279381328634
0,0,0.0955586103616441
0,0,0.07318088207499658
0,0,0.016863722075982628
0,0,0.07430359310314143
0,0,0.14721410228652554
0,0,0.1552458806060753
1,0,0.1977889105070241
0,0,0.08214236814893336
0,0,0.08805670559983919
0,0,0.0968057447235625
0,0,0.12100352844812827
0,0,0.24865973087686336
0,0,0.18886699092872014
0,0,0.06537107913993637
0,0,0.07064848524071354
0,0,0.00016779945984916712
0,0,0.07171625584205729
0,0,0.07192247018484622
0,0,0.08095985103485043
0,0,0.08295556215901659
0,0,0.2057184400123836
0,0,0.09769968895202903
0,0,0.18610868339357733
0,0,0.11347943352277569
0,1,0.5771409041938271
0,0,0.06194704052294374
1,0,0.3178062330827857
0,0,0.015526007340112719
0,0,0.11084009668439718
1,0,0.03206467563542867
0,0,0.08643438255850427
0,0,0.1634404022504527
1,0,0.1180636926846652
0,0,0.08823301771359851
0,0,0.10023817169072409
0,0,0.04009425043164597
0,0,0.1126852296812368
0,0,0.07070273431452659
0,0,0.16961250678522555
1,0,0.20102904899501564
0,0,0.07633948634472258
0,0,0.16189616967221032
0,0,0.10222444508417332
0,0,0.15676541385606937
0,0,0.08686821395963024
0,0,0.08141651959469447
0,0,0.09744298679341232
0,0,0.09592871386945252
0,0,0.03365071990763392
0,0,0.08483644500090648
0,0,0.08281395078070801
0,0,0.07285309726413812
0,0,0.048904744097620544
0,0,0.09945856661208613
0,0,0.08185455230441674
1,0,0.15013724541644172
1,0,0.1520008428312543
0,0,0.0988038446766065
0,0,0.2006866540404589
0,0,0.00013323959956519648
0,0,0.1660874026569419
0,0,0.13912752981320625
0,0,0.02218051907454419
0,0,0.0840430955641315
0,0,0.09032524200038883
0,0,0.07992464462743651
0,0,0.10190264010386657
0,0,0.18700825456141368
0,0,0.07654024967907798
0,0,0.23656905203349834
0,0,0.1882972958288967
1,0,0.1551546423779351
0,0,0.1139710948615789
1,0,0.0848406283691717
0,0,0.08734484914000543
0,0,0.09806186908416982
0,1,0.6142915295872796
0,0,0.08117591696573458
0,0,0.0659130524423371
0,0,0.2098521902608581
0,0,0.06443036189734129
0,0,0.12693494525137064
0,0,0.11166071650743181
0,0,0.27146121718644844
0,0,0.13033077495917555
0,0,0.17896477092345245
0,0,0.10486997773894771
1,0,0.11376175736783892
1,0,0.12526545851818546
0,0,6.818254697094543e-05
0,0,0.09287682942929593
0,0,0.18389696119417645
1,0,0.1607867939634231
0,0,0.1489971488927916
1,0,0.18545914208358683
0,0,0.09254032741982876
0,0,0.14051640065766793
0,0,0.03414192417146994
0,0,0.06842106820206963
0,0,0.0877363164413414
0,0,0.1756843170267122
0,0,0.08397744281439758
0,0,0.10309627559343872
0,0,0.17285522127875808
0,0,0.2072283419666965
0,0,0.12701618770102532
1,0,0.10156312109561676
0,0,0.21255292697269443
0,0,0.21445074997829103
0,0,0.23743569180561339
0,0,0.08309424533645404
0,0,0.16480340983330488
0,0,0.2752901782874807
0,0,0.20741972119768304
0,0,0.06590246455771433
0,0,0.054840970200414826
0,0,0.020894908206024077
0,0,0.08443145654450025
1,0,0.07404850902265107
0,0,0.2112826505372279
0,0,0.04712720053180414
0,0,0.15353470129578936
0,0,0.07349903574966858
0,0,0.07647393493442492
0,0,0.14015942021447675
0,0,0.1467941911850954
0,0,0.02665219453009537
0,0,0.12473062696924096
0,0,0.12189009457381057
0,0,0.08090276974776468
0,0,0.06303348910781774
1,0,0.07065966619255316
0,0,0.03358673772788156
0,0,0.13708837238634808
0,0,0.06836103045030206
0,0,0.09729721201436543
0,0,0.17258089211008273
0,0,0.0004059700392102318
0,0,0.08336655859450919
0,0,0.11352067970040218
0,0,0.13368322749151687
0,0,0.08098196134067119
0,0,0.07239225781448279
0,0,0.05781114336703851
0,0,0.09127426666000003
0,0,0.08707017335313727
0,0,0.13444004864978484
0,0,0.08268285024369115
1,0,0.11200203539230286
0,0,0.19487827977988295
0,0,0.10327163279598915
0,0,0.12016568535154552
0,0,0.07006319616900489
0,0,0.15875351215029215
0,0,0.20319109689992892
0,0,0.15658248206116024
1,0,0.07794279861298152
1,0,0.07460198329480258
0,0,0.12977548891472515
0,0,0.07674872350608507
0,0,0.04705661787566062
0,0,0.20398113073780907
0,0,0.1250880894546569
0,0,0.05592565288142642
0,0,0.06378758222070853
0,0,0.20758535893650668
0,0,0.06858542836931718
0,0,7.507643670737527e-05
0,0,0.07563908992201124
0,0,0.11832086074927589
0,0,0.10895816143061525
1,0,0.12241660249638271
0,0,0.145431752514373
0,0,0.1680597461551378
0,0,0.1152063639241611
0,0,0.10847026254561361
0,0,0.0899186252765084
0,0,0.09239507341023039
0,0,0.06435434633445049
0,0,0.07047590907236664
0,0,0.0963713064684565
0,0,0.06025911811869931
0,0,1.627734687767802e-05
0,0,0.11224876025865761
0,0,0.059926263590532616
1,0,0.0843983832886976
0,0,0.15931199177066557
0,0,0.14746199661037415
0,0,0.042609881363348756
0,0,0.09686236141793589
0,0,0.1281250404992451
0,0,0.08536148900628676
0,0,0.1272063495689074
0,0,0.11097499614048599
0,0,0.08999249315047847
0,0,0.11636063030386555
0,0,0.09046112639097219
0,0,0.10473251142421555
0,0,0.0001294738900897958
0,0,0.057011540381459634
0,0,0.0607619524123861
0,0,7.046633068432518e-05
0,0,0.13710472323529402
0,0,0.09751145081809454
1,0,0.13701877147571281
0,0,0.1385160909537597
0,0,0.08746327530022226
0,0,8.106721765868628e-05
0,0,0.033781147077886035
0,0,0.12114998900966449
0,0,0.11904517462598459
0,0,0.41577080282016293
0,0,0.18448954721733482
0,0,0.12273999643403191
0,0,0.06366790116873232
0,0,0.07771903170353694
0,0,0.10720389603329308
1,0,0.12676981981333663
1,0,0.20338476650297754
1,0,0.33846453458042197
0,0,0.18094850363607837
1,0,0.16580283390733594
0,0,0.06166673588602279
0,0,0.043683937690684516
0,0,0.10636662965209465
0,0,0.1590974075267826
0,0,0.07714852589572382
0,0,0.2536595409408497
0,0,0.09429041606310849
0,0,0.11460060310990265
0,0,0.054185925755724944
0,0,0.08613109104290646
0,0,0.07382804289217676
0,0,0.05582684803502329
0,0,0.08334631486499973
0,0,0.1318758558707518
0,0,0.23974828374904258
0,0,0.0817043427428643
0,0,0.07320449589087934
1,0,0.35715285039645894
0,0,0.07939109224410774
0,0,0.08725314195161535
0,0,0.09670301917816262
0,0,0.03533187862076639
0,0,0.04786432411111023
0,0,0.06471447574163935
1,0,0.09515671321576326
0,0,0.06582704267583936
0,0,0.07399500248583896
0,0,0.07641627028652583
0,0,0.07935861160102838
0,0,0.04912851732708873
0,0,0.09519551128800065
0,0,0.10535909816050505
0,0,0.07338245510009686
0,0,0.08086781830263182
0,0,0.13057805559991525
0,0,0.11372083989188646
1,0,0.05947993064478373
1,0,0.10395453557406478
0,0,0.055668338880240406
0,0,0.3150643887132777
0,0,0.040322329441272155
1,0,0.12382908628216086
0,0,0.08176572380397856
0,0,0.14023805021426278
0,0,0.0674965319396813
0,0,0.11928242459053646
0,0,0.23387936079277938
0,0,0.07684207560640578
0,0,0.1273476538771235
0,0,0.18001965011374588
0,0,0.08701554527068806
0,0,0.016267836469405238
0,0,0.14015701805635694
0,0,0.23781737822945972
0,0,0.06518221580942378
0,0,0.06377458431272792
1,0,0.11282607153218861
0,0,0.3584874856496773
0,0,0.04907882871241401
0,0,0.04842853042615281
0,0,0.04597835594153686
0,0,0.11996569246482061
0,0,0.16196458750037313
0,0,0.10349009374528775
1,0,0.1025845177233618
1,0,0.3797539075536622
1,0,0.17093315515081645
0,0,0.072380594394828
0,0,0.04278098575713994
0,0,0.08978049685076891
0,0,0.23190257890279248
0,0,0.13802273234744553
0,0,0.07490589889784581
0,0,0.11700657871071574
1,0,0.12860804635364292
0,0,0.08145286078230314
0,0,0.14894863933657043
0,0,0.13856943874052977
0,0,0.07250593594184429
0,0,0.08255163909472314
1,0,0.10242663852916449
0,0,0.04109536361220866
0,0,0.1481634268796946
0,0,0.08162425326524585
0,0,0.02967399390038898
0,0,0.15840198222190552
0,0,0.09604512453308207
0,0,0.16203664801411508
0,0,0.12239442041311595
0,0,0.08476747333507924
0,0,0.007735176813152736
0,0,0.06080157454569018
1,0,0.21734003813234817
0,0,0.0890572846820142
0,0,0.14082109491218053
0,0,0.1862671544996374
0,0,0.056891786874396305
0,0,0.06707362246552181
0,0,0.05515645258844141
0,0,0.05920931047080998
0,0,0.12310655044003752
0,0,0.1353129176922415
0,0,0.060276366751438826
0,0,0.10619594467286143
0,0,0.049225563027565866
0,0,0.07007679989645654
0,0,0.04632598077912946
0,0,8.537960534849817e-05
0,0,0.08352699447050463
0,0,0.1899211911343124
0,0,0.07226566063668506
0,0,0.08476553681056935
0,0,0.07514626302856
1,0,0.10362828434772399
0,0,0.12793554712024835
0,0,0.06752837525682087
0,0,0.08325523665815172
0,0,0.08637871488034905
1,0,0.08531414877071963
0,0,0.10212966456432393
0,0,0.07594092315446781
0,0,0.06757492458600753
0,0,0.1550553135549456
0,0,0.10699501206970313
0,0,0.08343875858308014
0,0,0.170836755686424
0,0,0.12138968262587534
0,0,0.06503373548786746
0,0,0.06062605180011604
0,0,0.05431905300438599
0,0,0.0973925562605565
0,0,0.06348949552634921
1,0,0.042787429488610036
0,0,0.153024124600165
0,0,0.12527718731457074
0,0,0.08615304273791223
0,0,0.0994938837216809
0,0,0.13036064482133153
0,0,0.06290407190404253
0,0,0.09820148840914392
0,0,0.07034388724205341
0,0,0.12691015527459318
0,0,0.13947252151771478
0,0,0.2261644109543247
0,0,0.07984093954363887
0,0,0.1500187247542624
1,0,0.13787147354962878
0,0,0.2626939811801029
0,0,0.06924734892507707
0,0,0.10705416369296662
0,0,0.07094576263402999
0,0,0.1874387176801621
0,0,0.07048112819860526
0,0,0.22740524767588374
0,0,0.18103237409705947
1,0,0.12478719972667678
0,0,0.23463577598280275
0,0,0.11409581557106803
0,0,0.20316189731889728
0,0,0.15177566830089861
1,0,0.1243904305028966
0,0,0.14598149124512141
0,0,0.43814543052352867
0,0,0.13328908040969928
0,0,0.05574460542582175
0,0,0.1224432748695082
0,0,0.25555382001063653
0,0,0.10366669080580858
0,0,0.07322131406607192
0,0,0.0001900329914417471
0,0,0.15519921540661127
0,0,1.123899140706999e-05
0,0,0.04968235067717063
0,0,0.03801570406894042
0,0,0.08458678398444297
0,0,0.10626886370331244
0,0,0.06124309375344891
0,0,0.172166358728793
0,0,0.11222392826983241
0,0,0.11465076214849448
0,0,0.07673938053213368
0,0,0.07045580943997122
0,0,0.18276687377980474
0,0,0.09633473203138537
0,0,0.00010905719284225789
0,0,0.21407462065833033
0,0,0.21093945117356144
1,1,0.6331097971801918
0,0,0.12737138743255236
1,0,0.13164110433386408
0,0,0.0791961481623886
0,0,0.07854906760148174
0,0,0.15221722887932695
0,0,0.12174190540376034
0,0,0.14119630818348144
1,0,0.11079674781529202
0,0,0.14726935622447562
0,0,0.13455877504200986
0,0,0.14374451819038156
0,0,0.14242648488208173
0,0,0.08844497434227797
0,0,0.08130392730317916
0,0,0.1542668137005419
0,0,0.0002400751474321096
0,0,0.08069844557338658
0,0,0.1406270416999841
0,0,0.12485070604823617
1,0,0.14852445857329713
0,0,0.24565217977702083
0,0,0.11984843459437405
0,0,0.1143934888074804
0,0,0.09523255382022054
0,0,0.05732437583987508
0,0,0.06524284133409712
0,0,0.09828836353609167
0,0,0.13796294179848198
0,0,0.06130793667407566
0,0,0.05364534059387959
0,0,0.059796039769818156
0,0,0.08352694211822782
1,0,0.1268455153086916
0,0,0.18661955160936344
0,0,0.14994402514278196
0,0,0.07432729542471408
0,0,0.18724833508796015
0,0,0.11241887470331008
1,0,0.06684241169286899
0,0,0.19495571064435652
0,0,0.14422009582998735
0,0,0.23569586290682823
1,0,0.07728921882673734
1,0,0.09402409674562236
0,0,0.17664644030073567
0,0,0.11814682389321036
0,0,0.273086171945226
0,0,0.10630169273219592
0,0,0.20121536162349976
0,0,0.03993728862815094
0,0,1.4902319973547543e-07
0,0,0.11222667410393246
0,0,0.10664381931748405
0,0,0.1120616062911032
1,0,0.1680190623953456
0,0,0.011687061409747014
0,0,0.03793847449540976
0,0,0.13844212183684299
0,1,0.5125935679418029
0,0,0.15122134874127102
0,0,0.09684187291963287
0,0,0.1229314377440294
0,0,0.10881456745240389
0,0,0.2240615564289056
0,0,0.049499335044415914
0,0,0.09161088348602661
0,0,0.10391817849838512
1,0,0.0001918634614926874
0,0,0.05398245951135313
0,0,0.09244019068372401
0,0,0.09732133233959794
1,0,0.14570748338735076
0,0,5.708306959533404e-07
0,0,0.08224047966703545
0,0,0.11767083274170947
1,0,0.06181137033679782
0,0,0.12096864924747916
1,0,0.24642984323350706
0,0,0.06780139530963833
0,0,0.17256169172128008
0,0,9.961278438689079e-05
0,0,0.11098610004547996
0,0,0.09512037582103378
0,0,0.1136553334007589
0,0,0.04696599856557499
0,0,0.07674604022805716
0,0,0.07175898283655113
0,0,0.11245605650830737
0,0,0.06524070610416774
0,0,0.00042697775349118247
0,0,0.1340261392554894
0,0,0.10035427799551014
0,0,0.00016327459201357936
0,0,0.09691390833594407
0,0,0.05495776611371242
0,0,0.06178895106174681
0,0,0.02340221145854156
0,0,0.040455605462896296
0,0,0.09740042487589626
0,0,0.042139260943086704
0,0,0.045820694407389256
0,0,0.12571528978660906
1,0,0.09886391249998992
1,0,0.11498747339408562
0,0,0.14584367484755004
0,0,0.07820614439923515
0,0,0.1330958005350632
0,0,0.0398623443280042
0,0,0.0002812366687363875
0,0,0.04956282045605999
0,0,0.13232452549633167
1,0,0.07843689245651579
0,0,0.12479129773092107
1,0,0.06454740049265419
0,0,0.1515802191323447
0,0,0.06017624626132667
0,0,0.05655586055957355
1,0,0.47083919263795476
1,0,0.11797671164291605
0,0,0.1027503835598324
0,0,0.07395015287775158
0,0,0.02596656258673022
1,0,0.11014276427954053
0,0,0.16467537614085068
0,0,0.042246010856126774
0,0,9.976486402163617e-05
0,0,5.412550479767678e-07
0,0,0.08337650736517026
0,0,0.019973579569444955
0,0,0.14513408768987518
0,0,0.033355887137616134
0,0,0.09911208026444646
0,0,0.00021603088550993727
0,0,0.06263440832503042
0,0,0.11267002876877195
0,0,0.12033641506969152
0,0,0.045224873442509424
0,0,0.4943187275223941
0,0,0.1577632239927941
0,0,0.10961966827497419
0,0,0.10471288514101472
0,0,0.07567401538331837
1,0,6.150411691769293e-05
1,0,0.14789951209867727
0,0,0.08583882955631367
1,0,0.13669042093533842
1,0,0.30167666018742734
0,0,0.05404400316372126
1,0,0.12479779171146325
0,0,0.058066019253243444
0,0,0.10066753624041765
0,0,0.13824207547590778
0,0,0.2781351565255906
0,0,0.051960053686737014
0,0,0.04724199768987955
0,0,3.601007931922144e-07
0,0,0.24787891163166803
1,0,0.0915856096113452
0,0,0.09540267737510692
0,0,0.13593172127082884
0,0,0.06544957052697387
0,0,0.14527428535904627
0,0,0.1644937109228812
0,0,0.10970812115367265
1,0,0.04989025054739329
0,0,0.0001146909815679335
0,0,0.058959045628760975
0,0,0.10114950830771849
0,0,0.00018363310322388443
0,0,0.2772731215990591
0,1,0.5162140456057166
0,0,0.10841026064620002
0,0,0.11232705333339406
1,1,0.5052482394660562
0,0,0.07665614422118863
1,0,0.10290264042282367
0,0,0.1431528352421892
0,0,0.36362128267947774
0,0,0.0846322885638761
0,0,0.07128825047775857
0,0,0.17672066901675956
1,1,0.582123643208881
0,0,0.061159188380926474
0,0,0.0811937295272862
0,0,0.10827942041487137
0,0,0.3708206546650184
0,0,0.07186186993220657
0,0,0.14187590071213851
0,0,0.08380092707924164
0,0,0.4889330345689927
0,0,0.12787242834996743
0,0,0.17431756976309284
0,0,0.14054281980715402
0,0,0.09939006320770151
0,0,0.18188950252796005
0,0,0.05354415729013079
1,0,0.1825314470326247
0,0,0.1256995925121466
0,0,0.12399890870182918
0,0,0.13889486202762782
0,0,0.14971250449445359
0,0,0.1044483878501212
1,0,0.08111970543668996
0,0,0.4448804642269603
0,0,0.04419864430976352
0,0,0.01545238175720213
0,0,0.08794219700750884
0,0,0.08851076264705654
0,0,0.0809505751139247
0,0,0.08302279417827375
0,0,0.3486004473222539
0,0,0.11864568697504106
0,0,0.06487147516651533
0,0,0.034869103423883996
0,0,0.10980524731207426
0,0,0.1337244909535608
0,0,0.18426404316680506
0,0,0.0899747514224073
0,0,0.07788030623586478
0,0,0.4002841378992924
0,0,0.0803053585520564
0,0,0.227394877193118
0,0,0.09669365234886
1,0,0.07368348239649093
0,0,0.16388515551476557
0,0,0.0977775165621144
0,0,0.07362255573384392
0,0,0.11595911167914005
0,0,0.039887665517108456
0,0,0.06912439653844628
0,0,0.131852645500209
0,0,0.12016772256242488
0,0,0.07906325488979477
0,0,0.08570339805063101
0,0,0.1657492939549995
0,0,0.10731750715538538
0,0,0.06485736299276053
0,0,0.00014099542697590154
0,0,0.27048770579022013
0,0,0.03463078744726374
0,0,0.08474123991614274
0,0,0.06710607238427552
0,0,0.08033757377112041
0,0,0.48292863500203176
0,0,0.00011789820252240698
0,0,0.19214778894930282
0,0,0.08258411182720121
0,0,0.0946128208895687
0,0,0.1395692840606981
1,0,0.14350773491642763
0,0,0.13297656074756575
0,0,0.11118816411620101
1,0,0.14548317484705278
0,0,0.15862996873225474
0,0,0.1665977306825421
0,0,0.09381221580931029
0,0,0.07610831096750298
1,0,0.08031638550705766
0,0,0.16745891520047804
0,0,0.06771280730410684
0,0,0.062035404712346906
0,0,0.09551050386625126
0,0,0.07581867097461595
0,0,0.10908879703051155
0,0,0.06491840500373731
0,0,0.07233211770458345
1,0,0.11095418459842452
0,0,0.10416717193209798
0,0,0.06836204036581045
0,0,0.11106703605220829
0,0,0.10010093587709898
0,0,0.10532193779053763
0,0,0.08072521469420774
0,0,0.10428375769749403
0,0,0.0003036833953931017
0,0,0.12666889242423762
0,0,0.04773768307868254
0,0,8.175272888805787e-08
0,0,0.19200510530043174
1,0,0.06070478952968311
0,0,0.16800635573986486
0,0,0.08025252042703933
0,0,0.07608385074703035
0,0,0.1311993592387294
0,0,0.1778020373601349
0,0,0.025068763573444997
0,0,0.1908881237397041
0,1,0.5143662163299134
0,0,0.08947579103685205
0,0,0.1433432087238427
0,0,0.12588193079869878
0,0,0.0001158709042953655
0,0,0.09651919231148451
0,0,0.08633334480091459
0,0,0.057480130202787284
0,0,0.10428859865490374
0,0,0.08918335341884233
0,0,0.10374085786084701
1,0,0.0713739844244705
0,0,0.0675517555447809
0,0,0.06871999244492576
0,0,0.1043186779094419
0,0,0.03204863174747349
0,0,0.012903055247896684
0,0,0.06452694088246094
0,0,0.2058108836418151
0,0,0.1309254206782082
0,0,0.09220562547537216
0,0,0.08393319997012365
1,0,0.11843394205742158
0,0,0.12874174700386856
0,0,0.04902292432727847
0,0,0.10335182367151168
1,0,0.21449660919734978
0,0,0.05206836778936923
0,0,0.0004272731121244101
0,0,0.00023452820628394537
0,0,0.17179432532838057
0,0,0.06968309545477465
0,0,0.06185745430237151
0,0,0.1248312010532539
0,0,0.0897720632705531
0,0,1.6765342929492318e-05
0,0,0.08981719476005896
0,0,0.10402088749319428
0,0,0.10302867439236225
0,0,0.1491377308604117
0,0,0.05445525339470745
0,0,0.14490765981558298
0,0,0.13127935802370194
0,0,0.07531069146189044
0,0,0.08848598616767463
0,0,0.00010170897940791616
0,0,0.22981322667433318
0,0,0.06057110472382023
1,0,0.09207182245314494
0,0,0.07781179897353624
0,0,0.13682535442501917
0,0,0.13208945532653923
0,0,0.07605256728337036
0,0,0.1262297317524689
0,0,0.06799896522645457
0,0,0.12116874652627994
0,0,0.09915520087001002
1,0,0.09823543733667157
0,0,0.08681636623890608
0,0,0.06200354421448992
0,0,0.10017017473746163
0,0,0.21006046907496004
0,0,0.09987272957681148
1,0,0.09600937176801179
0,0,0.08311714790781152
0,0,0.12105062739367202
0,0,0.11616866213475409
0,0,5.2090043203821886e-05
1,0,0.03185065385966191
0,0,0.18094596062485363
0,0,0.03899767047281981
0,0,0.08457378607059791
0,0,0.06496398937755718
0,0,0.06825676138826746
1,0,0.11032096938421715
0,0,0.07839626191163458
0,0,0.140536306647304
1,0,0.16594759513291585
0,0,0.07516543471042458
0,0,0.1258065532344838
0,0,0.07581203713201456
0,0,0.12879367035820807
0,0,0.09290326081164582
0,0,0.0915396393522128
0,0,0.071599168941676
0,0,0.062494734380213905
0,0,0.09597826463272968
0,0,0.042644160924444535
0,0,0.05311238189764347
0,0,0.1419514509734527
0,0,0.07623321652334288
0,0,0.06973777922620224
0,0,0.1103476582593049
0,0,0.08117632812505765
1,0,0.16524779979215243
0,0,2.372366520812022e-05
0,0,0.06957718841094844
0,0,0.08301464115130415
0,0,0.09547539708963224
0,0,0.12972566294257365
0,0,0.0734481877241689
0,0,0.04610266826665997
0,0,0.17056123387787084
0,0,0.0477684345089119
0,0,0.13010131228482652
0,0,0.09893671332809317
0,0,0.21694961075577437
0,0,0.18912240907282202
0,0,0.08522388016145888
0,0,0.1026933209368502
0,0,0.09602243885168778
0,0,0.06199306385839735
0,0,0.21449725832525368
0,0,0.0022531222824633337
0,0,0.1463913268172539
0,0,0.020220779916045796
0,0,0.09742561221967265
0,0,0.05397879848151082
0,0,0.08948418848164232
0,0,0.12953872095323293
0,0,0.1143769026333274
0,0,0.28493848179089526
0,0,0.10902389915097102
1,0,0.2616381248026693
0,0,0.2673278902458163
0,0,0.11329101941711146
0,0,0.09273494286740967
0,0,0.0893389130304826
0,0,7.179220139232882e-05
0,0,0.06505016900317775
0,0,0.0630456671777571
0,0,0.16025948594937145
0,0,0.1574826743324792
0,0,0.08228680794875308
0,0,0.05337905556101845
0,0,0.19275498864149512
0,0,0.0837230983424987
1,0,0.12945185455072986
0,0,0.05121627476962407
0,0,0.0372538344063876
0,0,0.0468745895912602
1,0,0.1364265466248809
0,0,0.16826169924481488
0,0,0.0820696581207218
0,0,0.04285396957127746
0,1,0.6857008384698329
0,0,0.07578473125106523
0,0,0.3364584331723274
0,0,0.07358510349312486
1,0,0.1319782896833489
0,0,0.0909057294089753
0,0,0.18255460790499825
0,0,0.03641627795066355
0,0,0.1297186519907002
0,0,0.13422346724961834
0,0,7.230836224148392e-05
0,0,0.17722061022189958
0,0,0.13262966037102294
0,0,0.11154925769934415
1,0,0.12487185620744418
0,0,0.31721768488353475
0,0,0.11472449401808739
0,0,0.08163574154316619
0,0,0.14573987311372955
0,0,0.06528869520901813
0,0,0.009997493873309445
0,0,0.27529642261573173
0,0,0.09484623720557503
0,0,0.1779260555082095
0,0,0.0948765243677276
0,0,0.08602326706093541
0,0,0.17878584058224287
0,0,0.11025819661590316
0,0,0.09988632020301662
0,0,0.02592910639926886
0,0,0.12109579758902692
0,0,0.08150052807282002
0,0,0.06488540976423886
0,0,0.07931739959279648
0,0,0.15479361949754747
0,0,0.13665196806649382
1,1,0.5584464800628735
0,0,0.1170428799763927
0,0,0.1310525102706939
0,0,0.037119710730116426
0,0,0.12029832835619104
0,0,0.15277300605030725
0,0,0.08436472387837943
1,0,0.13116783145793903
0,0,0.0915814557289081
0,0,0.09826536954507692
0,0,0.1610954799871092
0,0,0.1845196183181983
0,0,0.06803638142497855
0,0,0.14766977093996775
0,0,0.11350604894618158
0,0,0.1475335670208199
0,0,0.16438465341237365
0,0,0.018537397657406696
0,0,0.11367237533277873
0,0,0.06887302970178134
0,0,0.07010707861741494
0,0,0.08249053053965141
1,0,0.13859918777995262
0,0,0.07243490977902793
0,0,0.12791548912330455
0,0,0.04972157806411168
0,0,0.0460274207689722
1,0,0.06723142895117354
0,0,0.09632540647272686
0,0,0.13507939594520285
0,0,0.15827870084755644
0,0,0.04650074085410913
0,0,0.09671492735309888
0,1,0.6413835134012598
0,0,0.030263946610559696
0,0,0.07447545176829329
0,0,0.10847847936531399
0,0,0.055046725703588706
0,0,0.06376627597905181
0,0,0.12699596389455753
0,0,0.10999549804895736
0,0,0.2006827834411805
0,0,0.07665803474968402
0,0,0.11812037819087537
0,0,0.11853160742607824
0,0,0.14618794690891068
0,0,0.14599728498702944
0,0,0.08932118635111275
0,0,0.09931551587985187
0,0,0.19274820746097224
0,0,0.10791131416277086
0,0,0.15943543250577527
0,0,0.11241674499042434
0,0,0.07138280989381987
0,0,0.22626736122265123
1,0,0.0720720311618451
0,0,0.27139255561299475
0,0,0.06143229015780153
0,0,0.08748377985807314
0,0,0.06757040537730859
0,0,0.09010741702560851
0,0,0.07820317441615378
0,0,0.0212242690139476
0,0,0.0820948684385066
0,0,0.05943781096752764
0,0,0.10717857635932335
0,0,0.08994784279238136
0,0,0.16628367298940244
0,0,0.05806097772343648
0,0,0.13291087404282675
0,0,0.06846760246379835
0,0,0.18239615816116264
0,0,0.0654172118208073
0,0,0.12986186054733634
1,0,0.18801323284652985
0,0,0.06455647156470669
0,0,0.17157967373881924
0,0,0.13603228552087382
0,0,0.05414550473749676
1,0,0.08086983579874443
0,0,0.09348154813797664
0,0,0.06525065158149838
0,0,0.05122355506567899
0,0,0.08790296440989341
0,0,0.0843440830811352
0,0,0.059388365884376175
0,0,0.15494457826150215
1,0,0.14749899059498062
0,0,0.10047123738214003
0,0,0.12683070365222052
1,0,0.1728762166448503
0,0,0.10701733226519146
1,0,0.179863652064997
0,0,0.06847755820766394
0,0,0.21873176520140716
0,0,0.08195132428013026
0,0,0.09388808663889235
0,0,0.21587408119057352
1,0,0.14092355081001184
1,0,0.08723408939733883
0,0,0.1469647450962041
0,0,0.04565352693081419
0,0,0.09555398503202496
0,0,0.1563473932934229
0,0,0.09986903848899041
0,0,0.10237368372823484
0,0,0.06815429206131404
0,0,0.08875159763204807
0,0,0.07680337906800479
0,0,0.2893928655842926
0,0,0.07755983079579284
0,0,0.1059107598064671
0,0,0.023207826857853765
0,0,0.08694116314189657
0,0,0.015821490770946835
1,0,0.09375663112089325
0,0,0.04918628633139777
0,0,0.06190413177657662
0,0,0.10770429958124549
0,0,0.13790520143313503
0,0,0.10198471535435065
0,0,0.08389202280674088
0,0,0.09505177043973614
0,0,0.11256021217668839
0,0,0.10952638667545891
0,0,0.03934177544675378
0,0,0.02708453864835704
0,0,0.18560264138270147
0,0,0.05430056376414495
0,0,0.16049366033887558
0,0,5.083880922223874e-05
0,0,0.027075549124518875
1,0,0.10444313650225477
0,0,0.07116549963857166
0,0,0.04434965114023423
0,0,0.09113847432967774
0,0,4.767270014178406e-05
1,0,0.0794481167834024
0,0,0.4149062279629525
0,0,0.08646342430156972
1,0,0.19965951131854356
0,0,0.04111317202204751
1,0,9.932055395401129e-05
0,0,0.14862000222169744
0,0,0.059504142716521706
0,0,0.12298157714573224
0,0,0.0002490819779929528
0,0,0.041155607545507636
0,0,0.15237842750370692
0,0,0.00010208615568106934
0,0,0.09270894897466168
0,0,0.10739022812530656
0,0,0.03519603824497454
0,0,0.09836764440620915
0,0,0.09623660687626247
0,0,0.1694431366677929
1,0,0.38557492216801326
0,0,0.031109795628582702
0,0,0.08040976614606386
0,0,0.11354688875825708
0,0,0.09966303093642596
0,0,0.12628942605299012
0,0,0.03720293726530656
0,0,0.17428778384333377
0,0,0.11901563313065641
0,0,0.04014691002893254
0,0,0.08672125221742326
0,0,0.0947486934836991
0,0,0.039137286506598874
0,0,0.1133471541773423
1,0,0.027541503556225574
0,0,0.10656066691590457
0,0,0.08785791228432911
0,0,0.14913750697257477
0,0,0.1044438201327714
0,0,9.800712938624228e-05
0,0,0.13224367610966012
0,0,0.02809089369102928
0,0,0.19322181153140328
0,0,0.07499362141071472
0,0,0.11112528146112209
0,0,0.07705705197888386
0,0,0.07129172600791034
0,0,0.10599900094690216
0,0,0.29987185694240315
0,0,0.04718851542658048
0,0,0.2144592845002752
0,0,0.04176856635445037
0,0,0.09186900804792164
0,0,0.14836348596532176
0,0,0.12310511654767396
0,0,0.06814955400181301
0,0,0.06402456811950716
0,0,0.025030136087743453
0,0,0.08353750392526955
0,0,0.06544981594483247
0,0,0.179264627942197
0,0,0.06969838950643574
0,0,0.08598193312645028
0,0,0.06992356725070314
1,0,0.050701505019349516
0,0,0.08981197003826197
0,0,0.19527105086940283
0,0,0.08370412718863174
0,0,0.07704671699273533
0,0,0.10077404600199434
1,0,0.11568749921265863
0,0,0.12687492185862875
0,0,0.15737299276986425
0,0,0.06776371538913128
0,0,0.04544476599895722
0,0,0.08217569714495002
0,0,0.0861895253737365
0,0,0.08863906793413946
0,0,0.06917799745987692
0,0,0.12509052797563597
0,0,0.0363958194995662
0,0,0.05634187875586898
0,0,0.18391976430033208
1,0,0.11819230661117926
1,0,0.11832610152053617
0,0,0.07367489827563707
0,0,0.09640960132676708
0,0,0.05552360856250743
0,0,0.15895950685064697
0,0,0.018227532509963295
0,0,0.05932774859946494
0,0,0.08324669942061493
0,0,0.08552327611682262
0,0,0.08803843135318196
0,0,0.06166128079502707
0,0,0.14455112007394932
0,0,0.10212922371216031
0,0,0.11478473831607428
1,0,0.19172352015821828
0,0,0.044968091181957874
0,0,0.153348391628931
0,0,0.09640861298421148
0,0,0.07596460754067069
1,0,0.17183350379749804
0,0,0.052525309142078834
0,0,0.2990668854343481
0,0,0.0994009017640037
0,0,0.08219976128301276
0,0,0.08077392068145127
0,0,0.09236454496169993
0,0,0.06890969669604285
0,0,0.07201733717861707
1,0,0.251646422508094
0,0,0.09497577841251144
0,0,0.08777100226001434
1,0,0.21187551221247372
0,0,0.08522429483417666
0,0,0.10986111506424168
1,0,0.1391441952023683
0,0,0.08138972727055428
0,0,0.24179561549846965
0,0,0.07687300636598571
0,0,0.07536643349533895
0,0,0.06315762178159368
0,0,0.09790968161103891
0,0,0.11434851272219808
0,0,0.0002677536942516861
0,0,0.06744845416873883
0,0,0.10764287397341989
0,0,0.00010711050475837126
0,0,0.10822633144812867
0,0,0.05462868326450977
0,0,0.00010514898380109062
0,0,0.05965419363347018
0,0,0.21333359203640714
0,0,0.1578001046150038
0,0,0.07692130842294594
0,0,0.10604353186794756
0,0,0.1533126614394008
0,0,0.09222625451517859
0,0,0.0893505390902239
0,0,0.12394954088965036
0,0,0.07332949380553515
0,0,0.051341198534000515
1,0,0.051588387923097535
0,0,0.10141124958723312
0,0,0.00016253236863596714
0,0,0.09738377439976877
0,0,0.1633156974716874
0,0,0.10495239050201517
0,0,0.10490465013594313
0,0,0.0961270930121021
0,0,0.1623135412477742
0,0,5.636321248950565e-05
0,0,0.10365688423351463
0,0,0.22275989537724097
0,0,0.2175583458935765
0,0,0.15042733977862552
0,0,0.06298973395271666
0,0,0.0900777904470593
1,0,0.36483545927843897
1,0,0.04414079476190188
0,0,0.3462343014212781
0,0,0.14019527357622918
0,0,0.07773440225994789
0,0,7.617592398858421e-07
1,0,0.24167704822373443
0,0,0.07300205368397382
0,0,4.8687810573971953e-05
0,0,0.12665933542376268
0,0,0.10024777540719856
0,0,0.1310992416436801
0,0,0.09243810311133453
0,0,0.23200889167024488
0,0,0.2039385090474453
0,0,0.12465862884837227
0,0,0.05887083408057693
0,0,0.1995020357401182
0,0,0.13590290085380205
0,0,0.05370882109550926
0,0,0.0409483741518821
0,0,0.09436266664919135
0,0,0.015946106291501946
0,0,0.21185851755744706
0,1,0.8194164572097754
0,0,0.016010380770324545
1,0,0.09572824547535431
0,0,0.11696236115399644
0,0,0.08494541876390774
0,0,0.054071747621056133
0,0,0.10156157779158685
0,0,0.14325465180055807
0,0,0.11687525889448752
0,0,0.08631373405436277
0,0,7.046185035752642e-05
0,0,0.054947816604549886
0,0,0.15329852296920718
0,0,0.0004946625569057222
0,0,0.08095314021341296
0,0,0.13922349054234173
0,0,0.024826665263042325
0,0,0.05111622324707202
0,0,0.0906973511122394
0,0,0.0661102379840278
0,0,0.08651286598595787
0,0,0.10400258991967119
0,0,0.32194762102264535
0,0,0.1336719491053747
0,0,0.08294935133401228
0,0,0.10509575797914489
0,0,0.0006515934784370906
0,0,0.11213907250546584
0,0,0.10560661554896063
0,0,0.08388417917357431
0,0,0.06001845910829801
0,0,0.11942394910213293
0,0,0.1440777232713883
0,0,0.07011546542521138
0,0,0.11981733896584736
0,0,0.10142803829293796
1,0,0.13469440709002753
0,0,0.06978642833821064
0,0,0.048229058126874204
0,0,3.740158320496499e-05
0,0,0.07714004436758852
0,0,0.12363360505509259
0,0,0.24252235650708664
0,0,0.08649670064758051
0,0,0.18039167198004177
0,0,0.050842715528314854
0,0,0.050742533119907396
1,0,0.1375302055664308
0,0,0.021215367448513354
1,0,0.05718740729655136
0,0,0.11905499835998164
0,0,0.052077692220006
0,0,0.11089087632952138
0,0,0.05513728286445486
0,0,0.15340471585793639
0,0,0.0671862064929356
0,0,0.05829075471071968
0,0,0.16147607234147301
0,0,0.12359683204782954
0,0,0.15706069654637642
0,0,0.029257190448641567
0,0,0.10534955390255998
0,0,0.03788655319956923
0,0,0.07653320995377606
0,0,0.129388792670778
1,0,0.0001338992702266331
0,0,0.079204846569001
1,0,0.3439828168455363
0,0,0.12959862653335744
0,0,0.20335312779656142
0,0,7.620959486013739e-05
0,0,0.06499767603294525
0,0,0.03375700032041952
0,0,0.2026034456999144
0,0,0.028099269300387055
0,0,0.09198766110045482
0,0,0.0794708090914806
0,0,0.11167892670581311
0,0,0.09746732751022623
0,0,0.14078964838006347
0,0,0.0980346514446198
0,0,0.07285926013216072
0,0,0.07687812491114068
0,0,0.2551351167830594
0,0,0.04457198695543962
0,0,0.10981961111229178
1,0,0.16678727623645495
0,0,0.06044118199646138
0,0,0.40894370424260756
0,0,0.22091499573567444
0,0,0.04195913792425001
0,0,0.07553802595589645
0,0,0.06802837562803216
1,0,0.09259816559037311
0,0,0.000581772888171897
0,0,0.06584108065938675
0,0,0.14574521503319768
0,0,0.11453500127107502
0,0,0.07067883000415914
0,0,0.1542776520115781
0,0,0.10609946007499886
0,0,0.03391753893196402
0,0,0.11488611157258401
0,0,0.00039387014818517886
0,0,0.12010113351656476
0,0,0.03231039715982051
1,0,0.10476162565999488
0,0,0.10324601256351802
0,0,0.1406106098932041
0,0,0.12621490639295357
0,0,0.06346553822869613
0,0,0.06047429815964182
0,0,0.10456344912999825
0,0,0.12988162073455364
0,0,0.00038274788658409207
0,0,0.2256878497114351
0,0,0.07049456935784258
0,0,0.13767963783612192
0,0,0.10510446490136573
0,0,0.19623972795091826
0,0,0.06800595607558604
0,0,0.09531701577712673
0,0,0.08137504217678572
0,0,0.029188250138297903
0,0,0.025791091471150236
0,0,0.00021518113288624164
0,0,0.000144496318907891
0,0,0.14765476636972247
1,0,0.3418480866918857
0,0,0.10853688872341963
0,0,0.044275084071603285
0,0,0.050929655055404886
0,0,0.010642602823737883
0,0,7.842552749531228e-05
0,0,0.1952372056560072
0,0,0.11887120404658069
0,0,0.1142997110072474
0,0,0.06121039983689384
1,0,0.05171048245691398
0,0,0.11283659561688958
0,0,0.1127524591298319
0,0,0.08994270026272987
0,0,0.0803460627522368
0,0,0.07758996937735146
0,0,0.09317102865453984
0,0,0.049239892621565556
0,0,0.1570214245299377
0,0,0.14076866549759903
0,0,0.0001507600147475687
1,0,0.1581664378565423
0,0,0.09292565194809946
0,0,0.23999575892609015
0,0,0.0686027797048297
0,0,0.09723941278752218
0,0,0.04011041499367928
0,0,0.07558978696313688
0,0,0.16732406128290775
0,0,0.08186033705492878
0,0,0.10543853972929959
0,0,0.11095924134674397
0,0,0.08307867459304798
0,0,0.06097843022687073
0,0,0.10389355463422305
0,0,0.09040252673289069
0,0,0.10965841342162093
0,0,0.10191842738097931
0,0,0.08664062335613684
0,0,0.05503850187998094
0,0,0.033544728194407236
0,0,0.08467001501608501
0,0,0.05349696205678317
0,0,0.03756218564256573
0,0,0.11852430074573388
0,0,0.07302049114401211
0,1,0.9998300233764714
0,0,0.08027563696072948
0,0,0.15899992984234204
0,0,0.19403696737555168
0,0,0.0001503382791026596
1,0,0.1262011467091515
0,0,0.20780837539844854
0,0,0.11061399493086374
0,0,0.16464333541325263
0,0,0.09812722341679252
0,0,0.15159027679179657
0,0,0.0406129033114111
0,0,0.08638511323800709
0,0,0.04394640101010842
1,0,0.14393072280139496
0,0,0.06142439401924262
0,0,0.09218430017269959
0,0,0.07410319941472003
0,0,0.13393549679457592
0,0,0.10323643351097504
0,0,0.05908444843492457
1,0,0.2504876994456092
0,0,0.06614533705539553
0,0,0.21824110550667902
0,0,0.13443719704675114
0,0,0.08016542689827336
1,0,0.08978422455191983
0,0,0.08242392309475
0,0,0.11490417267979844
0,0,0.1068320150233037
0,0,0.06919947370492203
0,0,0.06672166223106399
0,0,0.11573903803242286
0,0,0.09073687992185646
0,0,0.04824334448771577
0,0,0.07945477303724385
0,0,0.1344969117037086
0,0,0.10472309002790944
0,0,0.00012119846148733226
0,0,0.09295237597418388
0,0,0.0427166368470215
0,0,0.08808486206102667
0,0,0.07687520970002512
0,0,0.07886886066591689
0,0,0.22008355037492738
0,0,4.8733432126363944e-05
0,0,0.240875823548007
0,0,0.09244989864117918
0,0,0.07946327801168653
0,0,0.11443445298253027
0,0,0.05933806980502378
0,0,0.20535656810689884
0,0,0.10683867420205573
1,0,0.06239648019101045
0,0,0.10803706580236842
0,0,0.09494380079650068
0,0,0.10457316470039947
0,0,0.14069658719020686
0,0,0.18946330471440528
0,0,0.16179498699188047
0,0,0.07977076460369069
0,0,0.15046370309278073
0,0,0.09763257828434957
0,0,0.18198465087638885
0,0,0.08435278523196967
0,0,0.29168101124381235
0,0,0.10942697861060798
0,0,0.057560714209956634
0,0,0.11590789666797562
0,0,0.09944874228110952
0,0,0.0626624898439874
0,0,0.14242808009700844
0,0,0.0738775406825338
0,0,0.04401711066537288
0,0,0.05260320141123272
0,0,0.24310703157658747
0,0,0.11696466573242378
0,0,0.1467824657778569
0,0,7.143814826262527e-05
1,0,0.09833697805759291
0,0,0.13317355846887097
0,0,0.11996597267737394
0,0,0.08161376538716034
0,0,0.21473349292712687
1,0,0.10913469111250962
0,0,0.07946605710627955
0,0,0.07996158344866217
0,0,0.0961915086434923
0,0,0.10287180753505466
0,0,0.13148961480276677
0,0,0.11624975210943729
0,0,0.1025870588226453
0,0,0.03873496067149864
0,0,0.09239276210009575
0,0,0.19993689986062757
0,0,0.10116354373824206
0,0,0.10877541747074677
0,0,0.00018160800065816389
1,0,0.19336739803475103
1,0,0.07690723022701051
0,0,0.04160845166124634
0,0,0.12134165815322542
0,0,0.09614016644147738
0,0,0.08612351896524564
0,0,0.16722150531678404
0,0,0.09434820050462156
0,0,0.1344245231242024
0,0,0.13897502901242997
0,0,0.07264675161069122
0,0,0.05594041190275245
0,0,0.13153643340894663
0,0,0.09771159596198163
0,0,0.07562179216909529
0,0,0.17642222682133996
0,0,9.189358890258095e-06
0,0,0.10119108211860095
0,0,0.16355420413310914
0,0,0.06473097442084033
0,0,0.019904694373576604
0,0,0.13055942421183656
0,0,0.08779126117722212
0,0,0.17935635399014135
0,0,0.062368770321860154
0,0,7.962233248091443e-05
0,0,0.0395699707668223
0,0,0.0600960884467584
1,0,0.14013127987446922
0,0,0.19455954785391277
0,0,0.06737960588772941
0,0,0.07643511071891768
0,0,0.06660782922756936
0,0,0.09730817722644303
0,0,0.0859191135969689
0,0,0.07622835096037552
0,0,0.06385832171348726
0,0,0.049592592544624864
0,0,0.06911667080882074
1,0,0.2958507292328254
0,0,0.07929592884698636
0,0,0.07781081707047852
1,0,0.24298882098793964
1,0,0.13704049975747193
0,0,0.04993856226315043
0,0,0.0581758490769447
0,0,0.08663926923169493
0,0,0.10849567924118743
0,0,0.07594980887010055
0,0,0.07803567404616579
0,0,0.18227660327676384
0,0,0.058898536635820856
0,0,0.046454414344229686
0,0,0.19568884153854502
0,0,0.1774740333659187
0,0,0.08506167741353908
0,0,0.12281075831330657
1,0,0.12785681285086908
1,0,0.08483146482255069
0,0,0.1302074809709455
0,0,0.10810126713445692
0,0,0.11011823328765445
0,0,0.052769693574855156
1,0,0.09481128314417704
1,0,0.1359744524471725
0,0,0.07519626377317248
0,0,0.14243680540815162
0,0,0.3685938508245118
0,0,0.06417337003833372
0,0,0.07499592921554525
0,0,0.10316942624617988
0,0,0.030556870007145045
1,0,0.18453549144251538
1,0,0.18666188613707152
0,0,0.07208522824549458
0,0,0.061444566754642514
0,0,0.1311821122264339
0,0,0.13535630891096134
0,0,0.07568176465734544
0,0,0.064636404429412
0,0,0.2567104123056734
0,0,0.07438705242514228
0,0,0.09406645846400528
0,0,0.1376656796645224
0,0,0.09462404628185297
0,0,0.04651467037835217
1,0,0.1340686242503217
0,0,9.264868913686826e-05
0,0,0.08849366966213294
1,0,0.08663731353929105
0,0,0.11945183754742138
1,0,0.3147533035466881
1,0,0.2451166164721912
0,0,0.07713326007411182
0,0,0.2527387661793469
0,0,0.09520402675344321
0,0,0.08185377886378871
0,0,0.021265328437234252
0,0,0.10105928404914775
0,0,0.07491455288013692
1,0,0.22582637804329173
0,0,0.22743040733957898
0,0,0.05587940725783086
0,0,0.12475394677279895
0,0,0.024337480724138754
0,0,0.13436579804476115
0,0,0.09795204901580426
0,0,0.09548841089930686
0,0,0.062301180587647005
0,0,0.10743098048127207
1,0,0.24483910559744335
0,0,0.07663810947988432
0,0,0.3553317488637211
0,0,0.08746946978174067
0,0,0.14641943460423706
0,0,0.42773485990899895
0,0,0.0836920207744061
0,0,0.22017062641287116
1,0,0.12313960176480537
0,0,0.18835434789602112
0,0,0.00011084950393624265
0,0,0.09324959131967664
0,0,0.038100093273966795
0,0,0.10822517344814862
0,0,0.09231726482046355
0,0,0.19139804628101872
0,0,0.12739934125473076
0,0,0.05461601850244985
0,0,0.10584278767426097
0,0,0.1113048066407233
0,0,0.06780845591666847
0,0,0.04253776120845479
0,0,0.024475945817438522
0,0,0.2890112473684423
0,0,0.09537090115763246
0,0,0.02345636466523219
1,0,0.15504691685942917
0,0,0.00017104550253428655
0,0,0.15386779195573028
0,0,0.05825836630798543
0,0,0.027097803757616785
0,0,0.1382683626662546
0,0,0.1340386043588234
1,0,0.14118981441489228
0,0,0.1034929012821768
0,0,0.06265226412209146
0,0,0.19144778716789074
0,0,0.09357508941916103
0,0,0.08575664954208363
0,0,0.07931644369916217
0,0,0.16543047162581231
1,0,0.11112407949582657
0,0,0.10836044168344458
0,0,0.22841108800856272
0,0,0.06034789930523342
0,0,0.022434467128267896
0,0,0.09037912271144298
1,0,0.351204788630435
0,0,0.0828300079742764
1,0,0.17868552614575717
1,0,0.1164074825118361
0,0,0.1338251772406966
0,0,5.691880646872126e-05
0,0,0.11817857214860521
0,0,0.09876691599311775
0,0,0.03504737691707042
0,0,0.07520447506321415
1,0,0.09113972521240192
0,0,0.08797157585168391
0,0,0.09728345871046534
0,0,0.09866711039670768
1,1,0.5845621358189875
0,0,0.1273498043914758
0,0,0.17241754904269677
0,0,0.15469136829358462
1,0,0.07787228689472137
0,0,0.10786331061354787
0,0,0.041019009647136374
0,0,0.10656348249230538
1,0,0.2592467287801604
1,0,0.11789341043037226
0,0,0.12973029914389128
0,0,0.124999288752793
0,0,0.05605479849629541
0,0,0.10180926393580657
0,0,0.15477689699277075
0,0,0.07055625201414471
1,0,0.18568007683271012
0,0,0.13724962299130997
0,0,0.014684670752130998
0,0,0.09075398532118487
0,0,4.9717412614463306e-05
0,0,0.22334023662654814
0,0,0.080703614720635
0,0,0.15648397385656393
0,0,0.16682436577047657
0,0,0.24654946822914284
0,0,0.06624231702626818
0,0,0.16478516332901716
0,0,0.10760481048815161
0,0,0.10751107413469993
0,0,0.11551881253098509
0,0,0.06925988572703283
0,0,0.05946255010417149
0,0,0.05679810061593524
0,0,0.12693574692801785
0,0,0.05817450940428099
0,0,0.12649866106351348
0,0,0.04900850555647029
0,0,0.10062860963661657
1,0,0.15907160113894586
0,0,0.07628023616004906
0,0,0.12888773690767236
0,0,0.04384107215764471
1,0,0.11458945427528143
0,0,0.011237715754338858
0,0,0.00019179275563014093
0,0,0.0001318678930978732
0,0,0.1039859275636088
0,0,0.08055022313392256
0,0,0.04484085762864055
0,0,0.11690940836449853
1,0,0.12344491836849923
0,0,0.06492925575147766
0,0,0.09721192638716562
0,0,0.08605684519691997
0,0,0.11421309138990592
0,0,0.1813019401945423
1,0,0.17004697889646342
0,0,0.1524775500949865
0,0,0.15653344600569682
0,0,0.11951340997810872
0,0,0.09124907310722624
0,0,0.11548862731696988
0,0,0.11919301636728995
0,0,0.12866582319997888
0,0,0.05361033366040209
0,0,0.06787190605408841
0,0,0.1635469308402304
0,0,0.07606303833871608
0,0,0.09596880544193934
0,0,0.04537724668876665
0,0,0.10448314318213986
0,0,0.07611692485101797
0,0,0.09783909985013894
0,0,0.09272914221345466
0,0,0.07163576355655012
1,0,0.14168490257411495
0,0,6.694804655372014e-05
1,0,0.05291525504367482
0,0,0.06875271359970288
1,0,0.14631099634569075
0,0,0.13655874713906038
0,0,0.1229902928786413
1,0,0.15946197734899006
0,0,0.24273239923721296
0,0,0.1430148787219351
0,0,0.04595811728448268
0,0,0.0912623169147168
0,0,0.13099685628595048
0,0,0.11401493553623414
0,0,0.15021500203435156
1,0,4.251048853811612e-07
0,0,0.0728323833989636
0,0,0.10024096369827368
0,0,0.23032887642033034
0,0,0.07953424823019063
1,0,0.1599427917103319
0,0,0.04068478168041643
1,0,0.13330445626065238
0,0,0.03899394431586671
0,0,0.137354909370272
0,0,0.00024226552685874977
0,0,0.10614030597565818
0,0,0.13663368767201117
0,0,0.07953519523104861
0,0,0.1397559429625475
0,0,0.08089244320993064
0,0,0.12638570372838948
0,0,0.0647307215625933
0,0,0.17078170360509964
0,0,0.12237544975559439
0,0,0.03308141908772805
1,0,0.11322462357765072
0,0,0.10049865213666495
0,0,0.07810247963192764
0,0,0.1859530670273163
0,0,0.15090730601557928
0,0,0.06830973803167671
0,0,0.3795828646417027
0,0,0.08011255464388692
0,0,0.15144844106732328
0,0,0.11577666025257101
0,0,0.11654536028888109
0,0,0.14721154559068772
0,0,0.21401847689769862
0,0,0.05553073605215167
1,0,0.10444866210930909
0,0,3.4517997264342124e-07
0,0,0.11013906754875544
0,0,0.16063308401782178
0,0,0.055002207201878636
0,0,0.102305438759412
0,0,0.09377809715929643
0,0,0.033135607616255155
0,0,0.0839170086461848
0,0,0.2530576528614998
0,0,0.09707463383344198
0,0,0.09454543716610979
0,0,0.1163543213170116
0,0,0.28668168143437245
0,0,0.31436595694763897
0,0,0.11416555673868989
0,0,0.11136819467282413
0,0,0.25859874074436867
0,0,0.1226704689189333
0,0,2.652321849171203e-05
0,0,0.058964421411819165
1,0,0.15121138472681553
0,0,0.00035937006113134063
0,0,0.06414741057131583
1,0,0.03568396860344563
0,0,0.11145714600766703
0,0,0.1438115375289933
0,0,0.11256833345552296
1,0,0.2047733390651069
0,0,0.09889300424946945
0,0,0.1281726739759556
0,0,0.15723575854502903
0,0,0.1326869064970532
0,0,0.06397653755898923
0,0,0.0955206683391771
0,0,0.15326570903599326
0,0,0.0521431842633577
0,0,0.05159117539835128
0,0,0.18537531375026742
0,0,0.12852736124867248
0,0,0.08371071385402197
0,0,0.05620376665224303
0,0,0.09661982568458054
0,0,0.08594071068902175
0,0,0.14552345613008125
0,0,0.06359848452654902
0,0,0.09555365593429409
0,0,0.053748626569524185
0,0,0.05024390106313087
1,0,0.07285534391702704
0,0,0.089140524403877
0,0,0.11484023048021821
1,0,0.07821949124684455
0,0,0.06236205623253389
0,0,0.00020103380990854486
0,0,0.28978786452803695
0,0,0.1564006881714615
0,0,0.11804081915884271
0,0,0.12605027499708563
0,0,0.09754432242734731
0,0,6.612964703989476e-05
0,0,0.023018352045591804
0,0,0.037580957968532475
0,0,0.00010604062352099595
0,0,0.051989943291057
0,0,0.08425415432073351
1,0,0.08192010312563337
0,0,0.1282735715028641
0,0,0.09978706097762381
0,0,0.10069774517934148
0,0,0.06671865094165516
0,0,0.01913231860400701
0,0,0.12894442078008686
1,0,0.11685819445958674
0,0,0.13008813988035772
1,0,0.17320060867890125
0,0,0.16247302342632938
0,0,0.12364628361630711
0,0,0.10481689814839244
0,0,0.12106251580289473
0,0,0.2327723921176276
0,0,0.027815078053863067
0,0,0.01363897507586615
0,0,0.09657303889756193
0,0,0.07604864905799996
0,0,9.134075062777325e-05
1,0,0.3639813035450525
0,0,0.20377375487262656
0,0,0.05342047690643934
0,0,0.068560446984218
1,0,0.16795284509950426
0,0,0.09450623521892809
0,0,0.1023063709569137
1,0,0.17450999333019454
0,0,0.12031016279420775
0,0,0.11547083824380913
0,0,0.07621210750879594
0,0,0.10987104817338908
0,0,0.08219008664846324
0,0,0.07205338796881687
0,0,0.08947527296996165
0,0,0.00011706065539750697
0,0,0.000148884878336526
0,0,0.1559815403898664
0,0,0.1393031611597041
0,0,0.1039154121262169
0,0,0.09849282363085467
0,0,5.0059409935599656e-05
1,0,0.10360425487336616
0,0,0.09674644353454695
0,0,0.07062855653092513
0,0,0.07051765177893642
0,0,0.04383421723020717
0,0,0.12796475439478702
0,0,0.060326454541133244
0,0,0.16297258840167406
0,0,0.046712596125553146
0,0,0.036650672594109875
0,0,0.18840383475322656
0,0,0.047687473933286074
0,0,0.21187589350053862
1,0,0.06514694257915352
0,0,0.07635249361800778
0,0,0.08460025860158599
0,0,0.13120450826207838
0,0,0.21610222734788986
0,0,0.02479923966249598
0,0,0.0915847065008217
0,0,0.08906722668417845
0,0,0.040603601947169
0,0,0.09746871336142718
1,0,0.09029651886760634
1,1,0.5579215242742935
0,0,0.11252957368748459
0,0,0.07829185763374014
0,0,0.0678289920555452
0,0,0.20941006910831417
0,0,0.15367633200703268
0,0,0.07878225082732271
0,0,0.05738282900421157
0,0,0.0617161471063837
0,0,0.044919805026366916
0,0,0.11645877164050455
0,0,0.16723597145045824
0,0,0.07392493146069323
1,0,0.00020082704352095116
0,0,0.1278672662865291
0,0,0.11136786623783398
0,0,0.022628206881766023
1,0,0.08503141233125623
0,0,0.12609175194000358
0,0,0.07683855787104976
0,0,0.007779774607694471
0,0,0.12754446058039032
1,0,0.14706487075129868
1,0,0.42239392302447937
0,0,0.07984628662648546
1,0,0.17195177393020303
0,0,0.01871117680747636
0,0,4.9778240572412004e-05
0,0,0.09716042905220705
0,0,0.19590481351652161
1,0,0.07076197373279702
0,0,0.04772874339213275
0,0,0.06416270001264425
0,0,0.15783792432712374
0,0,0.1283377911538618
0,0,0.12758511945795423
1,0,0.1338296547079888
0,0,0.10173276576344302
0,0,0.12701712266125964
0,0,0.12104104845761299
0,0,0.17292318408113783
0,0,0.059549328678022435
0,0,0.07050219863680848
0,0,0.14776333751891194
0,0,0.13722228954421992
0,0,0.09514560714330642
0,0,0.09918964392758096
0,0,0.030734468617360615
0,0,0.08366123880664639
0,0,0.15313013934251044
0,0,0.03622311514696863
0,0,0.08707236216971379
0,0,0.06400002940317948
0,0,0.2906277259462183
0,0,0.07918411970211169
0,0,0.09279900470741619
0,0,0.16211391139880219
0,0,0.09837293903055301
0,0,0.08098877129704314
0,0,0.10607034708727339
0,0,0.11752158174159542
1,0,0.0536493235569451
0,0,0.08131084262029213
1,0,0.05120951901926995
0,0,0.09280343412389411
0,0,0.09736271619080332
0,0,0.10485917417228738
0,0,0.08724530557462702
0,0,0.06291515560669989
1,0,0.12338740393564115
0,0,0.11860739307081677
0,0,6.0135811936652656e-05
1,0,0.09620926670702917
0,0,0.059415265143922875
0,0,0.07625500901145858
0,0,0.0794243700636265
0,0,0.0001300420623360213
0,0,0.05574646249996822
0,0,0.05221618724567634
0,0,0.12519339599108656
0,0,0.08899456048000685
0,0,0.0848736246773531
0,0,0.10067386759618496
0,0,0.09891160242596206
0,0,0.053239609663398614
0,0,0.05012627582102936
0,0,0.08718570211958614
0,0,0.11127994453782061
0,0,0.10783145472310643
0,0,0.0005395065827217901
0,0,0.11191788083183506
0,0,0.08639081250886392
0,0,0.07325490730044029
0,0,0.2542857789237525
1,1,0.571914512093303
0,0,0.19432402383264363
0,0,0.037526717181242245
0,0,9.250713891606389e-05
0,1,0.5835668770628086
0,0,0.0924910751850515
0,0,0.2842876960065491
0,0,0.041626632454826125
0,0,0.04953730534049979
0,0,0.08566773111837056
0,0,0.1437899280866257
0,0,0.06756463023138434
0,0,0.10120598174280825
0,0,0.12882823791888845
0,0,0.0750052035371883
0,0,0.08775413365258217
0,0,0.09108127818123885
0,0,0.04942656414906913
0,0,0.1533407278031308
0,0,0.15672138748577166
0,0,0.053416355081496315
0,0,0.20968859953208877
0,0,0.09448424655006411
0,0,0.07039548693003625
1,0,0.09697558088860342
0,0,0.03453495747998596
0,0,0.08718860853102128
0,0,0.03976955819694981
0,0,0.08347288152386856
0,0,0.09435101047001761
0,0,0.09890913238250265
0,0,0.3603352881975959
0,0,0.09173501357907726
0,0,0.10706710085201068
0,0,0.0282472380143668
0,0,0.09509737516540841
1,0,6.201739015283375e-05
0,0,0.06350325471460055
0,0,0.083845183659479
0,0,0.17785286227559702
0,0,0.09072841300087923
1,0,0.11886403149952512
0,0,0.2070522762771174
0,0,0.024835843736732973
1,0,0.28447084589780874
0,0,0.14338968446380418
0,0,0.15564006900253796
0,0,0.06299526286390442
0,0,0.04735814872640698
0,0,0.1311140488108579
0,0,0.05829153305874031
0,0,6.494238266612721e-05
0,0,0.09815383297778967
0,0,0.10282961417440306
0,0,0.00010931729897533221
0,0,0.10946846712238902
0,0,0.1295233104838066
0,0,0.04169532997791733
0,0,0.11417904255810855
0,0,0.10891039941837924
1,0,0.28845821950401207
0,0,0.12486570505058474
0,0,0.17872266981706048
0,0,0.1270160105456074
0,0,0.09669078941507826
0,0,0.0972258335000405
0,0,0.057902539837490385
0,0,0.12848132768996934
0,0,0.07662549266345983
0,0,0.07125007011892631
0,0,0.06680942306474433
0,0,0.052219919558638195
0,0,0.0976176552949876
0,0,0.08093812392332603
0,0,0.22251666777566131
0,0,0.02565989385037549
0,0,0.07153301377522926
1,0,0.05965097125531967
1,0,0.10918854190775491
0,0,0.08554799104592424
0,0,0.19354230190585892
0,0,0.1443420142963475
0,0,0.07289291604870182
0,0,0.07494266986156015
0,0,0.1032611354352246
0,0,0.08165485610829795
0,0,0.11692308518009181
0,0,0.4959430643202014
0,0,0.030595799426555822
1,0,0.10245422281215384
0,0,0.00011392305869808715
1,0,0.11016453489728913
0,0,0.07236801735490715
0,0,0.1221083362795768
1,0,0.08271916108210312
1,0,0.1777251520404123
0,0,3.257655462243604e-07
0,0,0.08009762149365011
0,0,0.17101464413211048
0,0,0.046599681968223526
0,0,0.21699988601762035
0,0,0.05579160728219776
0,0,0.07746733670625776
0,0,0.11164895277511701
1,0,0.1187453518913516
0,0,0.12497041966940349
0,0,0.05197505517996943
0,0,0.1438808384841694
0,0,0.08160434225901178
0,0,0.14013208010209807
0,0,0.08314492209648215
0,0,0.04054288636349456
0,0,0.10248022135873407
0,0,0.12153762164189348
0,0,0.06895058895278161
0,0,0.10633644389865252
0,0,0.1484233880401108
0,0,0.068011047046477
0,0,0.14398099208782364
0,0,0.10261973200126759
0,0,0.052822195592942066
0,0,0.10586738512464607
1,0,0.20422609584944026
0,0,0.06767697117441729
1,0,0.061912068110487724
1,0,0.11034762712579727
0,0,0.03806038604077797
0,0,0.06129091252121656
0,0,0.06375454574958216
0,0,0.11870628382938864
1,0,0.3043122164136038
0,0,0.11143161837445498
0,0,0.22355476860562393
0,0,0.00014440437880268529
0,0,0.07450326662427692
0,0,0.100767737568778
0,0,0.08084508496071548
1,0,0.10432569126561476
0,0,0.06404755703546312
0,0,0.11261570825778906
0,0,0.1482516789181361
0,0,0.04194696555452079
0,0,0.12900656886777856
0,0,0.08838912746511687
0,0,0.06035148590090737
0,0,0.00018786182396824473
0,0,0.2312097718418441
0,0,4.398231875245981e-05
0,0,0.0885723886172104
0,0,0.07822140965369581
0,0,0.08367755005853214
0,0,0.18284263545240192
0,0,0.08278637272236855
1,0,0.07799643164223156
0,0,0.09754072362753267
0,0,0.12170306703087053
0,0,0.23198504468712017
0,0,0.08719661346933522
0,0,0.12012914118835301
0,0,0.12456558280727052
0,0,0.3607906382170853
0,0,0.11051687970873779
0,0,0.044000235210213276
0,0,0.06000681162471366
0,0,0.08164047999400406
0,0,0.11604885903978032
0,0,0.039887419063013525
0,0,0.10708179298546448
1,0,0.10539437338702735
0,0,0.06096414054385424
0,0,0.11948099862846374
0,0,0.1932481675879251
1,0,0.2561495339057424
0,0,0.09526662163743391
0,0,0.21144721176176243
0,0,0.09549472936732283
0,0,0.09834686871861216
0,0,0.11138541706757914
0,0,0.09892184311746348
0,0,0.08661322276339342
0,0,0.056577038254306274
0,0,0.07691008932124697
1,1,0.5334797191032927
0,0,0.0962543393384204
1,0,0.0916394304348603
1,1,0.5076584203474419
0,0,0.1064548927774964
0,0,0.09854249614341933
0,0,0.086691341405178
0,0,0.21511573370377937
0,0,0.15944970635694483
0,0,0.21748324176073017
0,0,0.17234641410680848
0,0,0.013505761726863325
0,0,0.2913251716267276
0,0,0.01965980146762418
0,0,0.05159310032474499
0,0,0.00015434731187663014
0,0,0.140894563057957
0,0,0.14964520843766385
0,0,0.07992335504184671
0,0,0.054341552342475216
0,0,0.09379843776894004
0,0,0.08385409102737477
1,0,0.11165477050074978
0,0,0.11745041723100304
0,0,0.11134638695493912
0,0,0.05029010093514626
0,0,0.0875748680351287
0,0,0.06272660662015846
0,0,0.09496567193383908
0,0,0.09665583361608839
0,0,0.0828757853380105
0,0,0.06625519268508888
1,0,0.18864017205934555
0,0,0.06475800165528496
0,0,0.07038140965919991
0,0,0.09529331562054061
0,0,0.12530805282194912
0,1,0.5617639765715967
0,0,0.07249872507538797
0,0,0.00021165666752087978
0,0,0.058837366960409525
0,0,0.08911519613224295
0,0,0.07620205005910216
1,0,0.09398997548815217
0,0,0.0322896130413435
0,0,0.07533868251234282
0,0,0.14809295816459628
0,0,0.10203265203443722
1,0,0.10290856006880167
0,0,8.558377603266247e-05
0,0,0.07026584661692914
0,0,0.05540023381155741
0,0,0.07988650972741976
0,0,0.00012442912178618165
0,0,0.09887337875205549
0,0,0.11837853742975421
0,0,0.1400940619516135
1,0,0.1601341092525041
0,0,0.18156967940137136
0,0,0.11320531049982892
0,0,0.11611294712066415
0,0,0.0003235597244570473
1,0,0.09370301367633102
0,0,0.12415523179214637
0,0,0.039771937561595756
0,0,0.0489555655609684
0,0,0.16027635596633258
0,0,0.04243022796898238
0,0,0.054202642602443056
0,0,0.06150839666158276
0,0,0.2424547524256059
0,0,0.09257276350813452
0,0,0.06353531169205415
0,0,0.3575025395103627
0,0,0.022055788340974568
0,0,1.5249181854323722e-06
0,0,0.10676962954393135
0,0,0.056916330549148256
0,0,0.08271092923264514
0,0,0.11684461856704927
0,0,0.1374841333119514
0,0,0.09926579245149447
1,0,0.0747013607912893
0,0,0.10622492484148871
0,0,0.07865625928726483
0,0,0.09361294437203277
0,0,0.1751736816441442
0,0,0.021307260673111388
0,0,0.11830613873253218
0,0,0.08484700115524266
0,0,0.14363462942169178
0,0,9.894268775282292e-05
0,0,0.0890387413458741
0,0,0.08844047855618321
0,0,0.04105431799375968
0,0,0.06773739767432747
0,0,0.059404609879262875
0,1,0.5100068510862876
0,0,0.12470018222311126
0,0,0.1057100536650644
0,0,0.13179841212203147
0,0,0.2843410972761213
1,0,0.1466606917986854
0,0,0.23005900400920803
0,0,0.14170087521979485
0,0,0.057514646734312856
0,0,0.038093298414873064
0,0,0.13310323172318747
1,0,0.11612847556731509
0,0,0.06172583864053321
0,0,0.1587507868164043
0,0,0.11125813786985507
1,0,0.1329440222282037
0,0,0.09097649541941054
0,0,0.17141649209944126
0,0,0.08910019462181501
0,0,0.20539579582731607
0,0,0.07326874782427491
0,0,0.07876737350198942
0,0,0.1320135661429496
0,0,0.137522562542423
0,0,3.460259926659911e-05
1,0,0.10719967196226274
0,0,0.08001493429192327
0,0,0.08687650501473262
0,0,0.06336688757475799
0,0,0.024145844917331592
0,0,0.056126922886185183
0,0,0.13926971518594308
0,0,0.16345658068490743
0,0,0.12038978051620788
0,0,9.594503776067763e-05
0,0,0.08950708846846114
0,0,0.09723000007255465
0,0,0.16428068943969432
0,0,0.14653597111027872
0,0,0.05604240478203974
0,0,0.0941688834848708
0,0,0.16609696002903646
0,0,0.08997155158611715
0,0,0.10321153572034956
0,0,0.06340056930577853
0,0,0.07775623368086249
0,0,0.06681448803137123
0,0,0.056428579338630734
0,0,0.09165442404675396
0,0,0.2227586964879381
1,0,0.0950321858096901
0,0,0.12479418189108062
0,0,0.05212498740022317
0,0,0.14270179136008465
0,0,0.21971575009387667
0,0,5.118052478994902e-05
0,0,0.18525753645538925
1,0,0.06888489346911658
0,0,0.17968943017326455
0,0,0.057702179877399354
0,0,0.14273036290151353
0,0,0.162677619905754
0,0,0.04601175482060914
1,0,0.3011003830006799
0,0,0.00011412223284389163
0,0,0.09900532302657274
0,0,0.14486607765390688
0,0,0.0006802532122021881
0,0,0.36027595744471563
0,0,0.11050932070235339
0,0,0.07179918173338956
1,0,0.0002880559946711153
0,0,0.08847358485626289
0,0,0.14533048370721846
0,0,0.06951872833479371
0,0,0.11336147824781687
1,0,0.08898040908376664
0,0,0.1954338319594729
0,0,0.045593154476405724
0,0,0.06078013603852778
0,0,0.11920215046762712
0,0,0.04639599929015822
0,0,0.09421366713100414
0,0,0.07650660769933999
0,0,0.07067786954941986
0,0,0.07507802249092148
0,0,0.16037321579581484
0,0,0.22921478030876014
0,0,0.18618502841913878
0,0,0.10703133951339587
0,0,0.0996538573132958
0,0,0.06152885812871728
0,0,0.14233341834725274
0,0,0.2175987773242423
0,0,0.11687321801853064
0,0,0.15612208941940695
0,0,0.16834472182194588
0,0,0.15487793220869106
0,0,0.34512840817039664
0,0,0.08156544645609211
0,0,0.09019531363202471
0,0,0.09987388800518991
0,0,0.13978746809938652
0,0,0.019613736260860788
0,0,0.0798628980456351
1,0,0.08499280808528105
0,0,0.03103552393814868
0,0,0.27925900447458313
0,0,0.037092617882518594
0,0,0.12125433756963501
0,0,0.07033600541133908
0,0,0.10555847842211104
0,0,0.10909224987769688
0,0,0.1130098846823125
0,0,0.16542584844237335
0,0,0.07835960009010481
0,0,0.052332872686187616
0,0,0.10027541319599453
0,0,0.11750695844234964
0,0,0.0974750578277962
0,0,0.1386329200713684
0,0,0.09258204977253896
0,0,0.09731421637576096
0,0,0.08785342875646103
0,0,0.02693824887233613
0,0,0.08934367729769299
1,0,0.07058929222467579
0,0,0.14177490857789576
0,0,8.010529301309517e-05
0,0,0.035947028493477515
0,0,0.07039346444729554
0,0,0.08101426784638596
0,0,0.13805280464988612
0,0,0.04981899092812851
0,0,0.12121302513235475
0,0,0.08744383254080791
0,0,0.08606560166387338
0,0,0.07527291717410049
0,0,0.10412158494515258
0,0,0.061031501362764584
0,0,0.044365078342744724
0,0,0.1084452207552742
0,0,0.1258757820337648
0,0,0.07417538638923234
0,0,0.10406543960798223
1,0,0.06920250126481806
0,0,0.06545258332463573
0,0,0.08283432796468457
0,0,0.07118507104408701
0,0,0.11078997827783536
0,0,0.05910435357842965
0,0,0.25992383430312554
0,0,0.20117279102339772
0,0,0.2006705545177173
0,0,0.08145709519471094
0,0,0.06688415541421089
0,0,5.902982175028727e-05
0,0,0.10468863532120083
0,0,0.04213103118981759
0,0,0.09860289816099231
0,0,0.05014645067481286
0,0,0.2158185814014725
0,0,0.07748941736130643
0,0,0.05222671618998734
0,0,0.05176764564150033
0,0,0.05862187356677058
0,0,4.982900359449412e-05
0,0,0.3873315825223588
1,0,0.05629801398817055
0,0,0.08506409296741045
0,0,0.11386918058850004
0,0,0.08909518937777797
0,0,0.11814474450991544
0,0,0.08981469729656796
0,0,9.644885983026731e-05
0,0,0.27602663410278727
0,0,0.14086453023292322
0,0,0.11514956300688874
0,0,0.12388104485621138
0,0,0.0890151240592186
0,0,0.11861323626012074
0,0,0.1228393700044136
0,0,0.057430702644366484
1,0,0.13260304269030354
0,0,0.03779979056680503
1,0,0.1324491188539457
1,0,0.08661629673393802
0,0,0.1809139073660294
0,0,0.14325869656160475
0,0,0.08646144791419823
0,0,0.12061766746204622
0,0,0.09491465152100215
0,1,0.5985140989151007
0,0,0.11030884482381959
0,0,0.01889567889816116
0,0,0.09559991491772389
0,0,0.10664532391556922
0,0,0.07496845590497064
0,0,0.0963033379296138
0,0,0.0419054091452835
0,0,0.024304683631462067
0,0,0.010116901831760217
0,0,0.033116995963369936
0,0,0.08630605195405243
0,0,0.1435994968801649
1,0,0.09028777824987956
0,0,0.14073685205298606
0,0,0.05963831490625422
0,0,0.08420003865261565
0,0,0.061061709194896306
0,0,0.12800903791865526
0,0,0.10968737962039789
0,0,0.18791041893644475
0,0,0.05165195606856994
0,0,0.03628276185116702
0,0,0.05713569458074679
0,0,0.13212527121139359
1,0,9.036548948413707e-05
1,0,0.09198654273339096
0,0,0.04683205196184034
1,0,0.17869884819481377
0,0,0.08824902268695876
0,0,0.12785824122418427
0,0,0.08894280172230777
0,0,0.11228694334041449
0,0,0.1105747714016402
0,0,0.11375117084432182
0,0,0.052754869414720976
0,0,0.10082480022493062
0,0,0.10852040529594786
0,0,0.14381116559813475
0,0,0.1044220516135537
1,1,0.6916630030686868
0,0,0.07376147942346521
1,0,0.07986178763310302
0,0,0.14612834302017896
0,0,0.15214503578759503
0,0,0.083104707277004
0,0,0.08727740707957703
0,0,0.08877772205292543
0,0,0.07219746209961911
0,0,0.11937771831509347
0,0,0.1585107544480286
0,0,0.07245850489438192
0,0,0.06531304969029424
0,0,0.0929856559022467
0,0,0.10720395905299357
0,0,0.14337561861185483
0,0,0.08133739241411929
0,0,0.1523673256632404
0,0,0.08626162216954406
1,0,0.09291384946125483
0,0,0.1066594387291989
0,0,0.08608076661386911
0,0,0.20865317230439503
0,0,0.08003906695715494
0,0,0.169118223161901
0,0,0.029228276944543552
0,0,0.08711576327165348
0,0,0.1492915012551934
0,0,0.07548119082133001
0,0,0.24621815415313839
0,0,0.07972501731680838
0,0,0.11541258550103146
0,0,0.04958261421541083
0,0,0.07936202801730324
0,0,0.39075350239320655
0,0,0.07235247827150239
0,0,0.08403484933006719
0,0,0.20195548690554652
0,0,0.05821225207625703
0,0,0.08500294037949413
0,0,0.08898898959964417
0,0,0.10651376534216406
0,0,0.05039468601905673
1,0,0.09726338875770758
1,0,0.05334498066780992
0,0,0.2238037453727739
1,0,0.12471636078338097
0,0,0.08897005300198145
1,0,0.09993472350619444
0,0,0.12246620817604673
0,0,0.06473953859927742
0,0,0.10238875428036291
0,0,0.04614564185148235
1,0,0.22146447169342043
1,0,0.11294084442810173
0,0,0.07819570507647983
1,0,5.831521160081049e-05
0,0,0.06051034645047439
0,0,0.00017958127209980764
0,0,0.13625059502621403
0,0,0.1743815566845642
0,0,0.11113980710774454
1,0,0.1565047207173558
1,0,0.043987717453058656
0,0,0.06722668767413863
0,0,0.14606607206413796
0,0,0.08095245773444001
0,0,0.14091539159281147
0,0,0.11005351780928711
0,0,0.0830222183135062
0,0,0.2565670424280979
0,0,0.05971189024406269
0,0,0.16167627747480923
0,0,0.09124360225653437
0,0,0.09276141946846347
0,0,0.013025046162742453
0,0,0.053375475771913775
1,0,0.3737768161035817
0,0,0.17087959157956953
0,0,0.07239206958117761
0,0,0.10239139004640858
0,0,0.1403389759074205
0,0,0.07372624431670761
0,0,5.29549866495391e-05
0,0,0.0919207266342346
0,0,0.09117466704239917
0,0,0.10671504035419192
0,0,0.0706199331257508
0,0,0.07275798482763318
0,0,0.08265282727731207
0,0,0.05709647982832395
0,0,0.27164168021704715
1,0,0.13708670421630256
0,0,0.03913467813186917
0,0,0.16467710434491825
0,0,0.2524068220636104
0,0,0.11212080020919048
0,0,0.08495412281409272
0,0,0.07775802142611743
0,0,0.06155315550469339
0,0,0.03110351132518274
0,0,0.04754247408996682
0,0,0.1006877811690654
0,0,0.13633102334574268
1,0,0.07628981067824357
0,0,0.1622577965111863
0,1,0.9996969478787949
0,0,0.14665167884076682
0,0,0.06419555160332088
0,0,0.11831178686846291
0,0,0.09168488711251205
0,0,0.1541359523401262
0,0,0.001971118735466408
1,0,0.24927461981971422
0,0,0.15178943645404686
0,0,0.1477899240805329
0,0,0.005058968209519541
0,0,0.18292857087044978
0,0,0.09378281417919965
0,0,0.12581882740350925
0,0,0.02960106829529926
0,0,0.14639342028787095
0,0,0.15587415853637251
1,0,0.30570807580281606
1,0,0.09540647111606373
0,0,1.3289680153640764e-06
0,0,0.05718293896479487
1,0,0.20213738876445497
0,0,0.08169918389904388
0,0,0.07379865681884129
0,0,0.09637963726316251
0,0,0.1339598031016047
0,0,0.11851763517801596
0,0,0.17746474017569766
0,0,0.1477065467063873
0,0,0.13508930239276024
0,0,0.18867668310001695
0,0,0.10351227884124582
0,0,0.18175689007526796
0,0,0.08613358555172651
0,0,0.15512880338167206
0,0,0.10842616694035116
0,0,0.04652922405185654
0,0,0.12461386863070127
0,0,0.11039117363939997
0,0,0.0637654351338127
0,0,0.05551977982924342
0,0,0.37471550848720947
0,0,0.09658297485005184
0,0,0.0905530144255612
0,0,0.17125524548842752
1,0,0.1174762067474801
0,0,0.11503618683360367
0,0,0.05425935430798446
0,0,0.08421200261952214
0,0,4.43667833086379e-05
0,0,0.10277392083934306
0,0,0.1388684726538647
0,0,0.08633591289609105
1,0,0.09837491227627787
0,0,0.0010452181827269099
0,0,0.07628435508685785
0,0,0.0899012791788035
0,0,0.17621347603055748
0,0,0.19211933052848623
0,0,0.10796713341856504
0,0,0.10763067535013672
0,0,0.042824430855143154
1,0,0.1070619842377833
0,0,0.2305587233522569
0,0,0.06423567255868388
0,0,0.048683288194110025
0,0,0.07297265058633531
0,0,0.0685979327519774
0,0,0.233066843960229
0,0,0.00016987660122001983
0,0,0.13865189587436746
0,0,0.07495371062620183
0,0,0.06684263357891208
0,0,0.00019429051972782023
0,0,0.11265332344652496
0,0,0.039108593998544015
0,0,0.06483865035563585
1,0,0.2127179157612262
0,0,0.11897056309958322
0,0,0.0190409203523474
0,0,0.14418231989264724
0,0,0.06622007925132435
0,0,0.07786082289304201
0,0,0.16254608316914804
1,0,0.09026963107293405
0,0,0.09122549482373145
0,0,0.09276346944286085
0,0,0.041266288692053406
0,0,0.0011674590775881167
0,0,0.3717819862056477
0,0,0.05967981402612537
0,0,0.0999258602483078
0,0,0.06368173347882503
0,0,0.13208294753566865
0,0,0.1203100869308604
0,0,0.08153325931148969
0,0,0.06991172471323073
0,0,0.10119298543802906
0,0,0.07570645466619358
0,0,0.14812603647360817
0,0,0.09521017181877549
0,0,0.04406205088083458
0,0,0.17985548762404857
0,0,0.12126202198833246
0,0,0.08139965996392792
1,0,0.13152117089484236
0,0,0.07226859846137164
0,0,0.05404361039356651
0,0,0.11421684974859604
0,0,0.07622446707975628
0,0,0.08636178826507848
0,0,0.11807771839922278
0,0,0.14325214165358294
0,0,0.08998669049132905
0,0,0.04030072282507726
0,0,0.15356198335047683
0,0,0.08231453778806085
0,0,0.0868022291289311
0,0,0.12906264822933067
0,0,6.200464273614456e-05
0,0,0.12592933060663472
1,0,0.07281725942242213
0,0,0.07323010290573191
0,0,0.1410636622431889
0,0,0.08055912827917922
0,0,0.09788909975215522
0,0,0.11521435064559066
0,0,0.12596855207384278
0,0,0.139617977071309
0,0,0.0675138604538269
0,0,0.00020409132123762905
0,0,1.528256098975304e-07
0,0,0.162546911815645
0,0,0.10833868085344309
0,0,0.2253027734284279
0,0,0.07921692325963971
0,0,0.13176542928804494
0,0,0.08991704648816874
0,0,0.18049001376022714
1,0,0.06464128713117619
1,0,0.03435901464102503
0,0,0.0732817182978622
0,0,1.7593712963030467e-05
0,0,0.07956025675101505
0,0,0.11097043279777528
0,0,0.058790520008544185
0,0,9.465259896919678e-05
0,0,0.12311089063557434
0,0,0.0006101451509527372
0,0,0.06690117195450355
0,0,8.83078743080893e-05
1,0,0.3090701029452483
0,0,0.02326031591688518
0,0,0.10039638792514798
0,0,0.08033251923737801
0,0,0.059650217455061064
0,0,0.11674842379644387
0,0,0.11439811354306915
0,0,0.06445713956838531
0,0,2.2168360184132334e-10
0,0,0.09490181279927301
0,0,0.0872205778222718
0,0,0.06780594484379354
0,0,0.08386382537542075
0,0,0.12536794054733677
1,0,0.1621116509647638
0,0,0.138707459586297
0,0,0.11608260739773411
0,0,0.1179719494361816
0,0,0.11953715016113926
0,0,0.1457947303964486
0,0,0.1937587055740129
0,0,0.09477393419831004
0,0,0.09023602009541719
0,0,0.13254975342638894
0,0,0.25221159453310954
0,0,3.1833349827110846e-07
0,0,0.08898550835706678
0,0,0.16780497120401014
1,0,0.09366867829504043
0,0,0.07707144916859096
0,0,9.117132713131382e-05
0,0,0.05203758459174499
1,0,0.30262453341855405
0,0,0.13437006306460694
0,0,0.10295658029013478
0,0,0.00015173145647072477
0,0,0.20962658287298996
0,0,0.0889994151712914
0,0,0.07277390557768097
0,0,0.10531701281514484
0,0,0.12862606756407444
1,0,6.876402178922604e-05
0,0,0.10136760653645217
0,0,0.18163609575715878
0,0,0.0686446555871978
0,0,0.08221986926814796
0,0,0.1526705346672591
0,0,0.08368657871202276
0,0,0.37423243613255414
0,0,0.13338278483411972
0,0,0.17834004549570778
0,0,0.08260882858002123
0,0,0.05965214569980236
0,0,0.09334060782145684
1,0,0.08820092750927272
0,0,0.10579655947809094
0,0,0.16043537958663062
0,0,0.059350801498578444
1,0,0.07758655255631237
0,0,0.08503078423209426
0,0,0.00025920802288907684
0,0,0.0743807559479146
0,0,0.06268112468918746
0,0,0.10455772163583225
0,0,0.09652765314380012
1,0,0.11427686765517171
1,0,0.15343860854788338
0,0,0.08949785029331636
0,0,0.11367625888048366
0,0,0.10173910612404613
0,0,9.709609003982335e-06
0,0,0.08967204838089111
0,0,0.13475341585043765
0,0,4.689240692323246e-05
0,0,0.28203280170626244
0,0,0.11229972225248755
0,0,0.09159075376375964
0,0,0.22029532056010434
0,0,0.2167780783523554
0,0,0.05764050226441475
0,0,0.06338550618167893
0,0,0.059996106259095634
0,0,0.13940875768470393
0,0,0.07262079832586343
0,0,0.143237229478177
0,0,0.0814798697468011
0,0,0.10156308660380915
0,0,0.09015848149975615
0,0,0.039292234792817904
1,0,0.1751023087389603
0,0,0.13609897203104668
1,0,0.31949420546535634
0,0,0.00021029013913735723
0,0,0.1204011260656877
0,0,0.49281032244041023
0,0,0.06030800749833631
0,0,0.26853077195874575
0,0,0.07976317253535384
0,0,0.10518026837876625
0,0,0.09928898388283397
0,0,0.046934058316391386
1,0,0.10335050526463378
0,0,0.0984998221373234
1,0,0.13807238738936417
1,0,0.00012801015126121407
0,0,0.23416862373742534
0,0,0.062415356846437245
1,0,0.09340767299261689
0,0,0.26270978546624313
0,0,0.029931979712538453
0,0,0.24545878265007715
0,0,0.3995642908653498
1,0,0.12084301618326307
0,0,0.02317276333124537
0,0,0.09462078767461585
0,0,0.07601695804518244
1,0,0.1784046142831425
1,0,0.20883769465289578
0,0,0.08120322228887587
0,0,0.10109224317892539
0,0,0.10084773831288343
0,0,0.14693722735864367
1,0,0.09123288768079361
0,0,0.14077067424599937
0,0,0.07680370477201084
0,0,0.11431903951721582
0,0,0.0937252979444858
0,0,0.10861933378045546
0,0,0.10499059588005188
0,0,8.626781565752634e-05
0,0,0.20468747593883183
0,0,0.11630295059115872
0,0,0.11329742033546829
1,0,0.1872572964864285
0,0,0.06339126745988657
0,0,0.1511041854169087
0,0,0.08077473721174122
0,0,0.07305837070972336
0,0,0.09791986731360255
0,0,0.0840172005042756
0,0,0.049052241794320176
0,0,0.08614216441320248
0,0,0.04935497683022664
0,0,0.09732996486252032
0,0,0.15397181604570437
0,0,0.07823970953658203
0,0,0.0017444334280922265
0,0,0.10532352962206272
0,0,0.03583146584626726
0,0,0.03932075225531834
1,0,0.05923951716097767
0,0,0.06560006275425952
0,0,0.08082023171397987
0,0,0.22883190231816988
0,0,0.15992613819465099
0,0,0.10653784140230758
0,0,0.1490830817320917
0,0,0.06896655130441011
0,0,0.08445496225112864
0,0,0.0661653650821043
0,0,0.07203466934870761
0,0,0.052630202434593605
0,0,0.281636462923512
0,0,0.0882078121304537
0,0,0.08155568817175698
0,0,0.11461799256791673
0,0,0.11698821110217088
1,0,0.18438395270353236
0,0,0.21676452472318808
1,0,0.0463638796798377
0,0,0.0653675357394238
0,0,0.06332432571567559
0,0,0.09616831124921653
0,0,0.07752639365677763
0,0,0.06361233625639978
0,0,0.10459921666653854
0,0,0.04456202198488045
1,0,0.18623970060372663
0,0,0.1510225837345543
0,0,0.07008086449395702
0,0,0.05418773449730403
0,0,0.1748307900310192
1,0,0.07418300500238653
0,0,0.06432337506985393
0,0,0.10875355003551979
0,0,0.2488312512422355
0,0,0.0624293854302849
1,0,0.2898455906421373
1,0,0.12997307307563788
0,0,0.13763446924123426
0,0,0.053689010963630796
0,0,0.0726448700153372
0,0,0.38552738029016276
0,0,5.729325944634344e-05
0,0,0.10451734582753906
0,0,0.09071535241627952
0,0,0.2628093819411198
1,0,0.12291931879609923
0,0,0.07080219959636762
0,0,0.05494771614823835
0,0,0.10960459042532343
0,0,0.057133180935488845
0,0,0.10834324212959659
0,0,0.0779134564470044
0,0,0.10757213963706343
0,0,0.11493287949974917
0,0,0.07729369626356597
0,0,0.3477573917352754
0,0,0.1351597116540278
1,0,0.06313536887010605
0,0,0.00010940575244740756
0,0,0.06153728461917031
0,0,0.03699906382118039
0,0,0.13735742944349164
0,0,0.07189350241029609
0,0,0.08654601764635063
1,0,0.11080677633697779
0,0,0.06232922188376202
1,0,0.05533566152577885
0,0,0.1044680620102618
0,0,0.09369055892233252
0,0,0.19043892508804477
0,0,0.25414777053036014
0,0,0.11107676798102742
0,0,0.1413965538429486
0,0,0.12082616276585668
0,0,0.09531791944113552
0,0,0.06442836747192943
0,0,0.11465673146432916
0,0,0.1278982076236462
0,0,0.09830938330393024
0,0,0.00010036879154363193
0,0,0.19073708111450213
0,0,0.07929910319022969
0,0,0.06294452095872845
0,1,0.6684403358006752
0,0,0.07813581456524998
0,0,0.046744964857937416
0,0,0.08147129910866702
0,0,0.28721138162361126
0,0,0.11729148779818892
0,0,0.1494269966555033
0,0,0.26095776524923264
0,0,0.05452154382332386
0,0,0.1566364417230869
1,0,0.17080325450760728
0,0,0.10313521496902583
0,0,0.06910109342388417
0,0,3.685490705697459e-05
0,0,0.10095964118406728
0,0,0.1166573110132952
0,0,0.1603231212383044
1,0,0.08365791325617745
0,0,0.15212254389942378
1,0,0.23261657287433576
0,0,0.10949362366206897
0,0,0.09050516577551909
0,0,0.09122313919524387
0,0,0.13197110611616963
0,0,0.060491248724984105
0,0,0.12841298542672863
0,0,0.1004523918605641
1,0,0.10219575204798775
0,0,0.062352450739348954
0,0,0.04776329976927376
0,0,0.18210588082583976
0,0,0.0957940985616412
0,0,0.07539909457348395
0,0,0.07595826755807757
0,0,0.07921819712935477
0,0,0.041677284557153325
1,0,0.3677692637057765
0,0,0.0007684446651061642
0,0,0.16793362469356127
0,0,0.06174079953787504
0,0,0.09876796638080579
0,0,0.09468026003843201
0,0,0.036247815893857865
0,0,0.0641063300059833
0,0,0.06741598991253234
0,0,0.123830160219884
0,0,0.10337935260980365
0,0,0.0908828286796151
0,0,0.08080511491202709
0,0,0.08638094931254071
1,0,0.06112920144752506
0,0,0.0738528101779625
0,0,0.07429309805131737
0,0,0.1885968089980152
0,0,0.09904493865457964
1,0,0.17438036884744043
0,0,0.09986259223304231
0,0,0.04493076203725309
0,0,0.019701300801529296
0,0,0.13251165240672888
0,0,0.1336304299489215
0,0,0.06491054389220251
0,0,0.11454747693536259
0,0,0.06782669373205526
0,0,0.1028603453397806
0,0,0.0968635037445799
0,0,0.04188207875547437
0,0,0.10307561783437914
0,0,0.06640301664078294
0,0,0.16410470037808125
0,0,0.0821445214146934
0,0,0.13981570783055677
0,0,0.1593057899727165
0,0,0.13154359921802153
1,0,0.12463429350419541
1,0,0.18048562513721747
0,0,0.11044341989527348
0,0,0.06139541581019445
0,0,0.059432479325181926
0,0,0.11860274718039586
0,0,0.19191810411339563
0,0,0.06761732745267783
0,0,0.11162206528562615
0,0,0.05213265551656185
0,0,0.12696077587114848
0,0,0.09673796742301996
0,0,0.06454197334778354
0,0,0.1019577280304344
0,0,0.08950256851915259
0,0,0.09972740912159966
0,0,0.25758513659410054
0,0,0.1259756463325236
0,0,0.04811599330108437
0,0,0.06071255374326755
0,0,0.08840930155104322
0,0,5.341263042251907e-05
0,0,0.07894067292934484
0,0,0.11389050453479614
0,0,0.10169651054999836
0,0,0.13205752782710378
0,0,0.07154867208413124
0,0,0.10085687201146012
0,0,0.041062534963478926
1,0,0.14364390212975697
0,0,0.31243909485058285
0,0,0.0934129493240571
0,0,0.00010476960573172851
0,0,0.14198292976584978
0,0,0.1138926348206584
0,0,0.0667018206963016
0,0,0.08712986589619084
0,0,0.0712144056685588
0,0,0.04076173615687858
1,0,0.09538560756176655
0,0,0.14651839884207393
0,0,0.06052857778009742
0,0,0.06705220700814647
0,0,0.0968128399773241
0,0,0.16091114213093416
0,0,0.06093166558647867
0,0,0.11700147226771217
0,0,0.08408552174571084
0,0,0.10571388583283485
0,0,0.1830320496781356
0,0,0.1190480002852528
0,0,0.00015162841222323204
0,0,0.022129945684907715
0,0,0.05977873939142878
0,0,0.1229320699435044
0,0,0.11873657258828267
0,0,0.2615826281638725
0,0,0.05124167794953187
0,0,7.331587224921236e-05
0,0,0.17844602276033947
0,0,0.07817435984747785
0,0,0.09166012483602938
0,0,0.10385792069665989
0,0,0.02978954852872435
0,0,0.08875632939299379
0,0,0.0681848196903545
0,0,0.073835457673168
0,0,0.13258064544897838
1,0,0.07539311830344293
0,0,0.1003391953794808
0,0,0.13569860360064148
0,0,0.09628746009570904
0,0,0.1074064023051887
1,0,0.1512384500362903
1,0,0.08453045860873704
0,0,0.13409179942134167
0,0,0.11439849507967945
0,0,0.22941494727104828
0,0,0.14910357329710827
0,0,0.0970958342402815
0,0,0.08129393833676253
1,0,0.11541801457669291
0,0,0.11288822641381357
0,0,0.19480472585679315
0,0,0.1956581997178954
0,0,7.155432668387384e-05
0,0,0.12449343696080198
0,0,0.07334226664610359
0,0,0.058164621596934
0,0,0.18489314173018873
0,0,0.02518924221531731
1,0,0.09505386321224246
0,0,0.09726677238402613
0,0,0.050635770698177957
0,0,0.15499291174558247
0,0,0.11346988328363934
1,0,4.236081038235003e-05
0,0,0.08547688432305149
0,0,0.4397308835356505
0,0,0.17432901005007126
0,0,0.1789841925816529
0,0,0.10597663738823085
0,0,0.2558132298972893
0,0,0.05859204272491539
0,0,0.17457936077824077
0,0,0.10069826714450321
0,1,0.9998419188861613
0,0,0.06311350945307777
0,0,0.10944082995619575
0,0,0.07308522937472992
0,0,0.07409025825557106
0,0,0.11860513296116916
1,0,0.15292139551751727
0,0,0.08572744174390683
1,0,0.11228449708747776
0,0,0.10902711781834891
0,0,0.19527312651188442
0,0,0.10504123881574391
0,0,0.06389775400366351
0,0,0.05686280264487598
0,0,0.05948098858474486
0,0,0.0001160593282465401
0,0,0.09413454055452866
0,0,0.25072861258370016
0,0,0.17501937361616185
0,0,0.1857559588196367
0,0,0.18840369767514015
0,0,0.10980409613156278
0,0,0.16309480249210825
0,0,0.07798259506616562
1,0,0.07308488607807447
0,0,0.0005250936555588206
0,0,0.09590300586067077
0,0,0.1403775107750725
0,0,0.040258257546889026
0,0,0.10332004386117453
0,0,0.16662737229075242
0,0,0.09909459984506688
0,0,0.08010068222485124
0,0,0.053291734146519575
0,0,0.016028983370019626
1,0,0.12377774891792526
0,0,0.1320466501296535
0,0,0.08703816039163355
0,0,0.12465996024736754
1,0,0.05698134837058312
0,0,0.09996713367985927
0,0,0.04928846364341838
0,0,0.10398931939598775
0,0,0.14908155897920855
0,0,0.1474931724214125
0,0,0.10538292584542581
0,0,9.769702509110287e-05
0,0,0.09983518252007419
0,0,0.0877089844582381
0,0,0.04875382316406339
0,0,0.05588744376156333
0,0,0.051055072229020074
1,0,0.11553781114380697
0,0,0.08709169757147844
0,0,0.10394011718992896
0,0,0.15233561352574493
0,0,0.039956913929070616
0,0,0.06112516879142823
1,0,0.07206905741902984
0,0,0.13161652039105637
0,0,0.18623002046546017
0,0,0.05896998755146366
0,0,0.26367996215028916
0,0,0.21168616027752596
1,0,0.221353448174263
0,0,0.0859206472226088
1,0,0.16897160688822405
0,0,0.07810453804516714
0,0,0.0931631172530188
0,0,0.08753312922507299
0,0,0.10808565082572368
0,0,0.10243990014341421
0,0,0.06698479584250916
0,0,0.13326723228176987
0,0,0.4562858998715226
0,0,0.26485573509656
0,0,0.04540888162304994
0,0,0.05897270353287207
0,0,0.08456751090095033
0,0,0.09159773861337281
0,0,0.07164157026092698
0,0,0.13972778868650332
0,0,0.19494179712335077
0,0,4.973242947996147e-05
0,0,0.02544065794256884
0,0,0.15945602161438954
0,0,4.3771189112116346e-05
0,0,0.11534716086311644
0,0,0.06509024291085916
0,0,0.04805695331783316
0,0,0.046789597138509546
0,0,0.09600581699376722
0,0,0.14148328457611076
1,0,0.1659905430817074
0,0,0.12524311179418907
0,0,0.06034694846870324
0,0,0.08675131897230308
0,0,0.12249478188895938
0,0,0.0899071647381304
0,0,0.055708644747791705
0,0,0.07858398351430795
0,0,0.09023192521346557
0,0,0.04377686414132375
1,0,0.06529796479057431
0,0,0.14435178170697072
0,0,0.04464171654363623
0,0,0.17202185208304033
0,0,0.03446655090629313
0,0,0.1520172178698587
0,0,0.05108458357160351
0,0,0.09386385475073206
0,0,0.021061821134351177
0,0,0.14337116689930907
0,0,0.19171608534685572
0,0,0.12782119044021414
0,0,0.05063736785191994
1,0,0.2769724171164716
0,0,0.08177361173118342
0,0,0.07712983906182666
1,0,0.10164818365288121
0,0,0.11560073745736879
0,0,0.12170196580799546
0,0,0.11963407445569287
0,0,0.14759501145604742
0,0,0.05942861163740521
0,0,0.117467448530571
0,0,0.07315080761532639
0,0,0.12056859308135964
0,0,0.0756563129292719
0,0,0.12415143658245385
0,0,0.06916038399391077
0,0,0.2414033987385782
0,0,0.1354886059123721
0,0,0.423997375870632
0,0,0.16481030882622702
1,0,0.10735592377433328
0,0,0.038500355883048794
0,0,6.592763394571069e-05
0,0,4.711281929442211e-05
0,0,0.1607930788955172
0,0,0.15300271186039674
0,0,0.09676596755797814
0,0,0.03371632450043544
0,0,0.19843381915803837
0,0,0.06972246421320832
0,0,0.2178881209419799
1,0,0.11431139243447601
0,0,0.06104878530658793
0,0,0.10975228870667623
1,0,0.09597404219535081
0,0,0.06865860758519486
0,0,0.1424554137025897
0,0,0.08528372060575053
0,0,0.07852829447353984
0,0,0.0975899450375791
0,0,0.12780301804930175
0,0,0.13621855551490605
0,0,0.06625283775817224
0,0,0.06024029509504914
0,0,0.2261260136384508
0,0,0.08093663683740379
0,0,0.03532828165004663
0,0,0.0192595617284812
0,0,0.08971778720038087
0,0,0.08261097205652305
0,0,7.097004768717624e-05
0,0,0.10156636052870233
0,0,0.12345609637469898
0,0,0.07256722265110542
0,0,0.058152561625500615
0,0,0.02234163781008641
0,0,0.12965160688718746
0,0,0.08955413397184747
0,0,0.06637589426609217
1,0,0.13353459211982796
0,0,0.0914544334100717
0,0,0.07490777527835087
0,0,0.1673279590303381
0,0,0.05785444171856193
0,0,0.10348406163748011
0,0,0.07205046703219109
0,0,0.0001161901921813249
0,0,0.134327769497333
0,0,0.09843894281171982
0,0,0.04885986868195804
0,0,0.050420578375943784
0,0,0.07384205711676899
0,0,0.15427600363131833
0,0,0.07480458593580676
0,0,0.11418816475589903
1,0,0.20239739823395284
0,0,0.06671843644852095
0,0,0.15752757153297287
0,0,0.09679398409159523
0,0,0.20239213923696142
0,0,0.06938643358792375
0,0,0.06606901259036786
0,0,0.053397611332465636
0,0,0.0001651312233849532
0,0,0.12613032424041565
0,0,0.056264893831230546
0,0,0.13089820086329076
0,0,0.09226510823551916
0,0,0.12600111003148912
0,0,0.17242053887810485
1,0,0.22423107301902837
0,0,0.04634711364101308
0,0,0.08801583866881124
0,0,0.06612236600901578
0,0,0.1092143130189451
0,0,0.1469659882249193
0,0,0.31486528332353114
0,0,0.07364644789222506
0,0,0.2794579942298063
0,0,0.25147298988675504
0,0,0.10371847005323896
0,0,0.09497611284858858
0,0,0.14141362884855244
0,0,0.0977495333774442
0,0,0.19362639549753216
0,0,0.1259167069035179
0,0,0.12756515515496508
0,0,0.10278821383644536
0,0,0.0614361556157209
0,0,8.462176255841979e-05
1,0,0.09440118780491794
0,0,0.13646611141672763
0,0,0.10292637664960619
0,0,0.05306210530933374
0,0,0.1008450330715755
0,0,0.07632807946788828
0,0,0.0905625331105656
0,0,0.05912116451983967
0,0,0.08069345066347205
0,0,0.0684723312097852
0,0,0.11644293687674893
0,0,0.07800737166167096
0,0,0.12519967725892656
0,0,0.1381272726975348
0,0,0.10524299264771404
0,0,0.0715099786770841
0,0,0.10486758128302305
0,0,0.0840783329652589
0,0,0.19380371989625844
0,0,0.06133546937377436
0,0,0.11142925038927076
0,0,0.07714120123054417
1,0,0.21706771055982196
0,0,0.022719488396067744
0,0,0.08231996050813092
0,0,0.051386687506574165
1,0,0.15925043306307404
0,0,0.10462535490060736
0,0,0.14199747322485795
0,0,0.1013992469765937
0,0,0.0707367668358764
0,0,0.18915722422111814
0,0,0.045833336920217946
0,0,0.045273801801367204
0,0,0.07072629233390024
1,0,0.12326179761584176
0,0,0.07273187620928694
0,0,0.07854635271960765
0,0,0.10698829185661009
0,0,0.14590224528965276
0,0,0.139719515795052
0,0,0.02912013336422366
1,0,0.12284331827775408
0,0,0.05129811686818828
1,0,0.19893496577088546
0,0,0.08925307437862923
0,0,0.12714688112946013
1,0,0.07096371679728203
0,0,0.11405359764683559
0,0,0.0953214561716511
1,0,0.11735799853295317
0,0,0.08995469393904551
0,0,0.11176076678956118
0,0,0.28160650007660126
0,0,0.05425315897341594
0,0,0.08916804116212765
0,0,0.09622913485362135
0,0,0.030168156640403666
0,0,0.08309246543831868
0,0,0.11976841999900159
1,0,0.4157832314170626
0,0,0.04276406683063223
0,0,0.056310584416262605
0,0,0.06292491452063424
0,0,0.13817944467375093
0,0,0.02507074078461953
0,0,0.10551713459053387
0,0,0.08577959285029554
1,0,0.1146064372488523
0,0,0.20173786557000958
0,0,0.0810068381734474
1,0,0.16374612567572872
0,0,0.05450648117879238
0,0,0.0380223821095152
0,0,0.05570915320745681
0,0,0.06180716150173214
0,0,0.23573450318338687
0,0,0.08064923839294913
0,0,0.08990219924060307
0,0,0.07316003237629433
0,0,0.10885926188148694
0,0,0.06727918897961697
1,0,0.16701111310663835
0,0,0.14390857835929588
1,0,0.12363898016473072
0,0,0.08065760750950329
1,0,1.946546320697333e-05
0,0,0.04637644387457893
0,0,0.04940739192800862
0,0,0.1274172007119536
0,0,0.06822731143978444
0,0,0.1480558738082457
0,0,0.00014801150707285482
0,0,0.23788987214987553
0,0,0.11138816295843512
1,0,0.177224853396976
0,0,0.051626366159799875
0,0,0.07601294081928292
0,0,0.1090267037198369
0,0,0.16599527255501131
0,0,0.08972982504131247
0,0,5.012125989516911e-05
0,0,0.09364233045774058
0,0,0.07504478438368102
0,0,0.11208727149558073
0,0,0.057420883359070765
0,0,0.172519164827649
1,0,0.20606075445882271
0,0,0.09224084055521613
0,0,0.061973249336343794
0,0,0.04148191325322528
0,0,0.10196043544429159
0,0,0.07603118966248555
1,0,0.12325113075304116
1,0,0.11335399673975327
0,0,0.10206046178880146
0,0,0.049696488239334174
0,0,0.11294893115169048
0,0,0.26567963434649045
0,0,0.21790479217467543
0,0,0.039770973744321404
0,0,0.1054120243579445
0,0,0.10188558796553349
0,0,0.14786925682483584
0,0,0.24385999978021974
0,0,0.16757677232350288
1,0,0.1568103163458317
0,0,0.07090469206268257
0,0,0.1940070871903278
0,0,0.20243921525896785
0,0,0.09242729792559654
0,0,0.07752754872804653
0,0,0.13017429164434033
0,0,0.3815957589510075
0,0,0.04793949109142971
1,0,0.04830465848624745
0,0,0.07644873254112829
0,0,0.1462747353225549
0,0,0.0004288015385092467
0,0,0.07707784431893776
0,0,0.17651635785590566
0,0,0.1321562196599842
1,0,0.1857358880461828
0,0,0.11522826625161366
0,0,0.03607271639302685
1,0,0.08468807193068055
0,0,0.196592332122732
0,0,0.09610037165622959
0,0,0.10334476713531947
1,0,0.10518471314524606
0,0,0.10528421773768797
0,0,0.127314333452183
0,0,0.1277361147209733
0,0,0.24372582097465018
0,0,0.046909281958218384
0,1,0.5820911891389905
0,0,0.05692423818989314
0,0,0.08782825353999825
1,0,0.022589639171891374
0,0,0.09968617705637228
0,0,0.16677160414413003
0,0,0.19472458928955103
0,0,0.060571153967412715
1,0,0.052011133799097636
0,0,0.1272587435659835
0,0,0.09424579568909902
0,0,0.07882001242202454
0,0,0.0872461586731103
0,0,0.024445021191007495
0,0,0.07006034694399885
0,0,0.23228928129092913
0,0,0.04703401923771113
0,0,0.19584731537150624
0,0,0.41597244399638783
0,0,0.09206301173143305
0,0,0.051832048462137965
0,0,0.04602360922001635
0,0,0.08575606748669556
1,0,0.16989946926130783
0,0,0.12255328943121677
1,0,0.3911607561182416
0,0,0.10056729350837844
0,0,0.12466636894432083
0,0,0.12983862891000425
0,0,0.04514948405828051
0,0,0.15071321721067074
0,0,0.04818362843048499
0,0,0.06166583997868705
0,0,0.123014721749276
0,0,0.39468835159127613
0,0,0.13196403454229333
0,0,0.09900834733531887
0,0,0.11780525447427176
1,0,0.1560429545961102
1,0,0.09193412429874692
0,0,0.018132090298867077
0,0,0.1116807439574145
0,0,0.13390828656811474
0,0,0.11640888115055693
0,0,0.14096404666730444
0,0,0.17267409109196483
0,0,0.01668958877376901
0,0,0.06520984338633473
0,0,0.05391750984698952
0,0,0.0847760155589912
0,0,0.06474440903902817
0,0,0.09426718893619912
0,0,0.06602204531460171
0,0,0.04722678496939243
0,0,0.21040028223955093
0,0,0.10656706075238628
0,0,0.09053000358389636
0,0,0.09162810087691606
0,0,0.08378287704686185
0,0,0.11699736668068234
0,0,0.04421049869716265
0,0,0.09021928032846167
0,0,0.10721806462826433
0,0,0.10284634634883674
0,0,0.05899423127850414
1,0,0.20470064398324195
1,0,0.190589430510071
0,0,0.07216916065581114
1,0,0.12004641286509937
0,0,0.07042105567140364
1,0,0.05402599020176701
0,0,0.00014173304654263238
0,0,0.12821124375812962
0,0,0.11362846745486788
0,0,0.06294588246248603
0,0,0.10305543951013392
0,0,0.11854756262876621
0,0,0.2049274345958427
0,0,0.12635587467416876
0,0,4.61851725600059e-05
1,0,0.13138126414522447
0,0,0.1266075273860366
0,0,0.21526697577892928
0,0,0.11223907095745708
0,0,0.08421163179638491
0,0,0.02144319937807201
0,0,0.06121091990404392
0,0,0.09476538287789428
0,0,0.2505165512796517
0,0,0.11915855591298163
0,0,0.0665916758151811
0,0,0.06443866157585974
1,0,0.11279131056748588
1,0,0.2360375100083566
0,0,0.19553733855717495
1,0,0.11503527878979039
0,0,0.13031731683335895
0,0,0.10818239980083331
0,0,0.05533308148933887
0,0,0.12564160074668893
1,0,0.04077779992611863
1,0,0.09642754648695792
0,0,0.15224403237067247
0,0,0.061165930512876
0,0,0.13902038741628148
0,0,0.07508460522473913
0,0,0.11427104411339752
0,0,0.08617638599612731
0,0,0.1651048577641367
0,0,0.11970844729195083
0,0,0.06746222171038295
1,0,0.07566600323996679
0,0,0.0994172410914827
0,0,0.09520603490207885
0,0,0.04787791885096311
0,0,0.01969035137842999
0,0,0.05951939510161645
0,0,0.08109821162330993
0,0,0.11214749486670884
0,0,0.00017111713590172158
0,0,0.27949529054916916
0,0,0.21318978498023317
0,0,0.11961863670037196
0,0,0.08632647394917231
0,0,0.1149758296987211
0,0,0.03530233791912759
0,0,0.0558382258306483
1,0,0.3978555092886505
1,0,0.07081981690804842
0,0,0.05035471169255239
0,0,0.1428943494524066
0,0,0.10438945607139881
0,0,0.07752728028467042
0,0,0.05477338564533728
0,0,0.022494575411523787
0,0,0.21862442705213145
0,0,0.06982115843533224
1,0,0.10086018114890227
0,0,0.06542350084991286
0,0,0.00011666343660868222
0,0,0.07769510683141712
0,0,0.000147623582535688
0,0,0.05822248035650203
0,0,0.07293840259565616
0,0,0.05256857896123183
0,0,0.021966642710313806
0,0,0.08407275824377418
0,0,0.12760244245243357
0,0,0.07730367811954823
0,0,0.12232955003048294
0,0,0.07831945216102884
0,0,0.00036080402596944567
0,0,0.12698232917999525
0,0,0.05101623913614975
1,0,0.10617214828280012
1,0,0.07717269537904821
0,0,0.061414244366036715
1,0,0.06618098732146231
0,0,0.03128908741642534
0,0,0.26267672127159586
0,0,0.1277682489695659
1,0,0.1605128917551343
0,0,0.08171242412531411
0,0,0.12902666543649577
0,0,0.027611324764047953
1,1,0.51486553441095
0,0,0.12292594364879965
0,0,0.08274818864674409
0,0,0.08881386829499509
0,0,0.08330170185551662
0,0,0.23218843066821993
0,0,0.1141566463363313
0,0,0.1473866375798665
0,0,0.12657384114924872
0,0,0.12716598435350365
0,0,0.086565379892577
1,0,0.1355344700500799
0,0,0.17820180821056375
0,0,0.05225402393643438
0,0,0.09140143276843606
0,0,0.06836957857812773
0,0,0.14413405016620534
0,0,0.019373438619001492
0,0,0.13814413205559703
0,0,0.12708983693878886
1,0,0.1612365629073574
0,0,0.14086318000310918
0,0,0.02875201427357554
0,0,0.07065561492117853
0,0,0.00019843024774304698
0,0,0.13293634304894722
1,0,0.07268725089633024
1,0,0.2863320997238463
0,0,0.12890717766772972
0,0,5.45941144418353e-07
1,0,0.16849426556419622
0,0,5.9624690770374085e-05
0,0,0.07872525382415031
0,0,0.17151256240019913
0,0,0.1565702296048383
0,0,0.01989317777643177
0,0,0.1186968207580852
0,0,0.08626319898307686
0,0,0.061655090961133675
0,0,0.10041646827202144
0,0,0.14495435622871586
0,0,0.0458119510620248
0,0,9.044660800387248e-05
0,0,0.0572159466227201
0,0,0.23736847470484132
0,0,0.1675809729349854
0,0,0.11033579698677454
0,0,0.10301940915594483
0,0,0.09440483432418208
0,0,0.06739766167141675
0,0,0.09880125333312487
0,0,0.0013758514196045733
0,0,0.1479076511761216
0,0,0.08483015840284924
0,0,0.17564887820615005
0,0,0.11196204898940476
0,0,0.036584262897847726
0,0,0.16615751483072005
0,0,0.06378976215510254
0,0,0.11928005143721572
0,0,8.869978611079445e-05
0,0,0.10779308654558534
0,0,0.12456041527786894
0,0,0.021757231850150764
1,0,0.06262939358798587
0,0,0.05359003872868678
0,0,0.00016673365889619546
0,0,0.12758471088173004
0,0,0.06405267048074711
0,0,0.10949904632650515
0,0,0.05288491557399758
1,0,0.09664512046388597
0,0,0.3109925989211305
0,0,0.3136833886594924
0,0,0.07209667981070406
0,0,0.1464076645677324
0,0,0.25631637692968706
0,0,0.1582182944127417
0,0,0.12033628944621524
1,0,0.09989579089004541
0,0,9.136746041966716e-05
1,1,0.8600577125585652
1,0,0.08760941083953536
0,0,0.2104662499660201
0,0,0.03718132897978764
0,0,0.06393162127970144
0,0,0.06951717990424602
0,0,0.08321757951548077
0,0,0.0983951140692915
0,0,0.07927243621817442
0,0,0.18927678415205088
0,0,0.10095259825421979
1,0,0.0693954999790754
0,0,0.07850596028717541
0,0,0.06162355797406479
0,0,0.10379494379511424
0,0,0.11853472505758053
0,0,0.15056556190554946
0,0,0.13187435290077354
0,0,0.13258225576590185
0,0,0.11348676905446807
0,0,0.22359620241405243
0,0,0.037015584030572694
0,0,0.2000805458685901
0,0,0.10438927968147925
0,0,0.09215331045122714
0,0,0.11994669216361696
0,0,0.06123433235985408
0,0,9.844241123331161e-05
0,0,0.040264849090050486
0,0,0.0001915840569142706
0,0,0.2167691282713778
0,0,0.06953555872187858
1,0,0.07323043394507138
0,0,0.13079971857286737
1,0,0.00022187927616543692
1,0,0.13076871239527874
0,0,0.06851213529983911
0,0,1.6873855620767772e-05
1,0,0.11973882772750166
0,0,0.11482248244214666
0,0,0.2574567667057966
0,0,0.11515081079250011
0,0,0.22052350983052402
1,0,0.1468041354072658
0,0,0.16640335137242637
0,0,0.08998991979929417
0,0,0.22428144464100322
0,0,0.16965352542468112
0,0,0.19095622554675404
0,0,0.18670993776608427
0,0,0.13259953727143844
0,0,4.16484585807084e-05
0,0,0.0321909591038155
0,0,0.054603445207665045
0,0,0.058988446732425495
0,0,0.16248152065718807
0,0,0.038560434489715995
0,0,6.067942936092047e-05
0,0,0.17084247619446372
0,0,0.07109144867158239
0,0,0.1373486567161146
0,0,0.07254406246075895
0,0,0.08221237372037576
0,0,0.07280285619712483
0,0,0.09242207676089778
0,0,0.15463269945034083
0,0,0.09885159586658454
0,0,0.0805483991356741
0,0,0.15377294093170968
0,0,0.09589265266293338
0,0,0.20991068325548784
0,0,0.028359364447112328
0,0,0.04412048187871065
0,0,0.00012696108790605912
0,0,0.1156922857871164
0,0,0.12085500789640007
1,0,0.11143438609450892
0,0,0.09726726914067939
1,0,0.06910193443731329
0,0,0.11276440949804402
0,0,0.08701017687888084
0,0,0.07726027230694521
1,0,0.10550129849918656
1,0,0.14160297692225732
0,0,0.04170394310698773
0,0,0.08728334378903034
0,0,0.0967366048872375
1,0,0.1735783249311006
0,0,0.0623973206516972
0,0,0.09252525035006388
0,0,0.09129066513798227
0,0,0.09013758502466265
0,0,0.09717952510235463
1,0,0.15430968618019636
0,0,0.11833056162014426
0,0,0.017959017463700527
1,0,0.07874403522237854
0,0,0.12279906836935874
0,0,0.07623748043641279
0,0,0.33014731834024974
0,0,0.07197258338099825
0,0,0.06413197515861983
0,0,0.1524593714059639
0,0,0.11905713730605143
1,0,0.07050855314274737
0,0,0.0745419419174146
0,0,0.07390376381126428
1,0,0.144345550892161
0,0,0.10356764150242323
0,0,0.19247127829386007
0,0,0.10860981554747508
0,0,0.15942004207152868
0,0,0.06329882615608987
0,0,0.10574341183682626
0,0,0.10180420172660871
0,0,0.1531902145476508
0,0,0.1636126000301083
0,0,0.077479638132185
0,0,0.09904865830396635
0,0,0.17601904186997144
0,0,0.10092578072244644
1,0,0.14112743554241855
1,0,3.2491516740732104e-05
0,0,0.07763825056440972
0,0,0.07669262311742062
1,0,0.10755509482370061
0,0,0.04397939626691675
0,0,0.04203753011832394
0,0,0.08194091631706396
0,0,0.20285289086657252
0,0,0.0757003725173578
0,0,0.1058298120571928
0,0,0.09908584342565198
0,0,0.10724226740806724
0,0,0.0886137688770132
0,0,0.05654493383340612
0,0,0.1291222295654384
0,0,0.08487106155542708
1,0,0.19027340754480285
0,0,0.07104335017810816
0,0,0.08049124997045372
0,0,0.0775086561945905
0,0,2.384806136087271e-06
0,0,0.17264280366120408
0,0,0.02287316576778204
0,0,0.08513694338533567
0,0,0.13564628692343272
0,0,0.06081432724014913
0,0,0.06960923480872706
0,0,0.0008911110419468443
0,0,0.08499550249634846
0,0,0.08112970699827313
0,0,0.00032710565549507245
0,0,0.0860880099277135
0,0,0.09286563290657031
0,0,0.07914816332275632
0,0,0.009577924601379077
0,0,0.0001614108075038789
0,0,0.05579520410696426
0,0,0.12964176603324784
0,0,0.12784491932400346
0,0,0.18237870739008696
0,0,0.04824546584251355
0,0,0.08554914168931244
0,0,0.20011494480514633
1,0,0.21555533062826568
0,0,0.15723163986709923
0,0,0.07077464510939924
0,0,0.22720559732694193
0,0,0.3040958905570413
0,0,0.0474838517860513
0,0,0.046999062402325695
1,0,0.09840430046204454
0,0,0.2974293774006758
0,0,0.43354309787725104
0,0,0.041678594039766946
0,0,0.17990197969238153
0,0,0.21148819604319316
0,0,0.129181025251045
0,0,0.07495409350302124
0,0,0.06464126798863888
0,0,0.09870545362441578
0,0,0.08448878250120291
0,0,0.08944654272443242
0,0,0.11661655338402727
0,0,0.00014524651058090817
0,0,0.004358208861403411
0,0,0.12680327324829838
0,0,0.08633086484362595
0,0,0.19889403772681058
0,0,0.00028981913370807697
0,0,0.0002760802413605788
0,0,0.05621535040373612
0,0,0.20274906036318882
0,0,0.13510924820406914
0,0,0.10875595198372247
0,0,0.06300686428310058
0,0,0.12197755452388079
0,0,0.10996677300074267
0,0,0.1283450077819742
0,0,0.07083701702007972
0,0,0.08085079483010414
0,0,0.0670875659368827
0,0,0.06980548481858694
0,0,0.10823154974886894
0,0,0.19953236183074272
0,0,0.08958253892405263
0,0,0.10714621528263224
1,0,0.159396396234387
0,0,0.06285169688725903
0,0,0.3103294870259645
0,0,0.1480302059340526
0,0,0.12529081966626654
0,0,0.09695090296329087
0,0,0.07966094756968452
0,0,0.02961923456905993
0,0,0.2452164655223588
0,0,0.12269397917472598
0,0,0.06369608093845053
0,0,0.22968751139218072
0,0,0.07384796941542476
0,0,0.22480745929186696
0,0,0.06301894401238074
0,0,0.13408827218060904
0,0,0.09962639624347762
1,0,0.10317390383763322
0,0,0.12048315285413669
0,0,0.056165070760305844
0,0,0.09577681963330659
0,0,0.06679360950432807
0,0,0.057303028491623074
0,0,0.05361548557385058
0,0,0.12205939745632861
0,0,0.11402301266165621
0,0,0.08604540467568687
0,0,0.27464739040231356
0,0,3.0430217881233473e-05
0,0,0.09170827767550067
0,0,0.10251225324737481
0,0,0.12395794054377637
0,0,0.10711851272045224
1,0,0.05248329655276934
0,0,1.6988558735686082e-10
0,0,0.34377189081745885
0,0,0.08036658394113097
0,0,0.05613347385078193
1,0,0.16220667950963796
1,0,0.13917333100566728
0,0,0.12266574257091553
0,0,0.08861703583881117
0,0,0.09151092259284685
0,0,0.09150190603266577
1,0,0.17166210926430714
0,0,7.775403075224868e-05
0,0,0.016593001753737922
0,0,0.07385920653115695
0,0,0.06683816684062717
0,0,0.08646831777289597
0,0,0.1302049660807351
0,0,0.17888750740856826
0,0,0.08230379379051955
0,0,0.15272946175108348
0,0,0.2002450638014224
1,0,0.08031198192861776
0,0,0.07917962312142716
0,0,0.09964629588610341
0,0,0.08153569864779737
0,0,0.11935782053909481
0,0,0.10618205329598468
0,0,0.025336587200690264
0,0,0.09839613483415004
0,0,0.06596972717484012
0,0,0.07322377293866163
0,0,0.14602262928826398
0,0,0.20022457811300423
1,0,0.4708917126701092
0,0,0.06321270019240999
0,0,0.088846753873966
0,0,0.13995513062955972
0,0,0.09143443703024252
0,0,0.04255778543486641
0,0,0.1180289362401531
0,0,0.13599291407911843
0,0,0.15872146032373682
0,0,0.1140445045135771
0,0,0.10252685576961267
0,0,0.08505505033561779
0,0,0.12054509722919364
0,0,0.05380224780669278
0,0,0.10224244189802119
0,0,0.15712952435332858
0,0,0.08003396336460375
0,0,0.11043746578536594
0,0,0.1239908813060033
0,0,0.12141633518533555
0,0,0.0482667128319198
0,0,0.12491431650874218
0,0,0.0936296578302016
1,0,0.15076430366913773
0,0,0.09179754795359997
0,0,0.17756502762644488
1,0,0.10512967818592256
0,0,0.1179594965889293
0,0,0.14483194889951895
0,0,0.11896153639976677
1,0,0.23595069218061504
0,0,0.11234081837960712
0,0,0.08330827839628446
1,0,0.03529927627521808
0,0,0.14244467558099294
0,0,0.06414825903634858
0,0,0.14794447002324962
0,0,0.11489195540710039
0,0,0.10757320874442915
0,0,0.22268520525992624
0,0,0.09002680431371572
0,0,5.4629034292619805e-05
0,0,0.14064005025585985
0,0,0.12046633429238056
0,0,0.024175487735113407
0,0,0.13144965097238448
0,0,0.204964503072257
0,0,0.05606395137042113
0,0,0.12028121660859693
0,0,0.06256490737881613
0,0,0.06345407989817216
0,0,0.19694999924956946
0,0,0.11395055412157845
0,0,0.08335389328176213
0,0,0.12646075201014714
0,0,0.0425373640442361
0,0,0.08877688607632221
0,0,0.0759470589384542
0,0,0.039022153258380154
0,0,0.05145628890455577
0,0,0.06504628710247623
0,0,0.07945986303803064
0,0,0.10242838401666453
1,0,0.12028273682508937
0,0,0.07072314654004869
0,0,0.17094925692745358
0,0,0.04788284401434708
0,0,0.026218092275840377
0,0,0.1037653865014565
0,0,0.11231147734917493
0,0,0.1305000397332662
1,0,0.0774103547203722
0,0,0.16814130564288274
1,1,0.5948184779499983
0,0,0.2840484348858724
0,0,0.08572894325527118
1,0,0.25234284907770826
0,0,0.048042145337541774
0,0,0.04450912164938939
0,0,0.0959556364890185
0,0,0.07819058775925433
1,0,0.13326148971070537
0,0,0.08656327541236605
0,0,0.05560127992701959
0,0,0.12695457491838927
0,0,0.09396267285180912
0,0,0.09774434787488162
0,0,0.06489617912282873
0,0,0.20643205391569586
0,0,0.04676344607896472
0,0,0.14877395568454962
0,0,0.06884675119398301
0,0,0.18179195415864846
1,0,0.1477264321253409
1,0,0.12328816535476132
0,0,0.06277053061467285
0,0,5.7412245505099105e-05
0,0,0.25492433882523086
0,0,0.11884388822104738
0,0,0.09062456774386343
0,0,0.07200332994522851
0,0,0.23188451752772338
0,0,0.06009172565047427
0,0,0.050851039559256635
0,0,0.17102872889892987
0,0,0.048050036694184804
0,0,0.0987763410014253
0,0,0.04532475515539669
0,0,0.07581242071472515
0,0,0.08466296256159783
1,0,0.08559942536770676
0,0,0.00010586319819323969
0,0,0.00013224504152714
0,0,0.07494960391526528
0,0,0.10180429474612751
1,0,0.13072768537108184
0,0,0.07883470934005703
0,0,0.015451203479907834
1,0,9.24725699877432e-05
0,0,0.08032964663382663
0,0,0.09813159023756071
0,0,0.06965600089045725
0,0,0.07974216664236973
0,0,0.09550644543495825
0,0,0.11682602309848139
0,0,0.08092207143832453
0,0,0.18704089659903814
0,0,0.05250358519215556
0,0,0.16299343235974637
0,0,0.13289144316087936
0,0,0.10479768358996484
0,0,0.12763731563739472
0,0,0.21432858237981373
0,0,0.08826871896452104
0,0,0.4392740585490023
1,0,0.15818265129544998
0,0,0.08609741154903076
0,0,0.05387697826446754
0,0,0.00023021187988853128
0,0,0.04824650912887052
0,0,0.03725354520754969
0,0,0.05913880210844516
0,0,0.00023536471229624123
0,0,0.08703414963918385
0,0,0.08998956286322739
0,0,0.11455514871094445
0,0,0.11773769715825808
1,0,0.1495775820312688
0,0,0.043735906183143415
0,0,0.17094076900893787
0,0,0.045505363247066825
0,0,0.07928839838854576
1,0,0.11762362569014873
0,0,0.13129612271443974
0,0,0.07981479320472823
0,0,0.192438361263086
0,0,0.06666523094220883
0,0,0.3539619584716461
0,0,0.17829934128885333
0,0,0.08004101537862081
0,0,0.08655380894243184
0,0,0.1985757697875553
1,0,0.21419584475438483
0,0,0.08528645556622898
0,0,0.2779742590461061
0,0,0.1047566294503754
0,0,0.20067169226025844
1,0,0.16670105582447417
1,0,0.13980681477744564
0,0,0.06789234192705759
0,0,0.12301444960510163
1,0,0.048557475674411654
0,0,0.09947759620495297
0,0,0.06744209835959365
0,0,0.07620244134288198
0,0,0.0844529484575772
0,0,0.09026399165900292
1,0,0.2797200214286686
0,0,0.08716490320431354
0,0,0.11684936255796426
0,0,0.17118822742698867
0,0,0.15329660787515922
0,0,0.21404019658275922
0,0,0.09326021918456688
1,0,0.14010911273438728
0,0,0.1495967871079241
0,0,0.029670415856576794
0,0,0.1302478793921059
1,0,0.39596499235353644
0,0,0.15724610696987196
0,0,0.07721726237810708
0,0,0.17599958431249962
0,0,0.06808290193096934
1,0,0.17280273149823622
0,0,0.2752969411091706
1,0,0.12192916100087917
0,0,0.12679092962014565
0,0,0.06939875034970797
0,0,0.24791104594908128
0,0,0.10873782065531287
1,0,0.09614646917477494
0,0,0.08534776774702492
0,0,0.09190658764041928
0,0,0.12526805701208157
0,0,0.05189430772462631
0,0,0.258464481548476
0,0,0.10316710282096901
0,0,0.08997630604074058
0,0,0.07821387888146632
0,0,0.1310328897662829
0,0,0.08208308338237645
0,0,0.10160443941290782
0,0,0.08735976381891297
0,0,0.08569626136490396
0,0,0.0787659641118217
0,0,0.32426939437862373
0,0,0.14459464286500845
0,0,0.06670879777586054
0,0,0.07124896104134201
0,0,0.0892667846314246
0,0,0.09061504469185862
0,0,0.00010514328621880918
0,0,0.19664571435506575
0,0,0.09192527411125573
0,0,0.06360507971950947
0,0,4.9265903247517285e-05
0,0,0.08361867499865026
1,0,0.16143133460169265
0,0,0.1528151985628846
0,0,0.0827255275916561
0,0,0.06909399312533886
1,0,0.1735079677179057
0,0,0.05207856510938608
0,0,0.019907321709057423
1,0,0.05636026825361691
0,0,0.06436393980826426
0,0,0.20320855457947765
0,0,0.13281787501408124
0,0,0.11856645447296628
0,0,0.08836343143764946
0,0,0.05319304537987278
0,0,0.15193006956399802
1,0,0.13177457963192318
0,0,0.029666253823712595
0,0,0.13813353498551695
0,0,0.3579474657772151
0,0,0.04489414212494171
0,0,0.21514327137704042
0,0,0.16212735878927692
0,0,0.11796425502702981
0,0,0.07537533837414714
0,0,0.11510771403211814
0,0,0.17850119566062891
0,0,0.08239236763452731
0,0,0.14084962855464292
0,0,0.04344514430372031
0,0,0.05068923472889844
0,0,0.06675919715387346
0,0,0.05523975701844894
0,0,0.06992430845297917
0,0,0.0516077830895468
0,0,0.12720456743865227
0,0,0.19134568465789725
0,0,0.042038020387260726
1,0,0.16632569555517066
0,0,0.08666434789893813
0,0,0.053655564097889206
0,0,0.0814050846371557
0,0,0.12874442956252052
0,0,0.12016974264312698
0,0,0.0001034968113556041
0,0,0.08209742554204595
0,0,0.0906733207229961
0,0,0.07321531800038787
0,0,0.0006821566063784591
0,0,0.0436229110534679
0,0,0.1366436149894512
0,0,0.09363212349260998
0,0,0.1069933401523894
0,0,0.11915804144663726
0,0,0.00013847573623054833
0,0,0.11941261143631905
0,0,0.08931080742218803
0,0,0.1728479573949235
1,0,0.09718482375895184
0,0,0.0007634554555735803
1,0,0.11582828832946146
0,0,0.08818331032153114
0,0,0.15020565889583937
0,0,0.08861042091853528
0,0,0.05756398893960548
0,0,0.18086230141284193
0,0,0.06187971052002088
0,0,0.0936759723067832
0,0,0.18767237183331195
0,0,0.0497372358066249
0,0,0.077751852179686
0,0,0.04634051636222383
1,0,0.09639820882095242
0,0,0.061308794288524725
1,0,0.07885358513573044
0,0,0.08453212688911421
0,0,0.0841304027005014
0,0,0.13243942780642043
0,0,0.12864724027632324
0,0,0.11922651703188017
0,0,0.09290523416943924
0,0,0.07322241274088111
0,0,0.06564776008141628
0,0,0.017983820820790055
0,0,0.08623184111183904
0,0,0.18058781123248402
0,0,0.1179448266130287
0,0,0.146809604515583
1,0,0.24304550695020502
0,0,0.05717794964327183
0,0,0.09605858202252275
0,0,0.07743608836227012
0,0,0.09124240252977266
0,0,0.1190733713843075
0,0,0.09745211391203325
0,0,0.08928073891088775
1,0,0.4774238092032026
0,0,0.03800632808269967
0,0,0.24826215066628846
0,0,0.13659739195481038
0,0,0.2654945039878798
0,0,0.08174887394294421
0,0,0.175380360375355
0,0,0.08057996034513401
0,0,0.06070430248274955
1,0,0.0772770603624591
0,0,0.12825809017533707
0,0,0.05813347361457199
1,0,0.09773201401796777
0,0,0.1154133470798805
0,0,0.096205089100253
0,0,0.04447862895282704
0,0,0.14165455081491768
0,0,0.07638414559130931
0,0,0.15058082110181067
0,0,0.12168109717822966
0,0,0.09336402667502189
0,0,0.039334679577323804
0,0,0.07453843164049279
1,0,0.37200744463015495
0,0,0.03494605972693056
0,0,0.1105884683001254
0,0,0.10539131685288199
0,0,0.22723742049774642
0,0,0.06371832169085952
0,0,0.06054241869467814
0,0,0.0800027786641204
0,0,0.057051509297433634
0,0,0.1194191157031402
1,0,0.10145848812388586
0,0,0.10002275566452323
0,0,0.10645774024268888
0,0,0.03424708475758508
0,0,0.05146884140286023
1,0,0.1435724102773816
0,0,0.10756345764915747
0,0,0.1471892956453999
0,0,0.07062432852064655
0,0,0.0606964628037915
0,0,0.07952817681090354
0,0,0.08949905562979772
1,0,0.1123921442959247
0,0,0.0001438446123919787
0,0,0.0006446527340906228
0,0,0.03675017162715143
0,0,0.040871018200900416
0,0,0.06976936038325557
0,0,0.10805604979109279
0,0,0.039563984185150364
0,0,0.06402184481712848
0,0,0.1318376892968521
1,0,0.15356564127534705
0,0,0.0002844426326132706
0,0,0.06214351495950207
0,0,0.11346449161091524
1,0,0.11420466208137858
0,0,0.14462435475883875
0,0,0.14395379658864083
0,0,0.21664168886586416
0,0,0.08270380367229867
0,0,0.055814253144321944
0,0,0.06573021003175875
0,0,0.08868665017584251
0,0,0.18604825218591914
0,0,0.0982372174580524
0,0,0.11008232477872795
0,0,0.12245986731752899
1,0,0.1588998035915565
0,0,0.12820825472584582
0,0,0.09867127482905397
0,0,0.1282576501291274
1,0,0.08951002913308254
1,0,0.137402935958379
0,0,0.06671622396307897
0,0,0.10723106342896695
0,0,7.550650944470575e-06
0,0,0.09245890738846013
0,0,0.16596434431255216
0,0,0.2864280548186141
0,0,0.11713439476815916
1,0,0.3635634028534541
0,0,0.08070794869854786
0,0,0.13789068238373867
0,0,0.11154259515181811
0,0,0.057461021534295276
0,0,0.03794344768780495
0,0,0.10007039481293634
0,0,0.08425993854125648
0,0,0.08625998862639385
0,0,0.07018448012517668
0,0,0.05128681984407479
0,0,0.1231011473264998
0,0,0.06261442041864637
0,0,0.00013498172538906316
0,0,0.07243291610579582
0,0,0.043190476470539925
0,0,0.10830719241787434
0,0,0.12197306739342766
0,0,0.14308909551077148
0,0,0.11975778742685
0,0,0.09456730125693238
0,0,0.04272870186458296
0,0,0.07997643678077888
0,0,0.07630350500588844
0,0,0.1807932149958153
0,0,0.07732859785574363
0,0,0.05226410830910132
0,0,0.12839802815231177
0,0,0.10103252012609103
0,0,0.07135085999542158
0,0,0.06701562514216747
0,0,0.2942781260109608
0,0,6.778365985969148e-05
0,0,0.24921771233050677
0,0,0.08851073854380478
0,0,0.17734233609271202
1,0,0.21036001815561461
0,0,0.09595464998658655
0,0,0.13029506135943675
0,0,0.058053038265315125
0,0,0.12277881040071568
0,0,0.10048922229986662
0,0,0.1467100775102473
0,0,0.2064879652456001
0,0,0.07301871037159807
0,0,2.9139246775560988e-05
0,0,0.00016806928080499668
0,0,0.1154539993444672
0,0,0.07991338942567391
0,0,8.898836590282419e-05
1,0,0.09017619816885022
0,0,0.05060770137892108
0,0,0.21563631878148096
0,0,0.11708608704174064
0,0,0.08365569657967227
0,0,0.0901832611436438
0,0,0.0891416157507228
0,0,0.12133395646780687
1,0,0.13482603801173443
0,0,0.11770680145566426
0,0,0.08691982907086344
0,0,0.10430149823291553
0,0,0.10808496604177338
1,0,0.11673246917918617
0,0,0.09158577347664526
0,0,0.06387514340628939
1,0,0.2192835876080672
0,0,0.13920572946846743
0,0,0.08298145469549456
0,0,0.06795334251483454
1,0,0.05501529357707462
0,0,0.06759475442024868
0,0,0.04579207617162389
0,0,7.668546946001434e-05
0,0,8.764499998825238e-05
1,0,0.14746161859040807
0,0,0.20548323394471799
0,0,0.0577714991440522
0,0,0.27380204162069655
0,0,0.07922353560449476
0,0,0.047548935327839305
0,0,0.09118567550830649
0,0,0.056989048285015616
0,0,0.08024125154834617
0,0,0.057673267899471824
0,0,0.16858432812465549
1,0,0.15069768718562537
0,0,0.06462361877611981
0,0,0.08540648417953865
1,0,0.11382681757027195
0,0,0.0730875249646547
0,0,0.13876681156474896
0,0,0.045374068760380006
0,0,0.17980412897371878
1,0,0.057061599605576635
0,0,0.00024104535565217457
0,0,0.35622915563332863
0,0,0.019298145601377735
0,0,0.045101413323702474
0,0,0.1903226412553329
0,0,0.045333077158814045
0,0,0.14207045691201012
1,0,8.46281188473975e-08
0,0,0.0964818029590821
0,0,0.08041660471937619
0,0,0.13610935142576053
1,0,0.026086580830582958
0,0,0.08287047170006343
0,0,0.1506344549920531
0,0,0.07487375333965722
0,0,0.06837101459963196
0,0,0.13029502411180274
0,0,0.08222232392343172
0,0,0.1559248989181828
0,0,0.09254334314392257
0,0,0.12317060668480423
0,0,0.1586702289987057
0,0,0.06562978682464289
1,0,0.17097412813581817
1,0,0.10975673065617392
1,0,0.08029837793160363
0,0,0.08123106410819167
0,0,0.11442828772858414
0,0,0.058316189528324784
0,0,0.10360166413083938
0,0,0.10110493482658843
0,0,0.02563406660969061
1,0,0.061189518406956356
0,0,0.05410134679113589
0,0,0.1288121977139125
0,0,0.05174827483002354
0,0,0.0733033163336168
0,0,0.13445215636572624
0,0,9.733763308677378e-05
1,0,5.868485516051427e-05
0,0,0.13146273253580715
0,0,0.096162939516798
0,0,0.0968834861080847
0,0,5.1660638362380124e-05
0,0,0.1740644568231544
0,0,0.07110142987565755
0,0,0.20582117192461907
0,0,0.07721761767539369
0,0,0.07719111714511921
0,0,0.12552597746993877
0,0,0.06438074077186733
0,0,0.08503000054929472
0,0,0.041613519628043015
0,0,0.007080396849457495
0,0,0.08715341327098758
0,0,0.08209369028098636
0,0,0.10091400211450198
0,0,0.16043689765978417
1,0,0.11210734780281671
0,0,0.1599783309119667
0,0,0.08151984560018889
0,0,0.09270732499332547
0,0,0.04212485430796461
0,0,0.09116745504988992
0,0,0.05560341775397744
0,0,0.0972686831842245
0,0,0.07198542723595533
0,0,0.07315513949525869
0,0,0.0925599138884122
0,0,0.08879968868663803
0,0,0.0689685079711465
0,0,0.06661502671346749
1,0,0.17956481225815257
0,0,0.1662509209052049
1,0,0.10260876304669073
0,0,0.10013476128939737
0,0,0.11688694256034733
0,0,0.07750854694242788
0,0,0.18383163972192323
0,0,0.21332991781780594
0,0,0.16995121107152097
0,0,0.19109412453661506
0,0,0.2399664162915232
0,0,0.08235298426627657
0,0,2.3509128720132304e-07
0,0,0.06365745134923877
1,0,0.050676749680927044
0,0,0.12347125962021385
0,0,0.06629214795593134
0,0,0.08047756857962524
0,0,0.05414644664034016
0,0,3.9411386611409024e-05
0,0,0.10589201469514445
0,0,0.049893464845987466
0,0,0.07936362706665642
0,0,0.13325927662936896
0,0,0.16395496757254552
0,0,0.07729245833231475
1,0,0.10344186965031138
1,1,0.9943790683498818
0,0,0.00015511315471402798
0,0,0.19937842149506052
0,0,0.17026463126912833
0,0,0.275714121086672
0,0,0.16727406176919996
0,0,0.06433585699876229
0,0,0.0958183066585457
0,0,0.11695896071191926
1,0,0.12877010202309014
0,0,0.16210754722143864
0,0,0.09952117718055227
0,0,0.1888437253233473
0,0,0.1430970267399182
0,0,0.12988185832725707
0,0,0.10592552418858836
0,0,0.11723500924077758
0,0,0.10322674368495349
0,0,0.09853746034669396
0,0,0.06902879321094811
0,0,0.07523733880605507
1,1,0.6928719694865819
0,0,0.08935165512202518
0,0,0.2625412906845224
0,0,0.1759336375464931
0,0,0.06841038153753862
0,0,0.1431553050665352
0,0,0.10397224323624654
1,0,0.13125610241926403
0,0,0.12326102704543751
0,0,0.05807835247555491
1,0,0.06421233388051929
0,0,0.08942156727709963
0,0,0.06994299726444664
0,0,0.09270652098704812
0,0,0.07004149910194156
0,0,0.14141021700780593
0,0,0.10774912281429226
0,0,0.13278736505222222
0,0,0.14187165908095115
0,0,0.11048070014381349
0,0,0.08481889939168342
0,0,0.13750053391351327
0,0,0.11026498288669255
1,0,0.16739324421255217
1,0,0.1587802893694997
0,0,0.11914247023990716
0,0,0.07187745922663677
1,0,0.00021074983867458026
0,0,0.03730217265655016
0,0,0.08588690636659095
0,0,2.1030408347585116e-05
0,0,0.1037750993027099
0,0,0.037908968997937526
0,0,0.05361909323071664
0,0,0.0728681779455162
0,0,0.06753355653949103
0,0,0.05672014263868018
0,0,0.07083976869022827
0,0,0.047238175362140505
0,0,0.058365996113149174
0,0,0.09146180831068909
0,0,0.09622432622305493
0,0,0.03622896272451087
0,0,0.0918532106885099
0,0,0.008244174611775417
0,0,0.07323838914667123
0,0,0.22314606128849993
0,0,0.08765927696655122
0,0,0.3707191978179069
0,0,0.08303244623365054
0,0,0.10110521115202081
0,0,0.15395506456575606
0,0,0.06981521696144365
0,0,0.09558108631779702
0,0,0.0936019978832346
0,0,0.00027856928890178124
0,0,0.0696961001788532
0,0,0.14166580100602846
0,0,0.08354880939695918
0,0,0.12465634156458104
0,0,0.1250866254314147
0,0,0.0813699494250986
0,0,0.00031456047090931287
0,0,0.06595907085423479
0,0,0.047469828771493104
0,0,0.1427047593413038
1,0,0.046937283932502384
0,0,0.0702940183212903
0,0,0.1314992925686509
0,0,0.13118050791604
0,0,0.11486742333865221
1,0,0.06291686577941362
0,0,0.10955110510430452
0,0,0.08006608167098041
0,0,0.09520548005996604
0,0,0.034987565947046904
0,0,0.04614909705588967
0,0,0.09288057086275175
0,0,0.1668006789452922
0,0,0.2251038774215518
0,0,0.07856957793643941
0,0,0.07397758145402855
0,0,0.06169324430109909
0,0,0.10717223388107869
0,0,0.1510766678477692
0,0,0.06108023685431459
0,0,0.05930475682813451
0,0,0.2918523749162313
0,0,0.05857848749313662
0,0,0.09843543884320444
0,0,0.08387196766454542
1,0,0.10445756204187255
0,0,0.058869489825675254
0,0,0.24839955568080588
0,0,0.14424091284942028
0,0,0.0699214768633709
0,0,0.059480608240455486
0,0,0.09204281385514483
0,0,0.13460495130460035
0,0,0.10762120667984412
1,1,0.6180914276442167
0,0,0.08546244160631039
0,0,0.15646851957864702
1,0,0.2569111689038265
0,0,0.0857180304132433
0,0,0.14339615937852204
0,0,0.11602910285236298
0,0,0.15184026726384825
0,0,0.0718716982250737
1,0,0.10158773609959851
0,0,0.08793903168077323
0,0,0.1707092772902863
0,0,0.12833239711776134
1,0,0.11058987314929698
0,0,0.10355873238214826
0,0,0.1719277446045636
0,0,0.050372501308663296
0,0,0.04402107009750378
0,0,0.09804323261056351
0,0,0.08567905273960172
0,0,0.03138823904293742
0,0,0.04902142315150219
0,0,0.0576570959349916
1,0,0.1832620992982712
1,0,0.11591231531708293
0,0,0.11792434400905223
0,0,0.12441875092370341
1,0,0.17727301885798788
0,0,0.037960109670005855
0,0,0.06037313146809793
0,0,0.1386003306051909
1,0,0.02186530530706793
0,0,8.385787881753686e-05
0,0,0.07831558547400858
0,0,0.10716073315068288
0,0,0.11956074871999503
0,0,0.18358393738094247
0,0,0.16695456208883547
0,0,0.0001656709460915849
0,0,0.04475875927744497
0,0,0.15075941183141495
0,0,0.056509762238205224
0,0,0.11961729365310991
0,0,0.22170813883038484
0,0,0.1738308595080652
0,0,0.07567265506164399
0,0,0.06639326171831893
0,0,0.19668822700877017
0,0,0.07768068455037962
0,0,0.10056112936193452
0,0,0.15985896214455372
0,0,0.1531315067868825
0,0,0.055213106197788714
0,0,0.02554996213447987
0,0,0.10409066563347709
0,0,0.1215870652657253
0,0,0.1830320321709165
0,0,0.0687501426794985
0,0,0.061051753737450955
1,0,0.1842859836515225
0,0,0.15089863026310818
1,0,0.17142570995110445
1,0,0.16221270119825199
0,0,5.751582444686571e-05
0,0,0.07615419515169555
0,0,0.12275378125236541
0,0,0.08035119245561453
0,0,0.08942889659247096
0,0,0.0713222549920157
0,0,0.1441465077378672
0,0,0.09365205323260584
0,0,0.10872690473974149
0,0,0.08809851491956158
0,0,0.048973435647527416
0,0,0.08686576076915649
0,0,3.2036158089897174e-05
0,0,0.05995920233521448
0,0,0.09777134048476295
0,0,0.01906071086642038
0,0,0.1276565198112237
1,0,0.10576214214923935
0,0,0.08478948407959064
0,0,0.07788195494428758
0,0,0.07751739144362071
0,0,0.0386442808889881
0,0,0.07977958274614289
0,0,0.08663251616634902
0,0,0.1297767201722599
0,0,0.04287066322126599
0,0,0.07292792694031981
1,0,0.28856297606518855
0,0,0.14004878907228877
0,0,0.1869060136164321
0,0,0.0447917659462776
0,0,0.136227962329343
1,0,0.043141340893813634
0,0,0.059238992669458874
0,0,0.08831856449096212
0,0,0.2170476407023075
0,0,0.00016640721504126505
0,0,0.26498108955447425
0,0,0.0648585022680975
0,0,0.1419769417500456
0,0,0.08207149417690617
0,0,0.0823851222098524
0,0,0.08228121280499945
0,0,2.6800263960071287e-08
1,0,0.07221477908714515
0,0,0.06582957110006646
0,0,0.09106243574996545
1,0,0.13050129217920628
0,0,0.07441294000698617
0,0,0.07188740154561564
0,0,0.19183366496832152
0,0,0.1934079360548477
0,0,0.057513864178550166
0,0,0.07268751157771655
0,0,0.08124235250254624
0,0,0.05868701057587404
0,0,0.039122186705835386
0,0,0.10905294713834345
0,0,0.08063163923215386
0,0,0.0872429255881081
0,0,0.10511576204688627
0,0,0.20236893339112313
0,0,0.17454912282946178
0,0,0.06462042813961312
0,0,0.08751990901200124
1,0,0.13772700418820677
1,0,0.10459375459764594
0,0,0.0876400429596728
0,0,0.028602270122912297
0,0,0.08770108897422484
0,0,0.0686479269501957
1,0,0.0583935327780714
0,0,0.05804121417341085
0,0,0.4493932827602322
1,0,0.06097196190435877
0,0,0.12648813328267447
0,0,0.06212849054366731
0,0,0.025450502992821374
0,0,0.0822873558804969
0,0,0.05671759494365226
0,0,3.6941308570519565e-06
0,0,0.09336714409168208
0,0,0.050528175935886085
0,0,0.09257863732874815
0,0,0.09264089034331152
1,0,0.052044275316777674
0,0,0.0981084351814895
0,0,0.09965515075216587
0,0,0.06804069583346596
0,0,0.10554788580677615
0,0,0.06385541076549525
0,1,0.5072780537943156
0,0,0.08938694866137396
0,0,0.10723743391353352
0,0,0.04059780754164778
1,0,0.16649009088387282
0,0,0.06634639609348833
0,0,0.08642888824514836
0,0,0.10015800886525797
0,0,0.20535794586171877
1,0,0.04348316127091863
0,0,0.050684852558092734
0,0,0.05757028040166316
0,0,0.057656690776052726
0,0,0.08270687862006525
1,0,0.1268214725110666
1,0,0.0882731416146286
1,0,0.11305589560364902
0,0,0.13640209931079506
0,0,0.11492002176834659
0,0,0.08973085771652474
0,0,0.1852002168054077
0,0,0.09287614608885164
0,0,0.10903890133368195
0,0,0.06814641410080712
0,0,0.03589410784241674
0,0,0.15482269633966841
1,0,0.039924965310440035
0,0,0.21136938731201324
0,0,0.08557133969178689
1,0,0.1813494464266685
0,0,0.06173434694243526
0,0,0.072766735730361
0,0,0.07544152650094735
0,0,0.17575501149264114
0,0,0.12518288379157996
0,0,0.07835379791593082
0,0,0.14452287051992668
0,0,0.07052505428493613
1,0,0.07773383029096191
1,0,0.1033208213561158
0,0,0.07912690788215421
0,0,0.04800323214816833
0,0,0.34861181385499623
0,0,0.11320703472165548
0,0,0.16160930980403704
0,0,0.07852619692415001
0,0,0.06279932346488198
0,0,0.24494290108355796
0,0,0.13526410325999577
1,0,0.05589864082884162
0,0,0.06589800891050147
1,0,0.09164931385114077
0,0,0.062129594578602496
0,0,0.08286637711700781
0,0,0.000133583349666084
0,0,0.08027564598850721
0,0,0.042331797744569584
0,0,0.11458281937139975
0,0,0.075000424900926
0,0,0.13705911586171027
0,0,0.22150459679136078
0,0,0.1655247699658596
0,0,0.07240574485660135
0,0,0.06502516174622805
0,0,0.0799955345283773
0,0,0.08085877087241125
0,0,0.0906477031718522
0,0,0.06764494850319092
0,0,4.8402339000116724e-05
0,0,0.11107536185200174
0,0,0.18343578981420244
0,0,0.05267322180699917
1,0,0.08325396904282703
0,0,0.11323915051992292
0,0,7.64205109927271e-08
0,0,0.11286940196480254
1,0,0.06755505332440567
0,0,0.3044925189002938
0,0,0.035122042614676593
0,0,0.00034084362691573055
0,0,0.10908531259964038
1,0,0.16315450833104866
0,0,0.07000673758637387
0,0,0.14907619061924587
0,0,0.12230774114697929
0,0,0.18782742325195115
0,0,0.11279190390477993
0,0,0.0693169135104358
0,0,0.09651216289006333
0,0,0.11885821193194962
0,0,0.10500499715364747
0,1,0.5617988808094967
0,0,0.10653495557789405
0,0,0.06698370328224951
0,0,0.06978052367986234
0,0,0.14702610571627392
0,0,0.05538711045604241
0,0,0.037296115689780286
0,0,0.06293619777673862
0,0,0.10876730820974889
0,0,0.051722937868125415
0,0,0.08816310704311735
0,0,0.038140726536986504
0,0,0.05503576386486883
0,0,5.809756724687916e-07
0,0,0.31582389286492607
0,0,6.31176409323893e-05
0,0,0.091458911754044
0,0,0.10782049407261608
0,0,0.25790478435727743
0,0,0.1335548258845393
0,0,0.11419919319970474
0,0,0.10372895036230126
0,0,0.1311651089900398
0,0,0.08433879668529812
1,0,0.120549707954276
0,0,0.09241842866795917
0,0,0.1120624627933937
0,0,0.08448515130508308
0,0,0.15085106479301605
0,0,0.06777940451383575
0,0,0.11687533474802474
0,0,0.09377251164304246
0,0,0.13114295978672924
0,0,0.12018856791073347
0,0,0.11534227922501948
0,0,0.10172488512036315
0,0,0.20231383244361226
0,0,0.06463632132224538
1,0,0.17757309693575152
0,0,0.02646233707246606
0,0,0.04711579125789679
0,0,6.279009431604606e-05
0,0,0.07815777276291952
0,0,0.08031139657054268
0,0,0.10073312664152516
0,0,0.06852187096666444
1,0,0.15317588939535792
0,0,0.03511105490141665
0,0,0.14720709392154546
0,0,0.21143073716352412
0,0,0.22374849046139433
0,0,0.04059726037803916
0,0,0.07723386045036047
0,0,0.10620527224005157
0,0,0.05252779712425691
0,0,0.08763818688775561
0,0,0.14106910918523882
0,0,0.2410579897120047
0,0,0.11232586457648022
0,0,0.026467751015577745
0,0,0.050980617985084076
0,0,0.04907918655869826
0,0,0.15297173954255855
0,0,0.03349645238317077
0,0,0.13898452140626236
0,0,0.10733248696399204
1,0,0.28888045103440757
0,0,0.11385508312964247
0,0,0.08129202944067239
0,0,0.10151293335496696
0,0,0.0934233180338147
0,0,0.07967822206456072
0,0,0.09944553063463062
0,0,0.08116790412156162
0,0,0.08131312714867361
0,0,0.08163512831936234
0,0,0.23572073815129244
0,0,0.0711665637470187
0,0,0.14027191288017996
0,0,0.07793936144259524
0,0,0.08344562401857729
0,0,0.107840585837907
0,0,0.1304069144414549
0,0,0.06407417719429688
0,0,0.1665778307748833
0,0,0.1306862274302311
0,0,0.11551569170102909
1,0,0.09903220825372275
0,0,0.10706653471961591
0,0,0.11300428568356802
0,0,0.046898986210775505
1,0,0.2255697166238267
0,0,0.09228084445934445
0,0,0.1543939783286639
0,0,0.09762099028118064
0,0,0.028473987695593252
0,0,0.09360988086978296
0,0,0.09673376297990391
0,0,0.1117968371371881
0,0,0.00042871678571748266
0,0,0.1454253668454559
0,0,0.3821917110980267
0,0,0.11053530783487714
0,0,0.23443874545909155
0,0,0.1359896372879163
0,0,0.15638521216777237
0,0,0.04262537836284548
0,0,0.10890561386800329
0,0,0.08818244429957961
0,0,0.04941765144247121
0,0,0.0563409410767374
1,0,0.06307686751612403
0,0,0.21499796422729572
1,0,0.1617769245542925
1,0,0.08459890246221435
0,0,0.14114950467427395
0,0,0.07351673890705615
0,0,0.1861743278402233
0,0,0.03975201098820512
0,0,0.1891642027424984
0,0,0.1117449845172552
0,0,0.164858021158309
0,0,0.22844712053066446
0,0,0.10325863470735935
0,0,0.12592550622979912
0,0,0.0850370290709317
0,0,0.11999123981808717
0,0,0.20155652710239813
0,0,0.15980671166520694
0,0,6.912176790697045e-05
0,0,0.15549788804461812
0,0,0.018854701699373328
0,0,0.00011970365662795098
0,0,0.09507785799898445
1,0,0.07273721142565025
0,0,0.027191483119672972
0,0,0.11337669622586835
1,0,0.10454883828461871
0,0,0.18286928832086113
0,0,0.20678391445412392
0,0,0.151783727017473
0,0,0.17621263453925332
1,0,0.11911006182246194
0,0,0.10424066156742648
0,0,0.09596466283431333
0,0,0.05935129730842853
0,0,0.06526680722628782
0,0,0.1518406089238456
0,0,0.09358724042782525
0,0,5.7179012357323975e-05
0,0,0.0633635674860751
0,0,0.09220103196616569
0,0,0.012130140384991318
0,0,0.08192047335661626
0,0,0.08345784427042875
0,0,0.10640043894686686
0,0,0.039479951813536744
0,0,0.07654998886347919
0,0,0.0002189798045504517
1,0,0.14583042958768988
1,0,0.12343139043091012
0,0,0.03860033225182855
0,0,0.2252855974869849
0,1,0.685974542324312
0,0,0.13801361312590427
0,0,0.09165312181209653
0,0,0.0945728433879672
0,0,0.13380353891548868
0,0,0.11947921204156878
1,0,0.0618525619160961
0,0,0.04895433079306148
0,0,0.10223445052860733
0,0,0.13782458128163777
1,0,0.1993581438928598
0,0,0.2881397977832202
0,0,0.04625812806082576
1,0,0.08601341854997031
1,0,0.04127684072953459
0,0,0.07919286978632106
0,0,0.13753394984380496
0,0,0.09227931773136418
0,0,0.1271271563873993
0,0,0.09772494077332917
0,0,0.050291541502409345
1,0,0.10427325589810217
0,0,0.06580985645636847
0,0,0.06964231133608925
0,0,0.1614275809261099
0,0,0.08272936724336626
1,0,0.1753516544129869
0,0,0.16282523379856098
0,0,0.05240461407040311
0,0,0.08409635504457327
0,0,0.05267883006690789
0,0,0.10593607585570562
0,0,0.05729422445229723
0,0,0.08384930356981858
1,0,0.11198525874078039
0,0,0.12666589028234848
0,0,0.0923716047036573
0,0,0.08210527512359715
0,0,0.0004790501847701887
0,0,0.257763567058479
0,0,0.16918904314628935
0,0,0.12865589183167142
0,0,0.09532992347849951
0,0,0.11743201086952192
0,0,0.17923354523389237
0,0,0.11954460086860315
0,0,0.08308042500690617
1,0,0.11224463396355129
0,0,0.12588915813156265
0,0,0.10477942338587294
0,0,0.06973129205658282
0,0,0.10195007186920983
0,0,0.06295964685225641
0,0,0.10047167403126163
0,0,8.516651375210022e-05
0,0,0.1678144516038378
0,0,0.21599378365539512
0,0,0.15475595212850982
1,0,0.12089102993612551
0,0,0.1748091212897003
0,0,0.08530881178429166
0,0,0.08831667118298152
0,0,0.061339919367544335
0,0,0.0784997717175184
0,0,0.11142777825175527
0,0,0.13918436415053032
0,0,0.0678979820490971
0,0,0.06571128236533583
0,0,0.08210943191365118
0,0,0.3166548856330019
0,0,0.05139454265322206
0,0,0.13215498416084015
0,0,0.042838212673061
0,0,0.26049618006064623
0,0,0.03989768641091951
0,0,0.0980370298352127
0,0,3.447663069971393e-05
0,0,0.06186060656050791
1,0,0.14363365311632717
0,0,0.10095188417106236
0,0,0.05670992105224877
0,0,0.05380361157182036
0,0,9.905254449232232e-05
0,0,0.07020097098814487
0,0,0.08720142885835999
0,0,0.12260048953586843
0,0,0.11024153177694007
0,0,0.06153997065348613
0,0,0.11337892665267832
0,0,0.1640325069397326
0,0,0.03202506732120154
0,0,0.43126325224017115
0,0,0.02444149245737269
0,0,0.12916222300702804
0,0,0.11208220442883915
0,0,0.05784410453427457
0,0,0.07684254397398878
0,0,0.00020289466664127816
0,0,0.11663373527612046
0,0,0.1849530894460675
0,0,0.16999301168698802
0,0,0.05739981668274289
1,0,0.2028714413071722
0,0,0.11346835787076973
0,0,0.07388372604566606
0,0,0.046188407567078975
0,0,8.0659200324528e-05
0,0,1.4790408964852959e-05
0,0,0.12540908953667984
1,0,0.08250449845340777
1,0,0.12652970013728973
0,0,0.12791795546486412
1,0,0.10825617591756663
0,0,0.12294601945010979
0,0,0.05407764867028973
0,0,0.07434724118656383
0,0,0.17822996074251743
0,0,0.09081677496326085
0,0,0.05790005598689428
0,0,0.15335777483150312
0,0,0.14031946785971441
0,0,0.22422238144314743
0,0,2.7708968571918436e-05
0,0,0.1745632003473658
0,0,0.050749768315716405
0,0,0.07370497223320946
0,0,0.09243019004486984
0,0,0.029625872185381073
0,0,0.16660410080290636
0,0,0.06933226755573343
1,0,0.0728838494871274
0,0,0.06612448127956731
0,0,0.10199779024027819
1,0,0.09323433826055215
0,0,0.00018919513360066788
0,0,0.0001289529992848211
0,0,0.042846069865115716
0,0,0.05575402314672651
0,0,0.09996416808122723
0,0,0.0997254358128323
1,0,0.1403263468901424
1,0,0.22396785819171872
0,0,0.19683901134555717
0,0,0.04926130520836252
0,0,0.20513915113211298
1,0,0.05821858248618692
0,0,0.26554132832256677
0,0,0.08128200624863087
0,0,0.06272658333293382
0,0,0.08449585669474602
0,0,0.06166073187612949
0,0,0.20497607050138375
0,0,0.08573149900672208
0,0,0.10174467484231717
0,0,0.087034987298372
0,0,0.15194256269945375
0,0,0.09204707302602785
0,0,0.14581036976273548
0,0,0.10106219864738224
0,0,0.10135513770683482
0,0,0.09355393670401152
0,0,0.25018863879655956
0,0,0.10646930070489548
0,0,0.06455128204786732
0,0,0.056757353618320065
0,0,0.08362302704942846
0,0,0.04574929701325608
0,0,0.056270202138332524
0,0,0.13707494227109887
0,0,0.1159119835605341
1,0,0.158173958104223
0,0,0.05421103471064207
1,0,0.062076308475686376
0,0,0.08228277566709342
0,0,0.09228864626848435
0,0,0.06678989044154295
0,0,0.11401051937179221
0,0,0.3096746030107726
1,0,0.15930796510830356
0,0,0.1413094635368033
1,0,0.05001105977010928
0,0,0.1591796005224757
0,0,0.040037748003502294
0,0,0.2445334865082838
0,0,0.14111418230233078
0,0,0.05304357945994225
1,0,0.11159742962257609
0,0,0.08069508883241464
0,0,0.11768196384706052
0,0,0.11127137849467907
0,0,0.20187102381329391
0,0,0.12010470498079802
0,0,0.11299579640528788
0,0,0.10499954482745619
0,0,0.2122377242024085
0,0,0.15912176560143104
0,0,0.12380415642912929
0,0,0.0710893457247203
0,0,0.11372790347943257
0,0,0.09905246393866866
1,0,0.0863999353660649
0,0,0.09095775550193304
0,0,0.04701445699328428
0,0,0.09064136308100394
0,0,0.11281093912312706
0,0,0.03337128632380877
0,0,0.09550004107068505
0,0,0.2696393920200397
0,0,0.06141797331120147
0,0,0.1162745711595721
0,0,0.12165269015509324
1,0,0.029948424333849002
0,0,0.07103669887658604
0,0,0.131177667939035
0,0,0.16720712531491488
1,0,0.18967616030909842
0,0,0.07221997457649527
0,0,0.1457202025542642
0,0,0.16388913762621213
0,0,0.13748697886806915
0,0,0.025468115711905482
1,0,0.098864744284094
0,0,0.12294762308466282
0,0,0.17013394199874157
0,0,0.07797741734651369
0,0,0.14272404586083823
0,0,0.07615697405585498
0,0,0.08193596829419404
0,0,0.022502897441178792
0,0,0.023663189423604576
0,0,0.12870049526725927
1,0,0.1703658947544053
1,0,0.17320824472612895
0,0,0.05126994150802587
0,0,0.07189773715778731
0,0,0.04079656113460883
0,0,0.059561293071085215
0,0,0.13612716845171383
1,0,0.19932711647618975
1,0,0.11982566809372615
0,0,0.11694922050007607
0,0,0.07899493375498409
0,0,0.04433121845313881
0,0,0.05779064457937939
0,0,0.14945380962443108
0,0,0.0787124087152286
0,0,0.263978170914546
0,0,0.2402897660418592
0,0,0.1323413409773884
0,0,0.19718894685220778
1,0,0.2003305753854234
0,0,0.1071953370337524
0,0,0.0863083475150185
0,0,0.12229503183752206
0,0,0.10448805028705808
1,0,0.10148403154037687
1,0,0.054769568893666305
0,0,0.06572627961164022
1,0,0.22788909261222698
0,0,0.055807149769520344
0,0,0.04367681986011085
0,0,0.06427825202634349
0,0,0.08808001874058476
0,0,0.08951464055271642
0,0,0.13848093702080552
0,0,0.1207256843811119
0,0,0.08053143061673364
0,0,0.012350090530342
0,0,0.11995722297693638
0,0,0.051187234907475516
0,0,0.10214362215130252
0,0,0.06131262773828261
0,0,0.12078614739926172
0,0,0.11470680583349935
0,0,0.1415626402511519
0,0,0.00022407204445829899
1,0,0.067172805114996
0,0,0.10172690633863635
0,0,0.09625410312133667
0,0,0.18690321641629493
0,0,0.0008134202040241787
0,0,0.06390966722696677
0,0,0.0863994933244721
0,0,0.1013481797119397
0,0,0.04689635368122525
0,0,0.2443553994740781
0,0,0.1412141915737817
0,0,0.06840752962677478
0,0,0.22723417860140138
1,0,0.39236748328382004
0,0,0.09655526066201564
0,0,0.026824829802603128
0,0,0.0631053053718432
1,0,0.17826031688753557
0,0,0.12647155745460772
0,0,0.10845703392512152
0,0,0.0874056021636775
0,0,0.2031087410436298
0,0,0.07019565331008144
0,0,0.12291559174167022
0,0,0.13220649851711236
0,0,0.16545656356689598
0,0,0.06693868719767415
0,0,0.07914714301455066
0,0,0.1058600180259023
0,0,0.10351678564297748
0,0,0.08865329970690963
1,0,0.09073235547787742
0,0,0.07278470625545039
0,0,0.06737813064995835
1,0,0.11388597216119294
0,0,0.12931328744602258
0,0,0.07849957055142423
1,0,0.09889050235819312
0,0,0.01679464444278632
0,0,0.1493275273945969
0,0,0.09352779335992169
0,0,0.18890803907377393
0,0,0.10860501718972403
0,0,0.19506221750674008
0,0,0.08513024248747185
1,0,0.23529978718410177
0,0,0.15214966621180506
0,0,0.18159559224843452
0,0,0.08508067463016407
0,0,0.1454050146081265
1,0,0.06265376997934959
0,0,0.11974380328993318
0,0,0.0867312834462136
0,0,0.11132596152432693
0,0,0.1675577441528254
0,0,0.07691841837346176
0,0,0.07601586546565363
0,0,0.07944147124250893
0,0,0.10586763923382113
0,0,0.11923173437712736
0,0,0.16642825959054397
0,0,0.031746655244353536
0,0,0.10633528031517765
1,0,0.10362412255080287
0,0,0.1472616403635409
0,0,0.10791350427741016
0,0,0.18547646813643948
0,0,0.1065846764386961
1,0,0.12603827970131118
0,0,0.08401172976628901
0,0,0.40336996460154056
0,0,0.06120308166520316
0,0,0.11946016290830776
0,0,0.19255500112408486
0,0,0.07731412607991468
0,0,0.0797420888005392
0,0,0.03901290534576439
0,0,0.08658719231766593
0,0,0.10902077437694926
0,0,0.11406002309833058
0,0,0.14982658693607415
0,0,0.12204504338231358
0,0,0.22938116626651872
0,0,0.08624734280637983
0,0,0.00017319514240630028
0,0,0.0722263443132289
1,1,0.530774077627142
0,0,0.07937197547306302
0,0,0.04472458933389176
0,0,0.1839071458177144
0,0,0.10623966227007765
0,0,0.03401081728078029
0,0,0.09869251562345904
0,0,0.09727315201782626
0,0,0.06019211780612195
0,0,0.03534464163915289
0,0,0.15093780423285041
0,0,0.11354368366025364
0,0,0.05371956385119605
0,0,0.10421220521003387
0,0,0.15369388263313488
0,0,0.020396409608122994
0,0,0.11141664017434434
0,0,0.11626671983321427
0,0,0.1247172496922467
0,0,0.05655807676352398
1,0,0.1362241214439515
0,0,0.1826551969688145
0,0,0.052558594148236014
0,0,4.6510987629954503e-05
0,0,0.10073656530523577
0,0,0.08885742514475774
0,0,0.14409978633592718
0,0,0.06371008453170177
0,0,0.05413311944342688
0,0,0.07208669715755756
0,0,0.04128375815770895
0,0,0.06999954022563228
0,0,0.19480698594146256
0,0,0.1309735493955913
0,0,0.0817803701159787
0,0,0.09998293721759206
0,0,7.312634300642424e-05
0,0,0.1326436142467621
0,0,0.03899137852113743
0,0,0.14477348920755903
0,0,0.3466042921211365
1,0,0.11150853868113958
0,0,0.07513391759699846
0,0,0.12862455653005359
0,0,0.08319169166908505
1,0,0.21490055682680642
0,0,0.11274202095956677
0,0,0.11069577204974544
0,0,4.132760967488335e-05
0,0,0.16695710133178465
0,0,0.17318562351647723
0,0,0.11480132160095426
0,0,0.07625437337976813
0,0,0.024400441000120898
0,0,0.2324045764707773
1,0,0.12830302224791218
0,0,0.1321670462101118
0,0,0.08758903917655081
0,0,0.16120448316886363
0,0,0.07663367776076205
0,0,0.13382949608585204
0,0,0.07546935354370646
0,0,0.34347044621138517
0,0,0.13572864054135175
0,0,0.08047078847642518
0,0,0.10716821861664419
0,0,0.08792136703185659
0,0,0.1140689664788095
0,0,0.04557415765422459
1,0,0.08197331385774431
0,0,0.11618531073149509
0,0,0.17312806800770494
0,0,0.09790866146794924
0,0,0.08353835476463228
0,0,0.23063154988167492
0,0,0.048360417552492374
0,0,0.22764971605742154
0,0,0.0506661769030064
0,0,0.06780169926303262
0,0,0.09527957379674741
0,0,0.09923157622685762
0,0,0.08944284817571117
0,0,0.16158902400401393
1,0,0.03531041947148237
0,0,0.0961018514565808
0,0,0.053594439670843284
1,0,0.26173231173046335
0,0,0.04290984498900814
0,0,0.09321777403994631
0,0,0.08208515903053439
0,0,0.06524694438115318
0,0,0.15009964453169788
0,0,0.227136954874035
0,0,0.02788573971446176
0,0,0.14681367054786718
0,0,0.10441999443635704
0,0,0.04871109116332556
0,0,0.11766303972747313
0,0,0.09711630403584826
0,0,0.24558917932299548
0,0,0.15049899949528384
0,0,0.0442436270979702
0,0,0.06971766914649713
0,0,0.12438362800861717
0,0,0.07041169589777609
0,0,0.08476237141673336
0,0,0.039315937675052655
0,0,0.07962975333652998
0,0,0.18108883334382528
0,0,0.16419610092273287
1,0,0.11861437377201299
0,0,0.06497417467323467
0,0,4.207588088909341e-05
0,0,0.14636346420759666
0,0,0.11580045921331816
1,0,0.2159463464282833
0,0,0.07580213955056089
0,0,0.19441236133292655
1,0,0.07784284677656633
0,0,0.15786626964823838
0,0,0.0009432455589430928
0,0,0.04756378896923473
0,0,0.12551887199951756
0,0,0.08422494981311127
0,0,0.08006469140664818
0,0,0.09806733029494377
0,0,0.1811465224455859
0,0,0.0001321239285482762
0,0,0.15110902218274214
0,0,0.12242285598029876
1,0,0.08990077039358181
0,0,0.3647388197604716
0,0,0.09344453533978124
0,0,0.041759443709775156
0,0,0.10397375289495585
0,0,0.14617425040529067
0,0,0.15417539742140393
0,0,0.1456884348948504
1,0,0.14273706359563404
0,0,0.09749256623779591
0,0,0.1026136225101821
0,0,0.11405905816935905
1,0,0.08446907031647526
0,0,0.19383833386350652
0,0,0.16399022059880683
0,0,0.08798868720815935
0,0,0.12684741941988986
1,0,0.12223956254894089
0,0,0.06015094067843027
0,0,0.07716929171429625
0,0,0.16726367466037437
0,0,0.11721312278401691
0,0,0.07541005458495031
0,0,0.09652062721546113
0,0,0.12121654108792691
0,0,0.07930889261308105
0,0,0.05027834924215394
0,0,0.0595292843873567
0,0,0.09517048259205238
0,0,0.09710641511031112
0,0,0.045829986353077494
0,0,0.042704377869506614
0,0,0.13320136318385958
0,0,0.08522216728686159
0,0,0.05143310747799614
0,0,0.10274943801731519
0,0,0.1701538512286833
0,0,0.0902846087726909
0,0,0.1347169329752768
0,0,0.11955935101338602
0,0,0.03268626156787303
0,0,0.05858810243632435
0,0,0.12177634952153096
0,0,0.06400410156541855
0,0,0.07521854961516014
0,0,0.07603244759934186
1,1,0.8766138135182776
0,0,0.1427526765446984
1,0,0.07507390355500934
0,0,0.17796766956448445
0,0,0.11904369549718273
0,0,0.08426431053606147
0,0,0.04649864888135034
0,0,0.09203139608295385
0,0,0.10885022621624761
0,0,0.12143082443587389
1,0,0.10162143185802841
0,0,0.10912935757617687
0,0,0.10825045586440046
0,0,0.00017849572886903468
0,0,0.1142615807529611
0,0,0.14350759594662535
0,0,0.01446566039532887
0,0,0.02734457452582263
0,1,0.6255665144616919
0,0,0.038241909126420524
0,0,0.12360987065534548
1,0,0.0001566844864543855
1,0,0.09870939561503292
0,0,0.12169355977325089
1,0,0.09050103665184248
0,0,0.05476703979617502
0,0,0.13377024846905453
0,0,0.10053052760983378
1,0,0.0654100602050782
0,0,0.00012004151414536213
1,0,0.2068344810511587
0,0,0.21084553099211822
0,0,0.08548615167358455
0,0,0.10331580940423497
0,0,0.07420138513027257
0,0,0.07223326400915558
1,0,0.22013805476524625
0,0,0.029817059530370248
0,0,0.06489875848908856
0,0,0.11487127093165288
0,0,0.1512817137761576
0,0,0.0002128693714759389
0,0,0.10664015201506197
0,0,0.0761973500161635
0,0,0.08260849773682956
0,0,0.10803232908172344
0,0,0.04900644154947878
0,0,0.09692491750150231
0,0,0.09374564509643157
0,0,0.15043847137105126
1,0,0.0913532098641573
0,0,0.15665481566874506
1,0,0.18894169820745696
0,0,0.18528792516813555
0,0,0.034339298960806786
0,0,0.2653683786335278
0,0,0.05085400841944377
0,0,0.00010405370400813628
0,0,0.04690568760066516
1,0,0.09676862650682191
0,0,0.09865286661529699
1,0,0.08768355614270465
0,0,8.585089072330807e-05
0,0,0.17392559669459143
0,0,0.03506563939692802
0,0,0.06962963505263942
0,0,0.09744221519577316
0,0,0.11433785863990802
0,0,0.14404118857188417
0,0,0.06943046815263193
0,1,0.7643392000873581
1,0,0.00020104189436172048
0,0,0.11563610992027147
1,0,0.11997185984156356
0,0,0.19170297813509016
0,0,0.06477635347677714
0,0,0.1577340172614349
0,0,0.12397681522869358
0,0,0.06033397297223139
0,0,0.11730361834878025
0,0,0.09366702514265768
0,0,0.17234859494378052
0,0,0.07310743377930869
0,0,0.1576730572235309
0,0,0.2753162390170638
0,0,0.0624378368501069
1,0,0.061711631655063846
0,0,6.906085092716878e-05
0,0,0.05435112961121113
0,0,0.13434315792624504
0,0,0.09744551683367812
0,0,0.10992690301774577
0,0,0.13417534956292546
0,0,0.0001495074827586542
0,0,0.17458557615654857
0,0,0.00013619028413610693
1,0,0.06413107352077449
1,0,0.1440833425655632
0,0,0.03687156685114372
0,0,0.00032946009714513764
0,0,0.00010728232667013632
0,0,0.05911594489029018
0,0,0.1687956154592113
0,0,0.045796294770450455
0,0,0.16574949856116178
0,0,0.14095044928419498
0,0,0.07176684215172488
0,0,0.08220394919473697
0,0,0.07076544055622844
0,0,0.11408326855775976
0,0,0.30225851949465593
0,0,0.08394531721317335
0,0,0.11410594025224746
0,0,0.10423228456787398
1,0,0.3388718520804021
0,0,0.10424599154476079
0,0,0.06227653534797922
1,0,0.15257085531238948
0,0,0.0781035231676465
1,0,0.1110265551190143
1,0,0.48394901317086275
0,0,0.10430346236582146
0,0,0.12307515716806237
1,0,0.20431179272662736
0,0,0.14214605942588593
0,0,0.0865229179066734
0,0,0.00011341515410247308
0,0,0.1524849905189066
0,0,0.1367206204121157
0,0,0.3334226126786614
0,0,0.11408835481209594
0,0,0.06580348348769811
0,0,0.06824572611492012
0,0,0.14338368610870514
0,0,0.11432990570806122
0,0,0.1071515630238407
0,0,0.05919870442742611
0,0,0.09490683986289822
0,0,0.07325968990506156
0,0,0.08623479321265527
0,0,0.1436543821243029
0,0,0.06305435572313056
0,0,0.11343457972310343
1,0,0.09874138757713134
0,0,0.06405622551151116
0,0,0.07181149065619638
1,0,0.12864136375152332
0,0,0.07561937497048418
0,0,0.14895534623508414
0,0,0.08081389565451705
0,0,0.10518250305282859
0,0,0.05707826584547182
0,0,0.09357854110505294
0,0,0.013375241559467725
0,0,0.1958769900093498
0,0,0.133446800304969
0,0,0.07273298253369562
1,0,3.121396901124563e-05
0,0,0.09586016884436763
0,0,0.11576041939247315
0,0,0.0002611941273868234
1,0,0.104505515420996
1,0,0.11616678667576212
0,0,0.10146405754728359
0,0,0.047190008654698114
0,0,0.05723280606712932
0,0,5.84672700052797e-05
0,0,0.31805901059678926
0,0,0.170893490739818
0,0,0.11675688320055946
1,0,0.08478821707803097
0,0,0.14563124366882896
0,0,0.22150972719002895
0,0,0.1506433475308117
0,0,0.08520531007497184
0,0,0.09533295635022788
0,0,0.0830135671648249
0,0,0.07102949312240686
0,0,0.12018943502507708
0,0,0.13827431631199733
0,0,0.09551527133639583
0,0,0.2464131022289288
0,0,0.13589450619290058
0,0,0.0683939688809519
0,0,0.12691671310786778
0,0,0.058812042544580535
1,0,0.09914362565373107
0,0,0.06843692261610838
0,0,0.07227091051056142
0,0,0.079461375854858
0,0,0.12091968909066181
0,0,0.04921472558439711
1,0,0.07426713726810588
0,0,0.00012192668645202304
0,0,0.07130556724690376
1,0,0.33279725995146486
1,0,0.16294902962955043
0,0,0.0588498464534596
1,0,0.3404922503394354
0,0,0.086597616151838
1,0,0.07880935607639643
0,0,0.3275529414059752
0,0,0.17059144058349954
1,0,0.1406908566269596
0,0,0.09630391757847456
1,0,0.1678532384327954
0,0,0.09186452588122966
0,0,0.11260762897324357
0,0,0.07086938812041567
0,0,0.1396722181873044
0,0,0.13576798166610007
0,0,0.04239085718575496
0,0,0.1858866841965756
0,0,0.0926342605030236
0,0,9.778389751088543e-05
0,0,0.11110951121504353
0,0,0.08854297145357938
0,0,0.038998621103660605
0,0,0.17856347250827673
1,0,0.20301919820370645
0,0,0.0853475630632788
0,0,0.08235480433595947
0,0,0.04699183201251119
0,0,0.0001649256283761627
0,0,0.10472532248112362
0,0,0.08162257009478154
0,0,0.11165574562287173
0,0,0.10894169067341873
0,0,0.055459639084892404
0,0,0.2015852865315658
0,0,0.08811652740279312
0,0,0.03283124185092583
0,0,0.12001074850322452
0,0,0.08417047593350549
0,0,0.09920257065394851
0,0,0.11713714460671398
0,0,0.18323303967898083
1,0,0.15085883444220002
0,0,0.1268900614663793
0,0,0.09659769971038226
0,0,0.11000628347492639
0,0,0.18181893119619558
0,0,0.09533536125598818
0,0,0.0740132875276913
1,0,0.11693722436633298
0,0,0.3135141471152871
0,0,0.2953024904579269
0,0,0.14539276164998335
0,0,0.12709463644908617
0,0,0.09558467775517011
0,0,0.12971883990200364
0,0,0.08521622498209414
0,0,0.11854578733030059
0,0,0.06987323163586792
0,0,0.06533387514027393
0,0,0.09938873495795815
0,0,0.09964974342906426
0,0,0.023074495498293268
0,0,0.07773575757896715
0,0,0.15431442738022527
0,0,0.1293989034716821
0,0,0.07156307400249749
0,0,0.10590341700980563
0,0,0.10118182355716174
0,0,0.09438159188307081
0,0,0.0767516624366971
0,0,0.1512871965925154
0,0,0.12669938824064406
0,0,0.06055200877593592
0,0,0.11001738357045089
0,0,0.10272584240036162
0,0,0.07324832108366071
0,0,0.25477114699405273
0,0,0.18380486980942545
0,0,0.08955837608172598
0,0,0.19883655430395744
0,0,0.19755983678165692
0,0,0.0002470177731620042
0,0,0.19840115111024567
0,0,0.0005889053120934917
0,0,0.10394629697944122
0,0,0.07198066570004438
0,0,0.05572456400232808
0,0,0.09332816935083099
0,0,0.07840753824639257
0,0,0.09821346308097219
0,0,0.05592435372892656
0,0,0.11731351812939964
0,0,0.08871229238150773
0,0,0.11386796268712168
0,0,0.12603594087170053
0,0,0.04215241872117295
0,0,0.17374597909069617
0,0,0.10768577413570428
0,0,0.06268044578966535
1,0,0.19893650082691433
1,0,0.18300667135796106
0,0,0.06883415979794114
0,0,0.06698133335613253
0,0,0.26410349009652956
0,0,0.026794398229014273
0,0,0.14683931649024337
0,0,0.03997680883499495
0,0,0.13413985132359765
0,0,0.019306382768780488
0,0,0.09434985232289927
0,0,0.18079158955513333
0,0,0.161378420741788
0,0,0.13215510510355657
0,0,0.06642037855144843
0,0,9.219037186185227e-05
0,0,0.00010316958063784576
1,0,0.12869541751953148
0,0,0.07131336463778556
1,0,0.18658208933222759
0,0,0.058725630597520985
0,0,0.1038531692682697
0,0,0.05010751324013879
0,0,0.014138350377150069
0,0,0.08185396376207413
1,0,0.12105543128296525
1,0,0.07774776777824315
0,0,0.06476708919643706
0,0,0.0001725468855162227
1,0,0.16358834337806782
0,0,0.1522181130084428
0,0,0.15529098903441002
0,0,0.09890328765888268
0,0,0.14674756010183157
0,0,3.643680649228815e-05
0,0,0.09542755085176016
0,0,0.04961844351813209
0,0,0.15280909595858472
0,0,0.11069349854196772
0,0,8.75329454274701e-05
1,0,0.032719958286753295
0,0,0.11958022838498537
0,0,0.215412384551485
0,0,0.05300351727991979
0,0,0.10686092077957268
0,0,0.058723442927741495
0,0,0.3303484119421779
0,0,0.0904454134786187
0,0,0.10831035402078915
0,0,0.06928871070384233
0,0,0.1233457386473439
1,0,0.3192731757567344
0,0,7.824236511863373e-05
0,0,0.12665465474605103
0,0,0.08378284026795176
1,0,0.23582498514018138
0,0,0.12775874590592692
0,0,0.05904549846434542
0,0,0.0444758844990458
0,0,0.11784650945682927
0,0,0.061895644535504495
0,0,0.06630003223189333
0,0,0.04154366847720288
0,0,0.07106623764887118
0,1,0.6046738823918346
0,0,0.07740705522103651
0,0,0.13269191276238207
0,0,0.07292033446281411
0,0,0.05730648174484292
0,0,0.2184781995210012
0,0,0.01508787377490214
1,0,0.10206700615794914
0,0,0.08168255373700241
0,0,0.07706505200487225
0,0,0.05543060139265417
0,0,0.12969458623746571
0,0,0.00018243477086149362
0,0,0.06640898895604701
0,0,4.457592555575508e-05
0,0,0.0831612865712907
0,0,0.1295221514273534
1,0,0.14192506295900917
0,0,0.1299138615279485
0,0,0.07371937404677474
0,0,0.1545864061349387
0,0,0.1094668680778035
0,0,0.08520822492072753
0,0,0.05667079875618635
0,0,0.05216808773978846
0,0,0.16679606636948305
1,0,0.08939298084859316
0,0,0.04317461066707915
1,0,0.04107382887870146
0,0,0.09635049447218262
0,0,0.044518946860642256
0,0,0.10891988419258285
1,0,0.14418651786659661
0,0,0.05349897474499083
0,0,0.17200026502907761
0,0,0.09069204642898471
1,0,0.10688547683160901
0,0,0.21832498222220537
0,0,0.06947202574735667
1,0,0.15054640926238333
0,0,0.07198914301863472
0,0,0.0744008150941177
0,0,0.06081360538881201
0,0,0.06550703148128093
0,0,0.1462672085091357
0,0,0.12468821807934855
0,0,0.000135167913539472
0,0,0.1038267558414848
0,0,0.1802651994522188
1,0,0.3798057364462738
0,0,0.06100717819229982
0,0,0.17929734394053903
0,0,0.44472298437551316
1,0,0.143999239574812
0,0,0.09376485651791486
0,0,0.10423268726052051
0,0,0.18387917516140354
0,0,0.3535934033338442
0,0,0.09487327764495906
0,0,0.1163204373729469
0,0,0.00016875686171940224
0,0,0.0742877594868409
0,0,0.09842189043430409
0,0,0.05804757852151504
0,0,0.13612794065482173
0,0,0.08861463974659257
1,1,0.5493191683113197
1,0,0.1513930567222717
0,0,0.09887260970735755
0,0,0.14094749766896975
0,0,0.11725006599689311
0,0,0.07293053005922298
0,0,0.48145917752707923
0,0,0.11301059168056352
0,0,0.19726952329726222
1,0,0.19030073343689835
0,0,0.09646582572696312
0,0,0.17302858662615692
0,0,0.21865447180731498
0,0,0.06881636062487533
0,0,0.1307456548688586
0,0,0.11252541397193463
0,0,0.08727263937593334
0,0,0.18974378823607257
0,0,0.0645172955042281
0,0,0.05063635100529559
1,0,0.15794154309377642
0,0,0.09962239260852315
0,0,0.18285984972348096
0,0,0.05744058867547071
1,0,0.15667581882622353
0,0,0.3997172257838421
0,0,0.21481069440787953
0,0,0.0911383953174085
0,0,0.20910096779606338
0,0,0.11381355383969655
0,0,0.09942802200538504
0,0,0.09219778988593949
0,0,0.1022506099131574
0,0,0.037288499608386386
0,0,0.15860098131067707
0,0,0.07138232006415114
0,0,0.04893917746127109
0,0,0.09227765997283531
0,0,0.2600569336663427
0,0,0.07918683281449827
1,1,0.6722356725804791
0,0,0.08072876232107662
0,0,0.09242890901295295
0,0,0.05313909617605508
0,0,0.12620641291802565
0,0,0.06840965076778577
0,0,0.0652945955906947
0,0,0.1389164302141476
0,0,0.13971557992207764
0,0,0.07396374543247251
0,0,0.000174489291932053
0,0,0.0969050781031536
0,0,0.12464786135569604
0,0,0.12519311921376258
0,0,0.06771922525379014
0,0,0.07956282529029499
0,0,0.1549822956004318
0,0,0.06158318496756864
0,0,0.10022942215616115
0,0,0.02135091118100731
0,0,0.03362242211167406
0,0,0.1728615830460614
1,0,0.10372865088023209
0,0,0.08498445000408539
0,0,0.29470168360616333
0,0,0.0784009386649917
0,0,0.07208906121973281
0,0,0.031663654134961444
0,0,0.12274680976856242
1,0,0.12320644328606196
0,0,0.00015256198132919827
0,0,0.2423451618010943
0,0,0.18181888169044685
1,0,0.14864290155173676
0,1,0.5410485325473582
0,0,0.12313489736708572
0,0,0.2578346790780591
0,0,0.09101020229892341
0,0,0.11854971744045173
0,0,0.26969433219299394
0,0,0.07747573100468222
0,0,0.11969571229445775
0,0,0.06484368779174327
0,0,3.088301693321729e-05
0,0,0.06880554783553108
0,0,0.04422071241759442
1,0,0.06905341595888168
0,0,0.0853950296119368
0,0,0.1310293483266456
0,0,0.08397000449630251
1,0,0.05248447131090076
1,0,0.13693395482069562
0,0,0.23884111008278594
0,0,0.13525885416043634
0,0,0.14428920822741476
0,0,0.01639129070043608
0,0,0.13170914308255577
0,0,0.16082700912293382
0,0,0.08729100414784324
0,0,0.07403195672422959
0,0,0.18167150005124563
1,0,0.07461704974632594
0,0,0.05202585716933792
0,0,0.0519567288161353
0,0,0.17778674171342954
0,0,0.05562634448438181
0,0,0.10129354193678668
1,0,0.2645197779463658
1,0,0.17499408948769182
0,0,0.18434011879016968
1,0,0.04198910450264525
0,0,0.07709823137807496
0,0,0.07965772842826298
0,0,0.10182137507067408
0,0,4.8935356345745275e-05
0,0,0.14237050909060442
0,0,0.16573716241637396
0,0,0.06733172453472112
0,0,0.07508746750442163
0,0,0.07933379659613607
0,0,0.07634528775524471
0,0,0.07199982543503622
0,0,0.24284377734252618
0,0,0.0858802051576447
0,0,0.05439886443982112
0,0,0.09321840142323859
0,0,0.13571607048550288
0,0,0.05132210315432672
1,0,0.1842277173442928
1,0,0.10073149507030055
0,0,0.12464920635211867
0,0,6.511381425843585e-05
0,0,0.047227039736992625
0,0,0.07944517356930268
0,0,0.3464212343984633
0,0,0.09935393477933047
0,0,0.055588811831411164
1,0,0.08423069534582203
0,0,0.06557734279486653
0,0,0.0740858019584736
0,0,0.17963339329201872
0,0,0.0862153750043483
0,0,0.10682733735822734
0,0,0.04720370083964201
0,0,0.048782336991510376
0,0,0.10534865365651602
0,0,0.03330812869509419
0,0,0.16034789019953022
0,0,0.05862727517776782
0,0,0.06867648244686564
0,0,0.08597491301336174
0,0,0.11446227101593233
0,0,0.17977150513683168
0,0,0.02848599534792603
0,0,0.08620515158390979
0,0,0.08535481211629042
0,0,0.0314401359874245
0,0,0.2024709527380047
0,0,0.09936134043303971
0,0,0.15980750143775088
0,0,0.10645470160711018
0,0,0.05568967465971158
0,0,0.06072940419893797
0,0,0.10927013722142284
0,0,0.09184189538580599
0,0,0.1850949585338415
0,0,0.09017827687352536
0,0,0.13017098552697576
0,0,0.09715028833689206
0,0,0.12531314287840942
0,0,0.2000036059122627
0,0,0.10943510316939835
0,0,0.12034962896850918
0,0,0.14378814808160745
1,0,0.17267454441457655
0,0,0.10315740231835668
0,0,0.07456768128727256
0,0,0.1203224639793691
0,0,0.1451248879335471
0,0,0.14232133028921365
0,0,0.2674265424073949
0,0,0.0886377188557759
0,0,0.17486301242389815
0,0,0.0886966132800317
0,0,0.07650108266986631
0,0,0.15299270157733777
1,0,0.1084895584102949
0,0,0.08717630885930469
0,0,0.18311247863942023
0,0,0.19665517587897052
0,0,0.14633480837123106
0,0,0.02051028106520977
0,0,0.08402183299369623
0,0,0.06951097566061791
0,0,0.12991054484492612
0,0,0.12743633840030746
0,0,0.14202022834232145
0,0,0.06750949801454693
0,0,0.00010283018121361268
0,0,0.1171167201736529
0,0,0.07936674717757695
0,0,0.07484549060031832
0,0,0.10192958700343885
1,0,0.10544927991151773
0,0,0.1039217626715205
0,0,0.07222120038037369
0,0,0.22434300078564343
1,0,0.10313936971967967
0,0,0.07681805918913782
0,0,0.09223525885383348
0,0,0.06856495247803099
0,0,0.08409573186867603
0,0,0.1441764896031656
0,0,0.2959319518356249
0,0,0.05646359606694643
1,0,0.05098577259729805
0,0,0.04066182948658273
0,0,0.0691872136823004
1,0,0.050778625968716656
0,0,0.19182682926275946
0,0,0.06287006735552618
0,0,0.20996678428844961
0,0,0.07823859963961077
0,0,0.07378184708549423
0,0,0.06539533795850437
0,0,0.18585937268558275
0,0,0.10071963041885436
0,0,0.1617335754141651
0,0,0.10049872195937959
0,0,0.17447674012718722
0,0,0.08790660669784783
0,0,0.1597367504436615
0,0,0.1495378329870178
0,0,0.11542381870095861
0,0,0.09279645713761861
0,0,0.07261808282832097
0,0,0.13095432868290885
0,0,0.13106405929808415
0,0,0.09735538787091694
0,0,0.07962407127577298
0,0,0.07453646443277401
0,0,0.08615291096444426
0,0,0.1044122031812326
1,0,0.09555995755586041
0,0,0.09024408832328924
1,0,0.07656983060259322
0,0,0.055657112561230515
0,0,0.1939477087214251
1,0,0.13454384451720114
0,0,0.07060346211841975
0,0,0.09382579113536124
0,0,0.10661338008726703
0,0,0.06717883972506233
0,0,0.050132308623951426
0,0,0.12066908394812588
0,0,0.1480177483004562
1,0,0.34320089886655264
0,0,0.15049481034526305
0,0,0.09262274047945668
0,0,0.10690943249546728
1,0,0.07300039251218443
0,0,0.06423245150211669
1,0,0.12044076549989029
0,0,0.05628044231843305
0,0,0.19279582383283897
0,0,0.10388028260540419
1,0,0.16357929962684598
0,0,0.1244387746181757
0,0,0.13702777072714992
0,0,0.06822490892102077
0,0,0.09978935332237639
0,0,0.1794741702574137
0,0,0.13976302515583736
0,0,3.484697689879602e-05
0,0,0.11584406198549112
0,0,0.13658606433082135
0,0,0.10706607706676462
1,0,0.24057043983199383
0,0,0.10580272851481325
1,0,0.08920840070574684
0,0,0.05789613856353594
0,0,0.08990026115170366
0,0,0.1631260427288612
1,0,0.11797871514791725
0,0,0.0500220247856557
0,0,0.03597958636186344
1,0,0.07538069862715804
1,0,0.15566906827497323
0,0,0.14118447043064028
0,0,0.09624092994672306
0,0,0.15035057172759167
0,0,0.12609104237833121
0,0,0.1406326310599856
0,0,0.09970439206135052
0,0,0.07482982218419225
0,0,0.06726344475344186
0,0,0.03676527739942564
0,0,0.08082723614880144
1,0,0.08835751253188484
0,0,0.1548205603068669
0,0,0.13422433951814527
0,0,0.12385514621261808
0,0,0.07674571876703414
0,0,0.36487269209309875
0,0,0.06857611589997391
0,0,0.15096882849892504
0,0,0.12031230249906633
0,0,0.09607447912404213
0,0,0.10036938667856214
0,0,0.061498717094017
1,0,0.0001349342109965159
0,0,0.1681752863858803
0,0,0.16237737003548877
1,1,0.5241174468660735
0,0,0.13989774054600937
0,0,0.1636796756838446
0,0,0.12021070515503805
0,0,0.12169365953384083
0,0,0.11121488714027461
0,0,0.05928388621243849
0,0,0.052099975659426194
0,0,0.05521588916151795
0,0,1.1841832338988732e-08
0,0,0.0658394578593913
0,0,0.00010188411647804526
0,0,0.08588723221319346
0,0,0.08098854356464538
0,0,0.09574335561888662
0,0,0.08230204467324405
0,0,0.09239980835462933
0,0,0.08051473974341311
0,0,0.11617694123881799
0,0,0.00014582853157391368
0,0,0.20898372246563313
1,0,0.11934295079874857
0,0,0.07168223025134655
0,0,0.10992626070433319
0,0,0.10955517448999146
0,0,0.07107111216414623
0,0,0.08879161070601962
0,0,0.15809321556047157
0,0,0.15127033019134775
0,0,0.00015485828428774183
0,0,0.0004069560312336018
0,0,0.22091522089604287
0,0,0.12722836753673758
0,0,0.07536886582542215
0,0,0.0803106287363378
0,0,0.22854252710934989
0,0,0.14168491263931193
0,0,7.764291224214693e-05
0,0,0.0011298192602413072
0,0,0.13619555900642857
0,0,0.15255847220281
0,0,0.10644645334768718
0,0,0.09102953478397166
0,1,0.5965010601841827
0,0,0.1339557453062324
0,0,0.10775845693947501
0,0,0.055394876699960724
0,0,0.07913605201264325
0,0,0.0152013920651953
0,0,0.07220598297546393
0,0,0.10209897760450433
0,0,0.09372152294214038
0,0,0.04508806268447127
0,0,0.0547459190164982
0,0,0.07438336194513392
0,0,0.1593827412792871
1,0,0.13607889077296056
0,0,0.09911978630629573
0,0,0.051720605708605184
0,0,0.08710448461226404
0,0,0.06478254658597046
0,0,0.11379464823507164
0,0,0.20435273576964635
0,0,0.017998746889961507
0,0,0.10409106939393901
1,0,0.22032675039026361
0,0,0.10826031663600227
0,0,0.13639183710215824
0,0,0.11382423669720852
0,0,0.14157791530331043
0,0,0.05755694170930429
0,0,0.05216738730446839
0,0,0.07691355360583518
0,0,0.11797854290235579
0,0,6.667946916433621e-05
0,0,0.08525913302458822
0,0,0.08036163995864791
0,0,0.026122208540314787
0,0,0.10791868889757154
0,0,0.32217420862128465
0,0,0.1017952275242119
0,0,0.0810406012814087
0,0,0.1875424594433335
0,0,0.17254195154823757
0,0,0.10022770908069221
0,0,0.06436671995063822
0,0,0.09931555337686948
0,0,0.02572984941696313
0,0,0.09165131279099284
0,0,0.10065616814223045
0,0,0.07498224605185294
0,0,0.2904570397198552
0,0,0.12989566473663242
0,0,0.037624985671367184
0,0,0.04484427086193367
0,0,0.06783517955138943
0,0,0.2071727810053379
0,0,0.18649784039936845
0,0,0.08768111913705298
0,0,0.09908136069477333
0,0,0.09022601453414691
0,0,0.1201249544358583
0,0,0.05149484406462022
0,0,0.03944041765965794
0,0,0.06395856481948024
0,0,0.04338718129883006
0,0,0.13666263142548762
0,0,0.06696672136067609
1,0,0.09789359159921857
0,0,0.062098864189291655
0,0,0.14363982445894086
0,0,0.10073483652346321
0,0,0.10127955419668573
0,0,0.08157131003601492
0,0,0.15851114545825246
0,0,0.16652954371791873
0,0,0.1312252515606284
0,0,0.15865194013810244
0,0,0.257614024449628
0,0,0.16900272445427061
0,0,0.10046159353200282
0,0,0.08068056663708463
0,0,0.06627703230702763
1,0,0.31991787123277954
0,0,0.10606689583461416
0,0,0.14280432087997819
0,0,0.06187454214360414
0,0,0.17450129154978142
0,0,0.08041811450986315
0,0,0.06723046384351514
0,0,0.10390746164760033
1,0,0.03991186261489951
1,0,0.1087165502803579
0,0,6.885307720617591e-05
0,0,0.3202125538693808
1,0,0.10797020656837679
1,0,0.11953840660644603
0,0,0.21151189874126577
0,0,0.08102401839566743
0,0,0.1980713332257704
0,0,0.04077364754861186
0,0,0.19267497721713503
0,0,0.16453997549317065
0,0,0.14567331689306534
0,0,0.04216445376362456
0,0,0.1597475293230899
0,0,0.090709305524014
0,0,0.1060911570671471
0,0,0.010247590065644055
0,0,0.08292811707278375
0,0,0.1879866412967321
0,0,0.10433945419457019
0,0,0.07792402145361921
0,0,0.08933330870920737
0,0,0.0844202862637551
0,0,0.23831480844692865
0,0,0.0589145346977534
0,0,0.07939869162017182
0,0,0.00012801672106010038
0,0,0.19837056500571829
0,0,0.09290207269954942
0,0,0.059980484845898734
0,0,0.1352066102470413
0,0,0.06937536306613892
0,0,0.0004134746896822123
1,0,0.39737258311687684
0,0,0.4620076812808619
0,0,0.11164520452638621
0,0,0.0764040110839303
0,0,0.2143170307863139
0,0,0.22245545770776415
0,0,0.08877855446689259
0,0,0.0988279190017559
1,0,0.09344547230049592
0,0,0.11390577702961367
0,0,0.14105095907895102
1,0,0.3078480636062209
1,0,0.19577646437104956
0,0,0.08508848763266966
0,0,0.11118112008942642
1,0,0.11986838062678185
1,0,0.21534494395667028
0,0,0.06967178731386878
0,0,0.07988405775064815
0,0,0.08280844579968683
0,0,0.08819450080460707
0,0,0.1530145889713117
0,0,0.09904230929620778
1,0,0.17960335354390763
0,0,0.05388847310703098
0,0,0.07856299718041446
0,0,0.12638109988279045
0,0,0.08414175064223833
0,0,0.1136025900649546
0,0,0.08744614160164368
0,0,0.17976569374245963
1,0,0.12792077526184853
0,0,0.10024008462967021
0,0,0.07614189569223027
0,0,0.0802601911525431
0,0,0.07558133707833277
1,0,0.15262568499459728
0,0,0.06418107389380286
0,0,0.08232381395256182
0,0,0.19597791296030237
0,0,0.0852426592228607
1,0,0.10093982740146867
1,0,0.07779668238063157
0,0,0.07726972063967168
0,0,0.1135204072709906
0,0,0.06509617639636968
0,0,0.15825596350035542
1,0,0.07627041742660808
0,0,0.06235981396037892
1,0,0.12965725688521676
0,0,0.16620489269159575
0,0,0.11633166029424359
0,0,0.07704640890411531
0,0,0.11103382847850347
0,0,0.14157006468537112
0,0,0.10876144311266203
0,0,0.17160267438813026
0,0,0.11067848006022382
0,0,0.05954351277192597
0,0,0.07148526649824048
0,0,0.14362113744941288
1,0,0.05138048019997638
0,0,0.1684240427707755
0,0,0.1931202916274232
0,0,0.08962962881022687
1,1,0.7092392544844792
0,0,0.1081224519666974
0,0,0.099431400928499
0,0,0.06600494186479983
0,0,0.056696321740229344
0,0,0.2023375996933399
0,0,0.10731880655373072
0,0,0.06042862296410177
0,0,0.13546101555710438
0,0,0.17008767509906011
0,0,0.00020970633349352583
0,0,0.06141020892016501
0,1,0.6069723642819363
0,0,0.07320252132152462
0,1,0.5531402269217314
0,0,0.08564116393691323
0,0,0.11579093120164044
0,0,0.07782913599320063
0,0,0.11858726038585109
1,0,0.09907630427829343
0,0,0.10927975249726846
0,0,0.18302366803921646
0,0,0.059049443044552216
0,0,0.17134633594307286
0,0,0.00025173556570509816
0,0,0.13286941751536013
0,0,0.00010842603523608672
0,0,0.05881286996926539
0,0,0.10713695252359469
0,0,0.11288875102820145
0,0,0.08357424364259426
0,0,0.09324655710885724
0,0,0.055535687558847066
0,0,0.11737156220286449
0,0,0.10132687242899997
0,0,0.06896744612302246
0,0,0.05047619400235662
0,0,0.13025349864152264
0,0,0.08835528894450552
0,0,0.17091478891697864
0,0,0.19699500512765958
0,0,0.08967870940316221
0,0,0.09144876692210356
0,0,0.1861248134151439
1,0,0.15555791255297197
0,0,0.09401655917398237
0,0,0.34465902160329726
0,0,0.24010915615736775
0,0,0.10857631199073231
0,0,0.24004755475106862
0,0,0.09657584770156541
0,0,0.08952120791117163
0,0,0.12385960760346405
0,0,0.05472604868899379
0,0,7.972886760406894e-05
0,0,0.14385113148895173
0,0,0.08135083919342287
0,0,0.23933249572825507
0,0,0.13549722909532955
0,0,0.08553534712049858
0,0,0.2743446974729199
0,0,0.16086676612944184
0,0,0.21211139931775577
0,0,0.2347583297540178
0,0,0.148719026830839
0,0,0.08327015507830123
0,0,0.0947059339410056
0,0,0.08569316935874838
0,0,0.0981621661985583
0,0,0.1273661726922338
0,0,0.1408079019485819
0,0,0.09571088994851557
0,0,0.10334104483610371
1,0,0.46287865714773024
0,0,0.056521225982284956
0,0,0.12728018076172798
1,0,0.10854953949278164
0,0,0.055787701312763824
0,0,0.27054440179359196
0,0,0.00014129471632655534
0,0,0.10684856955460251
0,0,0.050582755225291584
0,0,0.08484354753931
0,0,0.09690966861369205
0,0,0.09131032451843474
0,0,0.06194663369619991
0,0,0.0916075590955297
0,0,0.1891903734126436
0,0,0.029148258662705123
0,0,0.2378703452048128
0,0,0.09153374705695154
0,0,0.13410217600162574
0,0,0.05481035341057044
0,0,0.118828855688868
0,0,0.08647600043165252
1,0,0.12726342555129316
0,0,0.08300298449076725
0,0,0.11146806903265086
1,0,0.08772879131399951
0,0,0.10944879894438721
1,0,0.13344396173149148
0,0,0.0846477358639945
0,0,0.10783568134135485
0,0,0.07300888299059087
0,0,0.4227710785543461
0,0,0.07970568616630185
0,0,0.18713389840887956
0,0,0.16041874163561645
0,0,0.1493782073506895
0,0,0.1678183063587562
0,0,0.05098659952534411
0,0,0.1794876551353867
0,0,0.09109109690426823
0,0,0.02860030155353067
0,0,0.07919009793955249
0,0,0.060577680880598936
0,0,0.058410231937723975
0,0,0.10976657103840672
0,0,0.04075251927653135
1,0,0.1202719718438968
0,0,0.11563257177604674
0,0,0.07310488671588697
0,0,0.14459909825830516
0,0,0.14568510723977007
0,0,0.19969405716110622
0,0,0.07387608670333363
0,0,0.12485469860190147
0,0,0.14485012856721546
0,0,0.08308755931076366
1,0,0.09632008866917952
0,0,0.07964156186868576
0,0,0.03035224388317963
0,0,0.07410651161713142
1,0,0.17331910641530032
0,0,0.05206965599770711
0,0,0.1436327324384425
0,0,0.07922352885079124
0,0,0.10373964919981729
0,0,0.18740567961111582
0,0,0.37878696726265215
0,0,7.75501797991655e-05
0,0,0.07038792008530556
0,0,0.051612011047735294
0,0,0.1382227740934254
0,0,0.018440595080011498
0,0,0.11828727559066236
0,0,0.07156616966109128
1,0,0.2103281954933152
0,0,0.025956738044891636
0,0,0.09094387275965021
0,0,0.09236523412836928
0,0,0.08887718184031072
0,0,0.0878719560107591
0,0,0.20681407314250738
0,0,0.13084295012762232
0,0,7.019442614100939e-05
1,0,0.15541903087759867
1,0,0.1685485092819266
0,0,0.10540622841452908
0,0,0.16596221418389698
0,0,0.11288979478220033
0,0,0.11437334189763575
0,0,0.23394335694494145
1,0,0.12511780977615508
0,0,0.08390104779824284
0,0,0.14287960533487692
0,0,0.0833994877722393
0,0,0.14096917053641075
0,0,0.055456498141828445
0,0,0.10530862750900702
0,0,0.065497081588314
0,0,0.11803241777426313
0,0,0.17393884710842572
0,0,0.1341401482196348
0,0,0.10984599074255373
0,0,0.06519425334750747
0,0,0.11633526240817856
1,0,0.1125588098884145
0,0,0.16023297186181007
0,0,0.1277804764236992
0,0,0.09703322589741377
0,0,0.15097269242409694
0,1,0.9902902952177738
0,0,0.09363570200549647
0,0,0.01711315965718933
0,0,0.11551271882933295
0,0,0.08751845049560374
0,0,0.07379740971239991
0,0,0.07274415346369387
0,0,2.8157450005984223e-05
1,0,0.11413353566586314
0,0,0.12473959397567021
0,0,0.04294877673182776
0,0,0.1186611802475612
0,0,0.06377058352391496
0,0,0.15187765240722056
0,0,0.13725061615529102
1,0,0.10844386296857358
0,0,0.00016619378168771437
0,0,0.14084705708181847
0,0,0.07501603933575408
0,0,0.10591957234032695
0,0,0.06528839669126071
0,0,0.05638060437428924
0,0,0.03540115996705444
0,0,0.14088625849922198
0,0,0.050056956668317304
0,0,0.06511860178912941
0,0,0.045645668071737144
1,0,0.10912455057626569
1,0,0.09027288757550407
0,0,0.0786607829574783
0,0,0.0002370257129272044
0,0,6.87637985939219e-05
0,0,0.08022544456543436
0,0,0.10608737912389975
0,0,0.1643312163068248
0,0,0.09482070450547836
0,0,0.13324900189246
0,0,0.09274725620485058
1,0,0.07319345481008313
0,0,0.16877634595792199
1,0,0.37963999656411634
0,0,0.10208490287028635
0,0,0.08710055855847204
0,0,0.10226836118529206
1,0,0.0985777265324362
0,0,4.411120420554864e-05
0,0,0.08965890601718918
1,0,0.18930384427480926
1,1,0.6896446005545801
0,0,0.09689340790374848
0,0,0.08097696282818913
0,0,0.05906606674119366
0,0,0.1706808671182257
0,0,0.15150885422351934
0,0,0.07631770174657737
1,0,0.06494965706804434
0,0,0.0001919006288378983
1,0,0.17079056007608126
0,0,0.1421704806659438
0,0,0.07073134662206516
0,0,0.10303755786096444
0,0,0.08881504148624335
0,0,0.07901221431953195
1,0,0.39694613140588875
0,0,0.10931956813775094
0,0,0.44093891946729963
0,0,0.02284513551309654
0,0,0.09257131851822073
0,0,0.0809412933416244
0,0,0.09084201543483848
0,0,0.05384929304773354
0,0,0.4147724878208404
0,0,0.07920670521132529
0,0,0.10535783224812381
0,0,0.07521606344550207
0,0,0.10954649671100684
0,0,0.3143463775238945
1,0,0.0832620984728869
0,0,0.07750067844605682
0,0,0.06036823126292778
0,0,0.1283637170735265
0,0,0.11761491073446495
0,0,0.040004134063321053
0,0,0.15042519095195067
0,0,0.04773602504707252
0,0,0.12013488138435602
0,0,0.15572518388507492
0,0,0.17991848694751122
0,0,0.1359564194212322
0,0,0.14047203623047555
1,1,0.515967961143308
0,0,0.06656185828363423
1,0,0.27981916917946503
0,0,0.07910608002843635
0,0,0.13405983822582956
0,0,0.050221058606198084
0,0,0.00010730290692498541
0,0,0.10233075665163809
0,0,0.08454675536849879
0,0,0.09453110503045063
0,0,0.047848057736811826
1,0,0.07334031937988986
0,0,0.11571197686031058
0,0,0.05772362148817602
0,0,0.0815035107850994
0,0,0.0894539040213729
0,0,0.3465212976169713
1,0,0.15031226341627751
0,0,0.09803492470350755
0,0,0.22454437241123948
1,0,0.11141091130313295
1,0,0.10761327599704829
0,0,0.060100885026845484
0,0,0.07237611856847695
0,0,0.0920484501865317
0,0,0.1158041857905063
0,0,0.07471738088490737
0,0,0.1055261574157183
0,0,0.083996896434813
0,0,0.011579129001312312
0,0,0.0912835735076272
0,0,0.06012260599162494
0,0,0.09023301839903122
0,0,0.05410799310840312
0,0,0.12204229487095776
0,0,0.1982618939648321
0,0,0.11436220417174238
0,0,0.08094018145723575
0,0,0.1767528302644446
1,0,0.09625646647559237
1,0,0.16238091542956293
0,0,0.07943958171517959
0,0,0.09549808819558726
0,0,0.1374039324557481
1,0,0.12908956406573502
0,0,0.10618966209912824
1,0,0.12309442670409786
0,0,0.15128756300681936
0,0,0.19050229279620912
0,0,0.06499934300174791
0,0,0.22688314722440062
0,0,0.10095050848408564
0,0,0.08237095887312372
1,0,0.16147635482252243
0,0,7.881667970028531e-05
0,0,5.7547003282912573e-05
0,0,0.08378060555763238
0,0,0.11953921473538441
0,0,0.06954009944916859
1,0,0.285012296732758
0,0,0.15981320509327657
0,0,0.07731531537387545
1,0,0.2770219348770214
0,0,0.07083743437066505
0,0,0.06156176585015038
0,0,0.19926964142229717
0,0,0.11547520783356255
0,0,0.0669553722103599
0,0,0.092025086444922
1,0,0.030294035136366464
0,0,0.06430480685534075
1,0,0.07002425764033202
0,0,0.09967827735525743
0,0,0.08164597173333184
0,0,0.15237311246909035
0,0,0.1671692129296132
0,0,0.20134063276855982
0,0,0.0709966462175962
0,0,0.1457598153509413
1,0,0.15387613478459763
1,0,0.14932123514619647
0,0,0.12657968370340072
0,0,0.11334140210701828
1,0,0.13930907105971846
0,0,0.07418942471055295
1,0,0.05974381634484364
0,0,0.048945543408915146
0,0,0.08613255173275534
0,0,0.13192819837663816
0,0,4.693749482214306e-05
0,0,0.042000835393380065
1,0,0.09474380657430552
0,0,0.08667440788784124
0,0,0.10310395805123607
0,0,0.02153029790248364
0,0,0.12980655825370835
0,0,0.29173957838480313
1,0,0.12104851537078953
0,0,0.11008945074191202
0,0,0.09121704987423034
0,0,0.25207693167798734
0,0,0.08434931285446995
0,0,0.09722051818908599
0,0,0.1082997711615752
0,0,0.1506261588178282
0,0,0.04642290511452824
0,0,0.1074582128458588
0,0,0.07323665757197366
1,0,0.00010302183453015895
0,0,0.05048507359269417
0,0,0.11739978270508097
0,0,0.17599840286378865
0,0,0.3254219991767818
0,0,0.08923616753415844
0,0,0.03946119004188291
0,0,0.12680122552763445
0,0,0.08018237409553602
0,0,0.0656687353509835
0,0,0.13165785298620072
0,0,0.08263828586500321
0,0,0.06281235050566701
0,0,0.08368073072194085
0,0,0.09752680060976587
0,0,0.02140742425405417
0,0,0.09017014324769988
0,0,0.00019161503577133732
0,0,0.12762769557468798
0,0,0.0926293655431219
0,0,0.07290452233958379
1,0,0.11371983542633488
0,0,0.09317557792719865
0,0,0.09355277109670251
0,0,0.1665523045921408
0,0,0.08745398638445576
0,0,0.1233800984736746
0,0,0.11679166831480421
0,0,0.15695338859838623
0,0,0.1490346913578877
0,0,0.11721814424436827
0,0,0.04963615407406113
0,0,0.09461146947335825
0,0,0.11954073820022623
1,0,0.4122272036662485
0,0,0.1024230682026955
0,0,0.1863960470862645
0,1,0.5124445383240568
0,0,0.3680875295207535
0,0,0.08962236992258528
0,0,0.1578716713464085
0,0,0.10980272500922779
0,0,0.08831289394383735
1,0,0.0478525741290397
1,0,0.423016389203396
0,0,0.13761723974329831
0,0,0.10872841793154747
0,0,0.17900068643825034
0,0,0.14102359407296772
0,0,0.3034424342148705
0,0,0.08389295830539914
0,0,0.07429826439882585
0,0,0.07121691125718423
0,0,0.07015498622249551
1,0,0.03319159279445772
0,0,0.06554918605465875
0,0,0.10845666375961918
1,1,0.5481074694678064
0,0,0.05562526582049676
0,0,0.08605216649218894
0,0,0.06264505060964363
0,0,0.08817403690406839
0,0,0.07491187512529339
0,0,0.13770535348423912
0,0,0.1485460056300375
0,0,0.2582793229031492
0,0,0.0869088979748143
0,0,0.07270759218878024
0,0,0.06882399416919552
0,0,0.10611901061671246
0,0,0.30778317983886105
0,0,0.07752870617719615
0,0,0.06988047721726036
0,0,0.3812507719426721
0,0,0.18026520934438417
0,0,0.06777907423870998
0,0,0.06381004949165124
0,0,0.09918236113682438
1,0,0.1877043888891739
0,0,0.03866755456704681
0,0,0.035105734101652394
0,0,0.10553951365479704
0,0,0.082137509647433
0,0,0.06617349472044233
0,0,0.07540280180146539
0,0,0.00017620019258871733
0,0,0.056311037119625935
0,0,6.234155329491583e-05
0,0,0.1283460702963919
0,1,0.9999995961618987
0,0,8.953689745907201e-05
1,0,0.1758450378803224
0,0,0.1369438055298094
0,0,0.11300543440368532
0,0,0.09665145720867954
0,0,0.10788392214370265
0,0,0.12545990062219486
0,0,0.04137734948447802
0,0,0.12466041120762185
0,0,0.0742679792228655
0,0,0.060316224671895624
0,0,0.10377959645786466
0,0,0.09938354793956652
0,0,0.10032885918302921
0,0,0.12176611386517049
0,0,0.06920573525063463
0,0,0.18817020719140004
0,0,0.10473373883134507
1,0,0.10534929715142466
0,0,0.1319362346754507
0,0,0.16453363972922214
0,0,2.9801800884648777e-08
0,0,0.05098770311859342
0,0,0.09445080379749841
0,0,0.0850638578772663
0,0,0.06024573445721647
0,0,0.14759813239517228
0,0,0.043880574864438034
0,0,0.07847808393768764
0,0,0.04259551847155194
0,0,0.16488963453511074
0,0,0.21907830630847322
0,0,0.048786246955100775
0,0,0.05368318374057753
0,0,0.11483010034054483
0,0,0.0597296929696811
1,0,0.11026242100699596
0,0,0.05394288814852072
0,0,0.06622133536523965
0,0,0.10192653385763904
0,0,0.05752679481360767
0,0,0.16372424044327136
0,0,0.15875972586080533
1,0,0.17722652640661068
0,0,0.13406664939894097
0,0,0.1376786446055227
0,0,0.06278241726489323
0,0,0.04460801627387976
0,0,0.1925089389371258
0,0,0.05499917177579384
1,0,0.057991146913874365
0,0,0.20352758410738306
1,0,0.11302283730982869
0,0,0.08288467978870379
0,0,0.10179972741187235
0,0,0.15792001297019412
0,0,0.05384273094284906
0,0,0.09500513792967749
0,0,6.502328564938058e-05
0,0,0.1014488925702299
0,0,0.04110062821840167
0,0,0.0935721047680997
0,0,0.44995727640075617
0,0,0.04541383711399018
0,0,0.12008702342931715
0,0,0.19906002999241101
0,0,0.11153848324067864
0,0,6.848424141476829e-05
0,0,0.11405203326154958
0,0,0.05808552714949341
0,0,0.34095157376164253
0,0,0.2006911431906695
0,0,0.06889240696771537
0,0,0.13703776756836084
0,0,0.07358701046897899
0,0,0.06462742902367768
0,0,0.012231511554195924
0,0,0.0953261871509964
1,0,0.12319869264186555
0,0,0.12434518411275902
0,0,0.20460533181557314
0,0,0.13406834145409083
0,0,0.40876036544534106
0,0,0.15400851629721188
0,0,0.08858246682755155
1,0,0.06264984264826166
1,0,0.12388924296479908
0,0,0.20125186593640074
0,0,0.08665627675729035
0,0,0.052131823760583305
0,0,0.1355571411402942
0,0,0.16113487993611952
0,0,0.09835557733520085
0,0,0.1023863496244216
0,0,0.13825312968812306
0,0,0.14734531520835698
0,0,0.058312576142183443
0,0,0.08600097743983465
1,0,0.08818638303582166
0,0,0.27661232449301665
0,0,0.08633757034346085
0,0,0.05041940451004804
0,0,0.0808686230341925
0,0,0.29874235970497787
0,0,0.08589842723894982
0,0,4.623664023348591e-05
0,0,0.07790135921921429
0,0,0.07866721798596134
0,0,0.14890356340054078
0,0,0.07593981125410737
0,0,0.07999169531337189
0,0,0.11240016977201331
0,0,0.030536665542060193
0,0,0.17649256145101025
0,0,0.26077519014581885
0,0,0.08071691139118915
0,0,0.0885118451318384
0,0,0.09101211953763262
0,0,0.05349418500042402
0,0,0.10935512879777455
0,0,0.05392928792503707
0,0,0.12645991083562866
0,0,0.08078737567007799
0,0,0.10085476889252734
0,0,0.12690734116736177
0,0,0.1316769859789426
0,0,0.11592914925891804
0,0,0.03774497214077848
0,0,0.1542672268901883
0,0,0.056362615621930096
0,0,0.06348512944484941
1,0,0.18791186700850107
0,0,0.05735819239319178
0,0,0.0764607208879932
0,0,0.1380752390202703
0,0,0.06447442488951738
0,0,0.060719393812888656
0,0,0.08472433939956026
0,0,0.08132170218441526
0,0,0.16129288073291193
0,0,0.11426700770347754
0,0,0.15159909698382973
1,0,0.050556643625641697
0,0,0.10461191246405532
0,0,0.14840705610994095
0,0,0.13463728927103408
0,0,0.0001404829613498066
0,0,0.05785865008322827
0,0,0.19472208238214023
0,0,0.05001957206729766
0,0,4.3163508071410417e-05
0,0,0.06333406672253973
0,0,6.902165147664752e-05
0,0,0.14773560664937516
0,0,0.07071084997504133
0,0,0.07002070118324548
0,0,0.09046767797823553
0,0,0.10627697093442459
1,0,0.06149136766169631
0,0,0.07580437906842666
0,0,0.11288112366067843
0,0,0.10252401050056788
0,0,0.15894691802120703
0,0,0.0708718643117041
0,0,0.09713317697288072
0,0,0.06089473619055098
1,0,0.0854367800224548
0,0,0.10464353685465155
0,0,0.17525332132657281
0,0,0.05196635243208023
0,0,0.07394762353057217
0,0,0.08189183907497034
0,0,0.07825392430245039
0,0,0.15321046331469362
0,0,0.15818213773586653
0,0,0.14023535142274665
0,0,0.05744812514455177
0,0,0.21397778770556483
0,0,0.19958207864104696
0,0,0.07690282146052334
0,0,0.03407599999492378
0,0,0.09262576878353121
0,0,0.0767370090507556
0,0,0.13122946965150709
0,0,0.1452353454431669
1,0,0.0638819908285695
0,0,0.08915573533692284
0,0,0.06110007839856625
0,0,0.0783817242810342
0,0,0.1324717720207904
0,0,0.06112178161115782
0,0,0.17526756911963645
0,0,0.03780684080984945
0,0,1.7290967686960995e-06
0,0,0.056433476233517285
0,0,0.04255605870185041
0,0,0.1388606032740192
0,0,0.0906422261057274
0,0,0.11992692138047843
0,0,0.06973083694733948
0,0,0.19031193283773995
0,0,0.07603714453673967
1,0,0.06440131609150178
0,0,0.00019044881581265735
0,0,0.058995759025649
0,0,0.12016860487605299
0,0,0.07396116959221809
0,0,0.15540219356106996
0,0,0.06703878713903919
0,0,0.022948811184584788
0,0,0.1749030291124474
0,0,0.06225946290911098
0,0,0.1082750171552719
0,0,0.0650601767295516
0,1,0.5324574171377888
0,0,0.1276361918594651
0,0,0.05680251929209311
0,0,0.00014209947015451544
0,0,0.09172531005105426
0,0,0.0002991622066494364
0,0,0.11667735662244108
0,0,0.09177333693805828
1,1,0.5117445391076356
0,0,0.2708116612405528
0,0,0.04241245756325633
0,0,0.09206380265732382
0,0,0.10885235232347391
0,0,0.136596054375494
0,0,0.081572164084032
0,0,0.04854001373132665
0,0,0.09527513438249637
0,0,0.01907408459767264
0,0,0.06938624950904666
0,0,0.06944113631241806
0,0,0.12272739204844658
0,0,0.10407702957334827
0,0,0.10984540344461972
0,0,0.09372900855180684
0,0,0.13478163773677956
0,0,0.00036253352136705706
0,0,0.08289729775050611
0,0,0.0001310855009405283
0,0,0.10882116032761434
0,0,0.08997414671938915
0,0,0.08792927773726755
0,0,0.07773908138611013
0,0,0.24253591512761444
0,0,0.09078059412382519
0,0,0.05043913489947132
0,0,0.2009621738138769
0,0,0.0715399907797814
0,0,0.24965065300295608
0,0,0.1211755625089559
0,0,0.17488827651195982
1,0,0.1002959999386886
0,0,0.22695740492426658
0,0,0.1904638612996456
1,0,0.1262704004188648
0,0,0.04250775586531972
0,0,0.04726212308841779
0,0,0.11112079308241332
0,0,0.2167570970817088
0,0,0.17924898902066852
0,0,0.051086975570147526
0,0,0.13630606343487245
0,0,0.2252760008313308
0,0,1.4401059729106579e-05
0,0,0.10271407346668626
0,0,0.035315518235588754
0,0,0.13445890898674098
0,0,0.0819139492326027
0,0,0.15732959306456684
0,0,0.19364471911137338
0,0,0.1593983844999107
0,0,0.08201418476568043
0,0,0.08003054632367206
0,0,0.08988498344014241
0,0,0.08716193513035454
0,0,0.10174851258048297
0,0,0.07176465097556008
0,0,6.379997785045055e-05
0,0,0.08720844678419788
0,0,0.0859669120664833
0,0,0.08675589267200533
0,0,0.07510340593815604
0,0,0.12344546820429593
0,0,0.048739026015624166
0,0,0.06101175904168384
0,0,0.00015027868891654965
0,0,0.18494733896833054
0,0,0.07244362966383054
0,0,0.06228135588346456
0,0,0.13119028010259956
0,0,0.06198235064186283
0,0,0.09408047373472994
0,0,0.16850356836652855
1,0,0.10698780279442206
0,0,0.10455254124933376
1,0,0.11197368452399879
0,0,0.06569965291439786
0,0,0.2997228682848129
0,1,0.7030660119982521
0,0,0.19308553086436553
0,0,0.072368388429673
0,0,0.061923924235659775
0,0,0.11962378475233391
0,0,0.15441105617714676
0,0,0.06821089930495315
0,0,0.11445733543314907
1,0,0.12726510532475468
0,0,0.09487172275214673
0,0,0.12472711372671662
0,0,0.04456085977743414
0,0,0.07842738197485696
0,0,0.1819454197202849
0,0,0.12492040560597346
0,0,0.08686332780320766
0,0,0.1387545617938292
0,0,0.1381845811340265
0,0,8.187395080637049e-05
0,0,0.000289659725303469
0,0,0.09082230555745839
0,0,0.1858653496076181
0,0,0.000477756833840472
0,0,0.061735763938234954
0,0,0.11437246228736428
0,0,0.09135844617662424
0,0,0.1811774925423783
0,0,0.0928656811952961
0,0,0.07372988337010664
0,0,0.10588619346872209
0,0,0.05316524821144623
0,0,0.10118774383439384
1,0,0.09140745696610336
0,0,0.0503349991286569
0,0,0.05449559362892197
0,0,0.08506556213321811
0,0,0.08980262175932141
0,0,0.04354481729778679
0,0,0.06498361940799594
0,0,0.10030302624450739
0,0,0.05734884636196533
0,0,0.12568563741176056
0,0,0.132584438549871
0,0,0.1318252944472745
0,0,0.07155332216980646
0,0,0.09942639002235434
0,0,0.12024710928100531
0,0,0.21825978997026968
0,0,0.12758574166407846
0,0,0.060467548425587006
0,0,0.07295830356194327
0,0,0.10429233882748896
0,0,0.10110161465551355
0,0,0.03943648465281692
0,0,0.33350768577243645
0,0,0.09152750906771594
0,0,0.07834914333994003
0,0,0.05984495842700487
0,0,0.05298418632331769
0,0,0.011582579817563566
0,0,0.04626717195399264
0,0,0.08402436191645549
0,0,0.15116944827892156
0,0,0.10314254945491146
0,0,0.03206573388976218
0,0,0.002142585367545282
0,0,0.13408156495123663
0,0,0.12684298355929446
0,0,0.06642381191385725
0,0,0.09272502006105916
1,0,0.1930857576457924
0,0,0.11735669450050917
0,0,0.11955870824160998
1,0,0.21009489925943728
0,0,0.07215476984639288
0,0,0.09484589885221312
0,0,0.20039300461175355
0,0,0.03284779461212023
0,0,0.17960778410057512
1,0,0.02209460722610559
0,0,0.16332053697920007
0,0,0.04958338983813982
0,0,0.10103720929981339
0,0,0.13257396127351875
0,0,0.038484176820289005
0,0,0.0001138044985926354
0,0,0.0546489043606983
0,0,0.051081234265088656
0,0,0.16861852704715327
1,0,0.13077992215942114
0,0,0.11151997792855103
0,0,0.0985846650701791
0,0,0.06093920193541638
0,0,0.00047283340818148696
1,0,0.09587121249317442
1,0,0.22218193843493306
1,0,0.2550552651218096
1,0,0.04843869010437028
0,0,0.0605223082843998
0,0,0.12161527274861292
1,0,0.1470478242332867
0,0,0.04509073273690522
0,0,0.0986998910593217
0,0,0.17149584534817838
1,0,0.04835907391632088
0,0,0.06072400247208388
0,0,0.08308324640150536
0,0,0.1067372601814423
0,0,0.11751258008191469
0,0,0.09164453795909595
0,0,0.06020133481371186
0,0,0.15104054177193466
0,0,0.041889061414441736
0,0,0.08570769221254361
0,0,0.11539874219615019
0,0,0.056765501606120795
0,0,0.09549218667836905
0,0,0.10137420132448675
0,0,0.08361765085129691
0,0,7.353320963687022e-05
0,0,0.11521676512613614
0,0,0.056875406133986006
0,0,0.013580449097704804
0,0,0.18601799075994133
0,0,0.11346406145841371
1,0,0.00020557720594478667
1,0,0.05479892556519677
0,0,0.13120565957980873
0,0,0.11125389150829249
0,0,0.13041383423886826
0,0,0.07198732363747609
0,0,0.08118766419189324
0,0,0.05283997575587125
0,0,0.08733590327552462
0,0,0.12644915651633767
0,0,0.02789756440689747
0,0,0.05822203118996292
0,0,0.22011230304408963
0,0,0.11462974834265026
0,0,0.06968282071625886
0,0,0.18973702033417084
1,0,0.05746270156120554
0,0,0.18074078522478618
0,0,0.10717937478752851
0,0,0.13628670473007562
0,0,0.13488227690654978
0,0,0.10747331315581123
0,0,0.08344405904093594
0,0,0.08747630426211828
0,0,0.253397333699282
0,0,0.08837503099326394
0,0,0.32225589930559584
0,0,0.10063637610486946
0,0,0.08769322362232973
0,0,0.05578618377999462
0,0,0.10257340235856433
0,0,0.06972916758342293
0,0,0.12422890093394869
0,0,0.05936588094400573
0,0,0.023397008483233204
1,0,0.08011437112317145
0,0,0.08663699007750945
0,0,8.635548579846421e-05
0,0,0.045944890396432674
0,0,0.06882832248755169
0,0,0.06705020325154669
0,0,0.0749090118116515
0,0,5.135007179728256e-05
0,0,0.07404439150796255
1,0,0.19546817133258526
0,0,0.13412558881591005
0,0,0.1461713983264277
0,0,0.41786883855217616
0,0,0.1078082230368618
0,0,0.2018757602456977
0,0,0.11371116059946967
1,0,0.2214231731802539
0,0,0.1217291582860417
0,0,0.00016661916047192214
1,0,0.17381338973581442
0,0,0.10140378377856975
0,0,0.07665593170456017
0,0,0.0671470714570339
0,0,0.00022534348519096355
0,0,0.0688348853863221
0,0,0.07985550812822079
0,0,0.08582242111948318
0,0,0.4390592302804358
0,0,0.09589604842341032
0,0,0.060654916771483075
0,0,0.05487506006819396
1,0,0.14141006969356346
0,0,0.0868410873524229
0,0,0.10442170986966706
0,0,0.0626756270771907
0,0,0.07176486489690341
1,0,0.05625614570880076
0,0,0.09082814010792821
0,0,0.35160055887033964
0,0,0.0687267984387734
0,0,0.16187412119471228
0,0,0.0804955249381069
0,0,0.029511531167616217
0,0,0.0857566321768673
0,0,0.0649370944161508
1,0,0.206746846845991
0,0,0.054523770058798667
0,0,0.07787493692419631
0,0,0.10068436965402901
0,0,0.07644532365887065
0,0,0.050782211651715654
0,0,0.05630389670411767
0,0,0.09273079736624387
1,0,0.00025476869413802993
0,0,0.0790752566276009
0,0,0.0022818763227885805
0,0,0.09909629615776692
0,0,0.04669304212223089
0,0,0.0858630271076565
0,0,0.07813622101782991
1,0,0.06147702438018676
0,0,0.04294796239075296
0,0,0.1143694250815618
0,0,0.08652843854274697
0,0,0.12576260853237808
0,0,0.20444637933942117
0,0,0.10428958419013369
0,0,0.06270423200440861
0,0,0.09066683387462597
1,0,0.07613806853676625
0,0,0.041332229844625014
0,0,0.08708466834641496
0,0,0.10153815588088042
1,0,0.08514030352856015
0,0,0.1058931679793441
0,0,0.4161257095031021
1,0,0.16877221377628104
0,0,0.0775596370663633
0,0,0.0804859154519798
0,0,0.004967184300951691
1,0,0.12208024801711163
0,0,0.10519675248698136
0,0,0.20822037339797744
0,0,0.09742150021036533
0,0,0.06632011685450381
0,0,0.12060676962177898
0,0,0.0004004057075686155
0,0,0.14641457162809074
0,0,0.05760669728124388
0,0,0.12674429358048325
0,0,0.06546131130682657
0,0,0.08658879326554826
0,0,0.024479182527662
0,0,0.06333703997044125
0,0,0.08554245744306385
1,0,0.1761914616451499
0,0,0.08956564502775408
0,0,0.11365488476758091
0,0,0.08047681428077565
1,0,0.1649157629642675
0,0,0.0915123570361013
0,0,0.06389684192604728
0,0,0.10617177273916667
0,0,0.06987223392022167
0,0,0.16554200066735952
0,0,0.23977074605604634
0,0,0.09518818520398789
0,0,0.0014980137324514542
0,0,0.26990881653146254
0,0,0.08973704623408389
0,0,0.11393832623473485
0,0,0.03626900655630251
0,0,0.15198727259945277
0,0,0.17595572375431284
0,0,0.16800435006656303
0,0,0.09139323872529372
0,0,0.03487391870892792
0,0,0.09580749781022442
0,0,0.0778011870005833
0,0,0.09913392379838286
1,0,0.08613188301412529
0,0,0.05380862872000608
0,0,0.08513565822939222
0,0,0.10361976646192896
0,0,0.05267722646174205
0,0,0.10560799641828662
0,0,0.09036398064944333
0,0,0.1780294959236191
1,0,0.17048979179706905
0,0,0.16532768725729458
0,0,0.09246614232116317
0,0,0.07688277673878195
0,0,0.11488888318149224
0,0,0.11188991207393534
0,0,0.029618717374695784
1,0,0.18009040069296156
0,0,0.04519933393371673
0,0,0.01947435884477512
1,0,0.06644693501015654
0,0,0.24692435638456078
0,0,0.12409183916173708
0,0,7.823960113535508e-05
0,0,0.079568828248565
0,0,0.08305198010856794
0,0,0.09306954844272529
0,0,0.13908268198865345
0,0,0.0802584681376088
0,0,0.03931101750655687
0,0,0.11464242960969905
0,0,0.09520666217558568
0,0,0.1764901878389545
0,0,0.11727744072379313
1,0,0.11151411958648492
1,0,0.3111658250487154
0,0,0.19976192733617704
0,0,0.06540720863076231
0,0,0.1223642343601122
0,0,0.07189747833400194
0,0,0.09287853124473659
0,0,0.19377159823101647
1,0,0.08174635146374487
1,0,0.08189595075381804
0,0,0.044656072899958765
0,0,0.08075817907342435
0,0,0.0734900395302262
1,0,0.1005677308223342
0,0,0.062259068094669356
0,0,0.061438542800133035
0,0,0.11491505777827192
0,0,0.34826937951609277
0,0,0.24904327127690734
0,0,0.11785514394589928
0,0,0.10601376818972234
0,0,0.07252213733430382
0,1,0.6307453892291336
0,0,0.10436871881423979
0,0,0.09506777304638285
0,0,0.06147557166406522
0,0,0.1318022240213999
1,0,0.21232922217152025
0,0,0.09066244603742063
0,0,0.0744614202984337
0,0,0.08415695815013996
0,0,0.18851749424179143
0,0,0.07457595748521272
0,0,0.15169155199069934
0,0,0.09964678560003547
0,0,0.07010734810320303
0,0,0.11566792095446084
0,0,0.08940657885422651
0,0,0.15004874337254198
0,0,0.03900135601809576
0,0,0.17199522136222578
0,0,0.12219675526082238
0,0,0.04962434556982413
0,0,0.06976502899112544
0,0,0.09164712035880326
0,0,0.06253399183647078
0,0,0.08041648668388653
0,0,0.13185802075663688
0,0,0.09944510845122205
0,0,0.2099955727294871
0,0,0.11138920882595256
0,0,0.06667051718997827
0,0,0.10990236389572099
0,0,0.08588378584946002
0,0,0.08827465677216634
1,0,0.20392518493396533
0,0,0.03939905613530953
0,0,0.06562397414827523
1,0,0.0867025951844391
0,0,0.01827099746427833
0,0,0.2241998732611748
0,0,0.09518911892644585
0,0,0.2106834569031792
0,0,0.10356926959247978
0,0,0.00023060028685929947
0,0,0.06431946507197193
0,0,0.12578410464831113
0,0,0.08901256411049063
0,0,2.5481777895769327e-05
0,0,0.1458372117485754
1,0,0.09832672719325647
0,0,0.1290667042126286
0,0,0.2595769751437822
0,0,0.0740940430122156
0,0,0.050212340583774974
0,0,0.034795125910675226
0,0,0.1008732037380329
0,0,0.12544574384626744
1,0,0.07803785799590027
0,0,0.1293978561801843
0,0,0.16033398346882727
0,0,0.00023202387382211076
1,0,0.14509407849426606
0,0,0.14431917783305295
1,0,0.08469949183488147
0,0,0.3773794292867953
1,0,0.06700430204808433
0,0,0.04191659747260128
0,0,0.08728953093513159
0,0,0.05157553500829138
0,0,0.08880061854593765
0,0,0.0947516877117615
0,0,0.07829606365042173
1,0,0.21343967648050016
0,0,0.15218195852855934
0,0,0.06539973397757254
0,0,0.060549203397577155
0,0,0.10744949619059506
0,0,0.19314265827093244
0,0,0.11057832250269425
0,0,0.11735710889342282
0,0,0.05774969452635411
0,0,0.06809181205576557
0,0,0.1111487716528314
0,0,0.10673765437170173
0,1,0.5076343159613201
0,0,0.13916904624011772
0,0,0.049947499077296016
0,0,0.13024171695463788
0,0,0.011478815094331176
1,0,0.11588330531193332
0,0,0.07651178323810481
0,0,0.06497228589779115
0,0,0.05408189417781214
0,0,0.02003349385991256
0,0,0.13088307412937872
0,0,0.11058692651611247
0,0,0.10801705251486289
0,0,0.028738568868207588
0,0,0.00012773534183775737
0,0,0.05751001064850166
0,0,0.09126781658566638
0,0,4.0215793962112595e-05
0,0,0.46224039914574344
1,0,0.29244742540518104
0,0,0.12035052002756634
1,0,0.19924998610589478
0,0,0.05677738640397189
0,0,0.049867802511857795
0,0,0.00016975745205850218
0,0,0.02782621906459464
0,0,0.1161197689593585
0,0,0.04956372793533269
0,0,0.2838865091435992
0,0,0.11218316197831857
0,0,0.12096498285176346
0,0,0.06692666743924772
0,0,0.06055734653781934
1,0,0.4351692552036442
0,0,0.06662925943423682
0,0,0.38377622468149974
0,0,0.09083864311417532
1,0,0.15211931430423617
0,0,0.07405869773621401
0,0,0.17150166607976663
0,0,0.24454395117803268
0,0,0.07621260682949872
0,0,0.03925628715503346
0,0,0.13126558232334673
0,0,0.09134818791836458
0,0,0.15341671038629046
0,0,0.07009675940991997
0,0,0.1352741213549065
0,0,0.11400861637869004
0,0,0.11432047582938258
0,0,0.04908496058573627
1,0,0.15881939339675324
0,0,0.1288069073980221
0,0,0.2234549135196263
0,0,0.07343058691939959
0,0,0.00010930613886118834
0,0,0.06563821146689275
0,0,0.09616490275837161
0,0,0.05174033042018093
0,0,0.11460696870121972
1,0,0.13070338101592063
0,0,0.12500867942899704
0,0,0.03386891862340287
0,0,0.05193568319945475
0,0,0.09509691870085006
0,0,0.10059719514710326
1,0,0.17543293729992424
0,0,0.06111321754620894
0,0,0.06050817682341809
1,0,0.11072923802156905
1,0,0.11979845153703102
1,0,0.06989070735759861
1,0,0.13307758353850105
0,0,0.0823616334731357
1,0,0.47434845788170765
0,0,0.07523055875576928
0,0,0.07341947483560275
0,0,0.04819428502625249
0,0,0.1778901636417119
0,0,0.12172200049665542
0,0,0.09048089873539117
0,0,0.16567354830969314
0,0,0.09204864865292373
0,0,0.07085028651436477
0,0,4.9211757452853003e-05
0,0,0.09289565257210056
0,0,0.01949603676575112
0,0,0.25138413496106193
0,0,0.11165610129659836
0,0,0.09573896340465736
0,0,0.07998605434324842
0,0,0.09494943245505585
0,0,0.12486061577724221
0,0,0.1545568659959581
1,0,0.37284855549583346
1,0,0.00011249769545393139
0,0,0.08282394158062333
0,0,0.10004652580904043
0,0,0.13552037684658721
0,0,0.13667636843566164
0,0,0.0517851072513329
1,0,0.1716959165196152
0,0,0.07384938166840689
0,0,6.781545242304486e-08
0,0,0.05593306226742578
0,0,0.14798926761685985
0,0,0.00019849565995313294
0,0,0.24184840272502253
0,0,0.07765249263222634
0,0,0.1343683085176383
0,0,0.06690579159958535
0,0,0.055348496387898044
0,0,0.10767236009183492
0,0,0.058657687636742534
0,0,0.17437917300613226
0,0,0.0878876091206859
0,0,0.03527766138321897
0,0,0.018952563683545157
1,0,0.07785087006636476
0,0,0.07721764583424254
1,0,0.08818629071575892
0,0,0.25212283819731957
0,0,0.06437787433037068
0,0,0.06305839945619793
0,0,0.18777869250029286
1,0,0.08996211127462055
0,0,0.08407958739442754
0,0,0.0700962771629914
0,0,0.0002893067179617719
0,0,0.1108479563445916
0,0,0.06686125698891354
1,0,0.09769135387964423
1,0,0.08274416406367778
0,0,0.06563592010844067
0,0,0.02586573013316169
0,0,0.08894827734336884
0,0,0.09802820662094641
0,0,7.233187884313693e-05
0,0,0.0924628732236085
0,0,0.08691091248082565
0,0,0.13999186362297983
0,0,0.08754028775818297
1,0,0.16186093311159547
0,0,0.07335246293967333
0,0,0.05948966981357413
0,0,0.06285784914570225
1,0,0.13472012110845177
0,0,0.0892187157532121
0,0,0.054482837081075645
0,0,0.10617509322450698
0,0,0.2716315629560687
1,0,0.17292569813572095
0,0,0.07635704856369568
0,0,0.17125811015689923
0,0,0.08826256705202944
0,0,0.00019398760591438825
0,0,0.07968087654628532
0,0,0.09936254042495694
0,0,0.059165905302704366
0,0,0.05429746890501113
0,0,0.10125881381095549
1,0,0.1646320819893095
0,1,0.9537123120631283
1,0,0.0791065171278906
0,0,0.14383134070473497
0,0,0.06452648321248376
0,0,0.13012912790332976
0,0,0.044077595163673454
0,0,0.18877765715278833
0,0,0.08634918612519245
0,0,0.07559070094445941
0,0,0.08850144199644318
0,0,0.1402404913293939
0,0,0.34576341768381413
0,0,0.08535060056736815
0,0,2.636833703482415e-05
0,0,0.10344430982110162
0,0,0.06534294694166892
1,0,0.1700412376797637
0,0,9.162818392295759e-05
0,0,0.15074737067593857
0,0,0.20362942010174181
0,0,0.13607839986926798
0,0,0.08505283740688278
0,0,0.07338366712857469
1,0,0.0862012890264802
1,0,0.08775675552303265
0,0,0.08151558990587408
1,0,0.04759786494097989
0,0,0.09086589714718153
0,0,0.11573212323497374
1,0,0.08766440966697266
0,0,0.02554492997103385
1,0,0.04874898942617672
1,0,0.14009573511565254
0,0,0.11458651087068625
0,0,0.11462598530914418
1,0,0.22189218389914786
0,0,0.08899576297702469
0,0,0.11308656642984581
0,0,0.09368895567639397
0,0,0.09573777470687149
0,0,0.09043535278040363
0,0,0.11182113617203719
0,0,0.0001164900328970775
0,0,0.10505222452525562
0,0,0.05205908961046306
0,0,0.06998810740174363
1,0,0.07646141399277791
0,0,0.07407956867227307
0,0,0.08409396109812091
0,0,0.14309268160403998
0,0,0.08216095213688286
0,0,0.10922949071738365
0,0,0.12903086015998896
0,0,0.0845613263171347
0,0,0.06286885394429652
1,0,0.06475036617590793
0,0,0.08214771828587544
0,0,0.08861770395083528
0,0,0.2752676049819577
0,0,0.09446254271614914
0,0,0.1391133675464395
0,0,0.0663192110110685
0,0,0.06280675847446966
1,0,0.08781586638563872
0,0,0.06558965009643129
0,0,0.16035309859294328
0,0,0.12093566958818554
0,0,0.38449914315968586
0,0,0.09081642723661423
0,0,0.100712759324602
0,0,0.12871778150947824
0,0,0.08334684125992997
0,0,0.1963024678316168
0,0,0.08812115578911517
0,0,0.0849949419585674
0,0,0.06967700785176696
0,0,0.03803403773731945
1,1,0.5797329989194184
0,0,0.12415244917689042
0,0,0.11573255934611121
0,0,0.0802724278737186
0,0,0.09073444539172709
0,0,0.1695963774467037
1,0,0.05997925101301832
0,0,0.09781231929559807
0,0,0.08091628075603338
0,0,0.059343864189025666
0,0,0.0761847578293301
0,0,0.12728453014522578
0,0,0.12326139535904086
0,0,0.29411259072232754
1,0,0.16755107176459372
0,0,0.07799579904931236
0,0,0.057434352265451745
0,0,0.08601699117127806
0,0,0.09152020377703517
0,0,0.10374095067975521
0,0,0.13364285473463675
0,0,0.09799875489165777
0,0,0.14903063677554915
0,0,0.10723704161618898
0,0,0.24453722731684943
0,0,0.06696908703115165
0,0,0.00043668289266615473
0,0,0.0748116590949855
0,1,0.7553496399580614
0,0,0.15916979594566186
0,0,0.08947021955671705
0,0,0.12169206510686656
0,0,0.07122492389739501
0,0,0.06331560288620978
0,0,0.1620177496418587
1,0,0.23289321598475674
0,0,0.08232659429945396
0,0,0.07938181263795403
0,0,0.09180903847698282
0,0,0.2954572729283479
0,0,0.0985051320800237
0,0,0.08262085859210638
0,0,0.05888926099509169
0,0,0.12410722371665153
0,0,0.030481942140676177
0,0,0.1062625252274716
0,0,0.06112802476426544
0,0,0.019772430951069515
0,0,0.10640693866457435
0,0,0.062233526946526896
0,0,0.029694176540335262
1,0,0.22178015121290856
0,0,6.719794460361758e-05
0,0,0.048645038254490486
0,0,0.0742931587485136
0,0,0.11561600737433368
0,0,0.05852578842014932
0,0,0.1116399243841727
0,0,0.031038209209011146
0,0,0.11155922089304941
0,0,0.08857888260230486
0,0,0.10311721881034898
0,0,0.04088180682297337
0,0,0.07369535952060977
0,0,0.059857092171907496
0,0,0.0703457004574611
0,0,0.00040422477392959013
0,0,0.046308118298778324
0,0,0.11259007571031779
0,0,0.09477304251764213
0,0,0.15868971852171584
0,0,0.032844290807639585
0,0,0.09872073184670895
0,0,0.08262636061480741
0,0,0.08122108227634063
0,0,0.06305401912412695
0,0,0.021317577202105642
0,0,4.456212029627829e-05
1,0,0.08016597466410717
0,0,0.129871170448789
0,0,0.05995157408256296
0,0,0.08789449602231943
1,0,0.09044720736501842
0,0,0.1650378544763123
0,0,0.11061668854236148
0,0,0.18924694893828373
1,0,0.0723804033419598
0,0,0.08618800655081932
0,0,0.23210081716058528
0,0,0.057701451439707854
0,0,0.07824569995403498
0,0,8.042256940759789e-05
0,0,0.12520274931370926
0,0,0.1601840965786146
0,0,0.13332308842082954
0,0,0.10094884050144244
0,0,0.0840761017812841
0,0,0.28270777700613636
1,0,0.11531495134546203
0,0,0.051772049579758984
0,0,0.09394495382259646
0,0,0.1248748764982996
0,0,0.0928093768130564
0,0,0.1032478448430064
0,0,0.10766026386283045
0,0,0.18361631918414423
0,0,0.27808119513811713
0,0,0.11558620276580127
0,0,0.11755721894418097
0,0,0.0634857198706186
0,0,0.1134212807911884
0,0,0.1196810982022623
0,0,0.38114134946131345
0,0,0.18545842081092137
0,0,0.051794547252408785
0,0,0.043856695098291425
0,0,9.204326321857443e-08
0,0,0.0837386949669074
0,0,0.09368040318848246
0,0,0.09544883327473108
0,0,0.09136267496902187
0,0,0.11700480560733043
0,0,0.13625725813373518
0,0,0.07870586749501285
0,0,0.07003263214511708
0,0,0.1438946728659913
0,0,0.042095142227000365
0,0,0.10003505073012732
0,0,0.009804707610625372
1,0,0.16108725614338532
1,0,0.4306372523855681
0,0,0.09593288037583202
1,0,0.15901779916969477
0,0,0.10450381593283392
0,0,0.06128502049928472
1,0,0.14732025680581248
0,0,0.029725564285583102
0,0,0.09922789619998401
0,0,0.2722646013026506
0,0,0.08638998865959324
0,0,0.11722978570548881
0,0,0.1000465276639029
1,0,0.13858537388912193
0,0,0.18163665400378692
0,0,0.08645235746705426
0,0,0.15124636741602399
0,0,0.1208465646538942
1,0,0.26098197757619124
0,0,0.19402005161371277
1,0,0.12453845125796484
0,0,0.07841510834972498
0,0,0.08334398162893782
0,0,0.12641021123215562
0,0,0.09241734933097392
0,0,0.00011825001112119117
0,0,0.061951522167320056
0,0,0.04673017406062038
0,0,0.072674511111331
0,0,0.043545967369641815
0,0,0.07887675968574634
0,0,0.0001393171811816567
0,0,0.1425104074664151
1,0,0.11887985539991364
0,0,0.08181121875303943
0,0,0.136247096661841
0,0,0.06983890269451695
1,0,0.152247396559097
0,0,0.055701768554986514
0,0,0.1317033124428957
0,0,0.04941182567076821
1,0,0.17334903841989394
0,0,0.12023939715612024
0,0,0.06117592305815587
0,0,0.09732893159281286
0,0,0.09775143089108464
0,0,0.17606030695744637
0,0,0.11442592074895115
0,0,0.08810027213610358
0,0,0.041993657224606726
0,0,0.16731554631946444
0,0,0.03827936585722683
0,0,0.09699702156370088
0,0,0.10149771868446837
0,0,0.08632923735585615
0,0,0.09540841360161066
0,0,0.11878032530004098
0,0,0.12430904023008423
0,0,4.4497071297885725e-05
0,0,0.06714218754218283
0,0,6.592074631720342e-05
0,0,0.10099655671084609
0,0,0.07141786971710029
1,0,0.475844594095086
0,0,0.1105691402369507
0,0,0.0451429244128248
0,0,0.06663552819945567
0,0,0.09629638485224983
0,0,0.08421715459989794
0,0,0.07083978692530292
0,0,0.13603650074996254
0,0,0.09419298478232788
0,0,0.09513025764773171
0,0,0.15943536913176853
0,0,0.20893739683952026
0,0,0.13381445196646466
0,0,0.11414661992563732
0,0,0.12761841048232778
0,0,0.12045532085555281
1,0,0.14550113178377336
0,0,0.12693254937957496
0,0,0.0626402582773098
0,0,0.1124534687989724
0,0,0.07797293960297327
0,0,0.09049099243199969
0,0,0.13701625196921238
0,0,0.0770792671731789
1,0,0.057920974070901986
0,0,0.1010180315303995
0,0,0.06476065330495456
0,0,0.17348350933261697
0,0,5.476026787708079e-05
1,0,0.08980401554159581
0,0,0.05710097613071816
0,0,0.10389142741893116
0,0,0.012125055535670358
0,0,0.23066517956640106
1,0,0.11365948308714527
0,0,0.018757327686324765
0,1,0.6402393472830333
0,0,0.15030776551599057
0,0,0.0619540689491185
0,0,0.07650620816028667
0,0,0.04526282101870463
0,0,0.09538479133093826
0,0,0.07845786164983903
0,0,0.1250368642245779
0,0,0.01805454698320138
0,0,0.03297091181977662
0,0,0.06177550942232262
0,0,0.07655851121203289
0,0,0.07891829212723057
0,0,0.1650881201687252
0,0,4.569316217763611e-08
0,0,0.14767655306621913
0,0,0.06713869032642422
0,0,0.10236957515235337
0,0,0.052284862337140435
0,0,0.13356936753510854
0,0,0.06802193541357615
0,0,0.14683801836541696
0,0,0.12755889991060915
0,0,0.0702280644527019
0,0,0.0895905427786028
0,0,0.11623152998598803
0,0,0.04736513956848604
1,0,0.15089318680194028
0,0,0.11510855708740217
0,0,0.1831623739653937
1,0,0.07335981562216597
0,0,0.09901399225342715
0,0,0.08892971191069025
0,0,0.09593399476512558
0,0,0.042090057655583685
0,0,0.2320588526453219
0,0,0.09791146398610291
0,0,0.09348750438256773
1,0,0.13035380300713245
0,0,0.06714875710020611
0,0,0.2966225291847861
1,1,0.5382423796551801
0,0,6.84052014706528e-05
0,0,0.0797121364067742
1,0,0.21595814483890363
0,0,0.12315543641228749
0,0,0.0743213066701116
0,0,0.13938793772365957
0,0,0.3281911087288918
0,0,0.09301878060240398
0,0,0.102897631810742
0,0,0.1540160658217031
0,0,0.1140897984878165
0,0,0.15982844454384812
0,0,0.2972998488007611
0,0,0.1078079112767598
0,0,0.0746083487835411
0,0,6.538227067348941e-06
1,1,0.5657751970941947
0,0,0.072942143925782
0,0,6.873654893497357e-05
0,0,0.024741913912056702
0,0,0.0769693828126848
0,0,0.08174781790850907
0,0,0.1638242572173908
0,0,0.094247669049318
0,0,0.2201359702540838
0,0,0.12070914892991694
0,0,0.03477372683390734
0,0,0.09133419331740769
1,0,0.17242131091838178
0,0,0.1387447999911041
0,0,0.06037190236160043
0,0,0.12243778245243876
1,0,0.04927706876713563
0,0,0.3308608035372604
0,0,0.16873982464069193
0,0,0.06747850826232347
0,0,0.10187035389927049
0,0,0.19267821244294073
0,0,0.12363150660458751
0,0,0.06804377888766984
0,0,0.17785528974717416
0,0,0.15646006830418283
0,0,0.3070926575741098
0,0,0.09302764012393586
0,0,0.10759613040934618
0,0,0.03783556246088591
0,0,0.11743785094665916
0,0,0.059617846711987776
1,0,0.09470613958723179
0,0,0.11234602200470487
0,0,0.08334068438218299
0,0,0.11398936561138347
0,0,0.1098756524078896
0,0,0.11150030124000107
0,0,0.11556256966090155
0,0,0.11807898452113237
0,0,0.16453017278519178
1,0,0.13140225850123802
0,0,0.08392663694902525
0,0,0.11785415644632836
1,0,0.14203368034469635
0,0,0.00021466260953792123
0,0,0.18927911528233582
0,0,0.04944098322010889
0,0,0.1619559129184661
0,0,0.1007497480527589
0,0,0.22239156394291248
0,0,0.06589019327693842
0,0,0.050232413004360266
0,0,0.07866713866012057
0,0,1.2181128734222965e-08
0,0,0.17118483282558164
0,0,0.19418290713418304
0,0,0.30798633363708783
0,0,0.05483013519185833
0,0,0.09175258703628043
0,0,0.08272495251875232
0,0,0.12132844866046126
1,0,0.08575571022621752
0,0,0.022434075387768152
0,0,0.05499901769140143
0,0,0.05269824032313061
0,0,0.33536518146215255
0,0,0.10707535668309003
0,0,0.21481423365437494
0,0,0.03868444850049273
0,0,0.0001382167057895121
0,0,0.0858900883954814
0,0,0.11904358671515226
0,0,0.08113398516337081
0,0,0.11278473928665027
0,0,0.06408960397774655
0,0,0.22169972489120907
0,0,0.24793340455171303
0,0,0.09610244038661968
0,0,0.06899783070534611
0,0,0.07942331031635365
0,0,0.2338970790828013
0,0,0.1835974245715347
0,0,0.1199887436734855
0,0,0.1515798235976707
0,0,0.10463152844151123
0,0,0.12834078944417493
0,0,0.09419673205846761
1,0,0.08362005635094494
0,0,0.11712922978162729
0,0,0.13114048516614749
1,0,0.0892524612446104
0,0,0.1463050103839578
0,0,0.0020205709073217513
0,0,0.05310145502523314
0,0,6.181526745654848e-05
0,0,0.21382148074763355
0,0,0.08467739021292923
0,0,0.15698602830241787
0,0,0.08630887577009315
0,0,0.11757628456931817
0,0,0.044783088661097224
0,0,0.06658658386849454
0,0,5.754043639325068e-05
1,0,0.07718208205608856
1,0,0.2233199357450412
0,0,0.10210282139171957
0,0,0.03735252205355648
0,0,0.1190613348781105
1,0,0.22965837408908532
0,0,0.17843971503405248
0,0,0.0494519981836917
0,0,0.04174531028554258
1,0,0.09983143706846381
0,0,0.09024112187618445
1,0,0.08952776681103966
0,0,0.09629754440051237
0,0,0.060991362689527616
1,0,0.0635269111360081
1,0,0.1634564401023481
0,0,0.1424769264500668
0,0,0.06932642798483006
1,0,0.06280945653998236
0,0,0.12477664955028943
0,0,0.11042352410206802
1,0,0.08982335460738046
0,0,0.09513597100885009
0,0,0.025564428610383962
0,0,0.30075758245482354
0,0,0.1085352206376775
0,0,0.1292187612683448
0,0,0.001008230119276415
1,0,0.09545163491063421
0,0,0.09614132966134058
0,0,0.07678073576770508
0,0,5.7232321589923586e-05
1,0,0.15087398275018823
0,0,0.11381418180140686
0,0,0.00016277364669436308
0,0,0.17445024788094113
0,0,0.12135420599089707
0,0,0.11153424985611347
0,0,0.10361749456878801
0,0,0.10880002752577683
0,0,0.17771870928926192
0,0,0.00020350267036557058
0,0,0.08289945969031222
0,0,0.05411690053757436
0,0,0.09358448762063416
0,0,0.0010734899512878794
0,0,0.22644922057930023
0,0,0.054988819252944854
0,0,0.16222531557637368
1,0,0.06664666687394837
0,0,0.08620754058455773
0,0,0.12183775849612825
0,1,0.5381690127428678
0,0,0.14996936265697658
0,0,0.14726939349468113
0,0,0.1004196559305529
0,0,0.08793339303643488
0,0,0.1381234196592496
0,0,0.14933389364723199
0,0,0.10042465263321015
0,0,0.06505791163869214
0,0,0.10419307856559079
0,0,0.15727706179831502
0,0,0.1271742175601242
1,0,0.10233720885865251
0,0,0.16005775253241245
0,0,0.0833306304822434
0,0,0.05153766355036289
0,0,0.07577942353056193
0,0,0.29563720822764866
0,0,0.06803364953761437
0,0,7.253268028326603e-06
1,0,0.1845603069571602
0,0,0.06451953827784
0,0,0.1002605261364903
0,0,0.18606311798506556
0,0,0.36468215524397324
0,0,0.08240836981473233
0,0,0.08397842577413354
0,0,0.14402036151583725
0,0,0.06542602399269504
1,0,0.23507742473145193
1,0,0.08000119935311363
0,0,8.322493351075268e-05
0,0,0.2157149447377409
0,0,0.1400595417169395
0,0,0.09889329021261013
0,0,0.07163682456537379
0,0,0.3001460136696032
0,0,0.07601224512176749
1,0,0.09413791797578033
0,0,0.08741028497941873
0,0,0.09432687639737368
0,0,0.0683738955491573
0,0,0.12731646699516955
0,0,0.040584149394953514
0,0,0.09290831048196989
0,0,0.18077980103907237
0,0,0.04679595138737491
0,0,0.07145169708641043
0,0,0.10803207541452839
0,0,0.08995618365664919
0,0,0.31834107955306645
0,0,0.04641918480914926
0,0,0.11559488584359079
0,0,0.07846234459314755
0,0,0.1093293648137991
1,0,0.09571228219842982
0,0,0.11060899887153648
0,0,0.06069826999127297
0,0,0.13583489127471138
0,0,0.00017326577114716072
0,0,0.057752834080266574
0,0,0.09085609873161775
0,0,0.07313870960074037
0,0,0.053511756772978925
0,0,0.050000529648007885
1,0,0.09215463801053676
0,0,0.08928360745277648
0,0,0.03742064330925995
1,0,0.10559364143944781
0,0,0.07937537355686682
0,0,0.11687520134884209
0,0,0.03628235247179634
0,0,0.11247513933831464
0,0,0.21917360907778874
0,0,0.47716774851385435
0,0,0.07142360248353613
0,0,0.24108471449229132
0,0,0.12419657550296254
0,0,0.06421631286558331
0,0,0.13740945174630764
1,0,0.09731561708456216
1,0,0.10645704293471767
0,0,0.13008286020460763
0,0,0.10265937835522126
0,0,0.06014254959029967
1,0,0.04878513765829364
0,0,0.10619046525436507
0,0,0.05891294162391011
0,0,0.09198306279372337
0,0,0.12418243938019066
0,0,0.21604973941533706
0,0,0.07304386322914505
0,0,0.40529145119780824
0,0,0.07076306563649086
0,0,0.07901001870793806
0,0,0.09111609628113784
0,0,0.16118216785123582
0,0,0.19855704251635684
0,0,0.13086556723131054
0,0,0.10070131134991146
1,0,0.07108274266813656
0,0,0.0662858447028914
0,0,0.051573075541914815
0,0,0.08141345556563791
0,0,0.11082580529746702
0,0,0.2329089858105749
0,0,0.10236401564654589
0,0,0.10517543542999386
0,0,0.1807199825762362
0,0,0.13879757877081322
0,0,0.09823210851023625
0,0,0.022674956059097626
0,0,0.06010416848469045
0,0,0.206269561375191
0,0,0.043161749070231695
0,0,0.04927739160305949
1,0,0.056042214562032615
0,0,0.05841000487849345
0,0,0.17033622911902827
0,0,0.10607360230140818
1,0,0.1920566513474997
0,0,0.14268124793540596
0,0,0.06539088613190423
0,0,0.16367293649884238
0,0,0.08458411486906023
0,0,0.11471955439714109
0,0,0.11353296791359939
0,0,0.18579755599757453
0,0,0.07770023851553123
0,0,0.13661940239025658
1,0,0.0763980851613358
0,0,0.06316668566141201
0,0,0.1700765394316788
0,0,0.07653128532823399
0,0,0.11097911624827776
0,0,0.1019347029652742
0,0,0.04630612950741233
0,0,0.15049894581970025
0,0,0.0637528157962616
0,0,0.1130487790170796
0,0,0.10586270229049571
0,0,0.08549613455048079
0,0,0.0487680336278066
0,0,0.08898807840696057
0,0,0.10158466693760917
1,0,0.06116987984804966
0,0,0.0691711394934161
0,0,0.10611773466944399
0,0,0.18335371567519512
0,0,0.06373392681029033
0,0,0.0710212897605051
0,0,0.08869941944275109
0,0,0.15812073806706428
0,0,0.084104155092218
0,0,0.07448221843293527
0,0,0.015161244930541343
0,0,0.07707181732093155
0,0,0.08579893273082374
0,0,0.08834313005808324
0,0,0.06912826336314461
1,0,0.1285154967230838
0,0,0.05725393815483555
0,0,0.0736272389803751
0,0,0.07876964394972984
0,0,0.3737503505946307
0,0,0.08347868346796525
0,0,0.09856283598928292
0,0,0.2992668710227474
0,0,0.13721092065992327
0,0,0.051244397249329394
0,0,0.07689567675232298
0,0,0.14887838030304018
0,0,0.08631727846125353
0,0,0.0784833615264081
0,0,0.00012070793329566976
0,0,0.047880894387362566
0,0,0.08678743236382573
1,0,0.06640889815497206
0,0,0.13062174575100843
1,0,0.08251648518507403
0,0,0.12025701781004751
0,0,0.07670127294342031
0,0,0.08546101617069461
0,0,0.14824006454878
0,0,0.00022083135694274473
1,0,0.1696017997752347
0,0,0.15573256737266697
0,0,3.283304041131998e-05
0,0,0.07747945034226336
0,0,0.06408500946007537
0,0,0.08722114914260132
0,0,0.08726312979781936
0,0,0.19575990836734286
0,0,0.11439572379229672
0,0,0.15579719504869075
0,0,0.08013233373401728
0,0,0.06133841805470711
0,0,0.0444850330082197
0,0,0.06954077252820401
0,0,0.0706281535880273
0,0,0.17697832040543954
0,0,0.12185176153406453
0,0,0.07754675030117436
0,0,0.06084330550050179
0,0,0.1865297286596592
1,0,0.2640081833217314
0,0,0.18651326550031852
0,0,0.0700692967780728
0,0,0.2748258237122007
1,1,0.6211180564483902
0,0,0.15033346644269047
0,0,0.04498211880145853
1,1,0.6489360995458797
0,0,0.08890253584186605
0,0,0.1299301644886684
1,0,0.07789971343464602
0,0,0.10828001852975888
0,0,0.06969875951609854
0,0,0.06591332308573386
0,0,0.07719522448337272
0,0,0.070000319476574
0,0,0.08087567312545657
0,0,0.08968796950346147
0,0,0.020412358265054588
0,0,0.10225623958522798
0,0,0.06629065910898295
0,0,0.17591236605104632
0,0,4.899748306219577e-05
0,0,0.09066104785907747
0,0,0.09916797545131566
0,0,0.10043173115709747
0,0,0.3765509689850162
0,0,0.08815680390678701
0,0,0.09452833397930976
0,0,0.1481937716371577
0,0,0.10411863622115398
0,0,0.06820764684618738
0,0,0.08845135981221837
0,0,0.14521409116780665
0,0,0.1395940990329176
0,0,0.09698114267551292
0,0,0.1803067885315557
0,0,4.378325083989838e-05
0,0,0.0691699918779362
0,0,0.05188052773722922
0,0,0.056632010061845324
1,0,0.1055273782684964
0,0,0.03759061430026737
0,0,0.05355691574739102
0,0,0.2548959445453335
1,0,0.37583428829991944
0,0,0.14919574079075865
0,0,0.3245592744281579
0,0,0.3627521032072809
0,0,0.10721364233468657
0,0,0.0834787542169458
0,0,0.04285347280581589
0,0,0.09146666179317213
0,0,0.07619013960531758
0,0,0.12195883113297276
0,0,0.0502267609624079
0,0,0.08438280445242187
0,0,0.061515578777099754
0,0,0.11445699674534653
0,0,0.09112367050292479
0,0,0.0471428056169456
1,0,0.1165490709220425
1,0,0.06850374454433976
0,0,0.07882384692599514
0,0,0.10940656672018641
0,0,0.01041304088873253
1,0,0.11991318708512615
0,0,0.06666980772420245
0,0,0.1169573160945276
0,0,0.1805021721151312
0,0,0.05840345997654024
0,0,0.04412135575879996
0,0,0.10233321078403651
0,0,0.04826328453283072
1,0,0.09494217094667526
0,0,0.0006923759238151235
0,0,0.08135307201704314
0,0,0.17375063409095165
0,0,0.07993066443609077
1,0,0.025702767395473634
0,0,0.15941050659408237
0,0,0.08238318162927213
0,0,0.044777728548703974
0,0,0.17257699102276997
0,0,0.11397718304979641
0,0,0.08559614410706921
0,0,0.12992510146669753
0,0,0.2283464426974992
0,0,0.17369075780825088
0,0,0.0653521775779581
1,0,0.12140202232893693
0,0,0.03768737908948937
0,0,0.0547665153181723
0,0,0.1466805288085744
0,0,0.11417232179921373
0,0,0.091086222742662
0,0,0.06280740533991226
0,0,0.2837165925899796
1,0,0.08223658362719866
0,0,0.07365240821751277
0,0,0.11045003318116996
0,0,0.1281174567857279
0,0,0.11173417903927084
0,0,0.0935400470737274
0,0,0.10669704914165999
0,0,0.09005036293890532
0,0,0.059210876379171135
0,0,0.03105172620226977
0,0,0.08637912209616855
0,0,0.00010981300450410598
0,0,0.03862086525293357
0,0,0.0850052470901294
0,0,0.07257230555603555
0,0,0.10013453497935015
0,0,0.05572739006134543
1,0,0.1940136843675846
0,0,0.18159492730105745
0,0,0.022330523977492012
0,0,0.28739578693913015
0,0,0.15661645357726237
0,0,0.18933591207132566
0,0,0.06701528005305364
0,0,0.1528395386229806
0,0,0.17958961910167315
0,0,0.10431248984719804
0,0,0.11550908228613353
0,0,0.14174847577750427
0,0,0.12204681342936262
0,0,0.025767342270308264
1,0,0.4612811383005824
0,0,0.09505917527772564
0,0,0.12031222403365184
0,0,0.11625578817907514
1,0,0.07842989629194083
0,0,0.07122419665218974
0,0,0.1145838068856298
0,0,0.09189414909582802
0,0,0.1382533784002099
0,0,0.10767171650158426
0,0,0.14139268624026233
1,0,0.20929084905129466
0,0,0.06314362535541744
0,1,0.5032469269675247
0,0,0.10011468535392994
0,0,0.37865377619091717
0,0,0.11354089529801877
1,0,0.17258539302921008
0,0,0.06669056724186831
1,0,0.1407923867667924
0,0,0.06527026829475553
1,0,0.15034154915412615
0,0,0.0968040106351361
0,0,0.16516263519469623
0,0,0.0820718725930142
0,0,0.05010080485426184
0,0,0.062458976562457615
0,0,0.14045184009193354
0,0,0.07232240892988306
0,0,0.07180294666767408
0,0,0.0929277655347697
1,0,0.044766699950836715
0,0,0.043682159365871255
0,0,0.11014916534501384
0,0,0.029836115515543722
0,0,0.07500654968051809
0,0,0.09531514686210517
1,0,0.20089453190986545
0,0,0.07167066694080199
0,0,0.09321877364110878
0,0,0.10352188957441057
0,0,0.0490391622705638
0,0,0.04358463865719772
0,0,0.00022219799900929436
0,0,0.16397936252690992
0,0,0.0934396418787892
1,0,0.09644703345884152
0,0,0.08967185342083164
0,0,0.13001481610861118
0,0,0.06317175089160544
1,0,0.3008746605716876
0,0,0.0967631249418842
0,0,0.12760305402285824
0,0,8.297798594362388e-05
0,0,0.10123318274911038
0,0,0.07894630067587004
0,0,0.17098196322221196
0,0,0.11412130849591881
0,0,0.06885368854457852
0,0,0.06726655596110917
0,0,0.16163742148796129
1,1,0.6893560763425233
0,0,0.09268554619563336
0,0,0.10681333505711596
0,0,0.0903971355517634
0,0,0.15669072939370632
0,0,0.09471038466223375
0,0,0.10525999268015797
0,0,0.10423605723982106
0,0,0.06588942514758853
0,0,0.07104936330769297
0,0,0.16761481639855558
0,0,0.04556691342868992
0,0,0.10506565960780526
0,0,0.07256716808293263
0,0,0.11787695522056775
0,0,0.1952332976325225
0,0,3.739714422649059e-07
0,0,0.11058958769887009
0,0,0.030829127853679073
0,0,0.12567833812865387
0,0,0.06007154893000263
1,0,0.11969072041436889
0,0,0.22405453539130477
1,0,0.0830022550722503
0,0,0.09745843205206092
1,0,0.12253412879691647
0,0,0.11014758687368666
0,0,0.09520928883960345
0,0,0.054977438980118955
0,0,0.1658144826849171
0,0,0.10530215962087588
0,0,0.10810892546738815
0,0,0.15664430746372285
0,0,0.027908055076421617
0,0,0.07000929502641681
0,0,0.06370398663826135
0,0,0.08548781089396862
0,0,0.041072222341816
1,0,0.15480514990788416
0,0,0.054463014976984046
1,0,0.1061929732826112
0,0,0.03973822549061128
0,0,0.15177269680675734
0,0,0.14595773270551554
0,0,0.1373014845976206
0,0,0.08227635438613491
1,0,9.511995421869123e-05
0,0,0.06553355671807644
0,0,0.09852631282747759
0,0,0.08190250680957825
0,0,0.11906899064736025
0,0,0.18535635561543884
0,0,0.08744993187578108
0,0,0.30072928705408764
1,0,0.13339365170672374
0,0,0.07981824871473604
0,0,0.15711345993671072
0,0,0.1363551975685606
0,0,0.07341886988686272
0,0,0.046560350585248614
0,0,0.17573496983295372
0,0,0.15657462508553757
0,0,0.07521525398379185
0,0,0.12084070595862098
1,0,0.10101731102758628
0,0,0.13330493583551814
1,0,0.09897539844541547
0,0,0.00014241871628145017
1,0,0.00010418605214956805
1,0,0.09777903903265038
1,0,0.17717451102818035
0,0,0.36508328233943155
0,0,0.11833178111602745
0,0,0.13938084186349523
0,0,0.13033793000650648
0,0,0.10798805398437075
0,0,0.19868616176720777
0,0,0.10497439297650045
0,0,0.10180211186472311
0,0,0.07417371028828411
0,0,0.1249475487054992
0,0,0.05273273910345218
0,0,0.12475264331818103
0,0,0.12888247130622155
1,0,0.18718946307974293
0,0,0.08864677029910487
0,0,0.054252479382880976
0,0,0.07240646987020097
0,0,0.07258506308794475
0,0,0.07291988190796221
0,0,0.08618277356724088
0,0,0.07036182479758593
0,0,0.09866835636168327
0,0,0.0905115091977475
0,0,0.09829348201770159
0,0,0.06149313212091124
0,0,0.0967638192260728
0,0,0.07774425214460463
0,0,0.08084609249878962
0,0,0.07853755365653486
0,0,0.06355773362644757
0,0,0.08968291798986942
0,0,0.08020099257140301
0,0,0.07812876853178774
0,0,0.20952728677096186
0,0,0.0851136129758929
0,0,0.08014136267304092
0,0,0.10840591314126345
0,0,0.07668452886022546
0,0,0.08975654933556823
0,0,0.08448081461788634
0,0,0.072612671581268
0,0,0.03893175120804052
0,0,0.13303912223507397
0,0,6.257906278203825e-05
0,0,0.16295106590696154
0,0,0.14641560402659035
0,0,0.11561750097248277
1,0,0.15397501121880422
1,0,0.0629712121824684
1,0,0.16371081839799423
0,0,0.05544205690553757
0,0,0.07205521480527548
0,0,0.0661809367698676
0,0,0.12452367216471184
0,0,0.10303759102857951
0,0,0.074364654142595
1,0,0.21805815718473293
0,0,0.08562640000396644
0,0,0.08325446481664635
0,0,0.11723081108377831
0,0,0.05765315701480617
1,0,0.11856419610310465
0,0,0.09501107839838513
0,0,0.10920261251275651
0,0,0.015024971864620143
0,0,0.27619964911337896
0,0,0.14709927503994782
0,0,0.1543168195143293
1,0,0.18960504256650884
0,0,0.09347639692439326
0,0,0.0071534883729208985
0,0,0.05784574165790446
0,0,0.13526748328063684
0,0,0.08027451957337522
0,0,0.055105900307949304
0,0,0.2649472590921246
0,0,0.06835435173183095
1,0,0.12911602877247427
1,0,0.14610188745897862
0,0,0.15929756283592633
0,0,0.45848453993951716
0,0,0.09199782178986275
0,0,0.17189423529086803
0,0,0.13590667047914987
0,0,0.14433158242827437
0,0,0.1385641655381734
0,0,0.19334216768711215
0,0,0.07961679977925744
0,0,0.18897517833108074
0,0,0.15708391369487135
0,0,0.09756225745278357
0,0,0.1526344361083789
0,0,0.19376101427308123
0,0,0.00011434943884994792
0,0,0.1038180415556683
0,0,0.08984215850314688
0,0,0.059200386103012134
0,0,0.3203181190048575
0,0,0.08358957056329046
0,0,0.07829592275708466
0,0,0.08458723149193523
0,0,0.2084167796701991
0,0,0.058939206740750864
0,0,0.04919705530208444
0,0,0.07705680468845467
0,0,0.07143163682180095
0,0,0.0662076810951567
0,0,0.10561098336243775
0,0,0.09795613287559148
0,0,0.07562950098749364
0,0,0.16545416690211207
0,0,0.07513234910760988
0,0,0.17918456308487513
0,0,0.0804218972694417
1,0,0.15363454587268896
0,0,0.08003890997484465
0,0,0.11939837103870814
0,0,0.10334418729002068
0,0,0.00012694151943023812
0,0,0.17582244082552476
0,0,0.11687168384891786
1,0,0.10888382242862273
0,0,0.12137688000872708
0,0,0.19422221703835243
0,0,0.08426175995946728
0,0,0.06344869907860644
0,0,0.03856222635850179
0,0,0.14507993579169706
0,0,0.05605445311261998
0,0,0.22055123285506484
1,0,0.12800055677340794
0,0,0.2282502353398785
0,0,0.09561138071891184
0,0,0.09458575733849268
0,0,0.08006572149641683
0,0,0.1026703582682829
0,0,0.055169439664550866
0,0,0.12900814623783352
0,0,0.03868406616029124
0,0,0.15952487248869524
1,0,0.3969612626196816
0,0,0.04744754467968648
1,1,0.5530651351756278
0,0,0.06271538225081011
1,0,0.07473994762633754
0,0,0.14627277942063066
0,0,0.0785857214686379
0,0,0.07812880839759183
0,0,0.16615203156319
0,0,0.07881933252122059
0,0,0.10755237353236018
1,0,0.045681822757613656
0,0,0.12659063756599373
0,0,0.04428820651957018
0,0,0.055864492445909596
0,0,0.06374623667816164
0,0,0.17237445190904785
0,0,0.0568407480267935
0,0,0.06979795767087978
0,0,0.09927912898368559
0,0,0.12221263763602638
0,0,0.227150882729882
0,0,0.11790861864658059
0,0,0.11632965676388009
0,0,0.041915545085951904
0,0,0.1539291653998665
0,0,0.1337745813982422
0,0,0.11395793374101562
0,0,0.046885083340281804
0,0,0.12523064927908134
0,0,0.20192392570711856
0,0,0.08195080462845818
1,0,0.3081948346373609
0,0,0.0862895433911744
0,0,0.02491756210045726
0,0,0.06904427377408619
0,0,0.15633271338969082
0,0,0.08478405844049224
0,0,0.0842872584507572
0,0,0.10497571623726276
0,0,0.1338716539713973
0,0,0.12891088134773948
1,0,0.06951099408219813
1,0,0.00011003399770402654
0,0,0.20819477264373362
0,0,0.042133962490901046
0,0,0.06557344929131301
0,0,0.12417829150402616
0,0,0.14252817960973585
0,0,7.725102943818493e-05
0,0,0.10644534512221233
0,0,0.10402364169347969
1,0,0.0669935153775813
1,0,0.10923163068372117
0,0,0.17613981113895993
0,0,0.09809044621875831
0,0,0.11908216019462207
0,0,0.17716132141719199
0,0,0.0778516550255061
0,0,0.09285377110679278
0,0,0.057252679040578625
0,0,0.2113408664453586
0,0,0.10086456895548448
0,0,0.11969203164504584
0,0,0.07376100553663105
0,0,0.10059696721102297
0,0,0.14840043475796144
0,0,0.04003317217158777
0,0,0.07912075411742264
1,0,0.09156865373652197
0,0,0.07589919885620215
0,0,0.05994130072388257
0,0,0.31314747632680784
0,0,0.11143155822848101
0,0,0.05531055271205102
1,0,0.13529806745376757
0,0,0.10449417671659039
0,0,0.26554514752917263
0,0,0.07023595423865851
0,0,0.06570885232566795
0,0,0.05975574455515045
0,0,0.09303914422975103
0,0,0.12533346643310808
0,0,0.0928158607038703
0,0,0.10254447433249683
1,0,0.050215869275229495
1,0,0.20801020274747406
0,0,0.11118103754263726
0,0,0.0919864139313677
0,0,0.06435602433567156
0,0,0.03368365950418687
0,0,0.0926569983181893
0,0,0.12008208197182912
0,0,0.1211049570720269
0,0,0.18269919834864798
0,0,0.06065124743682147
0,0,0.00024089084753983972
0,0,0.07550111316107018
0,0,0.13049817688150742
0,0,0.05463359492659054
0,0,0.18558686622514567
0,0,0.05770905047303913
0,0,0.1684747351860519
0,0,8.699762511859337e-05
0,0,0.06681464334024151
1,0,0.19822410939708549
0,0,0.12156110416866224
0,0,0.1286734127640379
0,0,0.11416358019267683
0,0,0.0001302924678808382
0,0,0.11098274611282079
1,0,0.17823631747609422
0,0,0.13538823046121606
0,0,0.14580975763994417
0,0,0.12499986316693586
0,0,0.06502635305962243
0,0,1.7312501050556765e-06
0,0,0.20269887843839426
0,0,0.04984889117279039
0,0,0.0583764011513288
0,0,0.2930046210183394
1,1,0.8126321823334449
1,0,0.08565610549302281
0,0,0.09865956712095517
0,0,0.06505535133798475
0,0,0.14767592014681385
0,0,0.07422404932553776
0,0,0.2530250037460673
0,0,0.0715845283140388
0,0,0.1459539879404729
0,0,0.17359995483599724
0,0,0.2487028733001782
0,0,0.2501924513932192
0,0,0.10847605945634732
0,0,0.06935362225669682
0,0,0.13456119718392956
0,0,0.2012459034254164
0,0,0.2029969458396203
0,0,0.22437017192126843
0,0,0.11191331308627957
0,0,0.06106543979124684
0,0,2.795299139603655e-06
0,0,0.13953390933886045
1,0,0.044065473787978184
1,0,0.21136600077844145
0,0,0.0004973909121649961
0,0,0.12109248498872963
1,0,0.1082045408093377
0,0,0.028606428007596857
0,0,0.2230746443798694
0,0,0.09679737333805925
0,0,0.10086451337958063
0,0,0.05145956985895328
0,0,0.06754750702907472
0,0,0.018412151994532656
0,0,8.971067611557029e-05
0,0,0.1537583076035262
0,0,0.08008531868730422
0,0,0.10112019914441618
0,0,0.0905473847799322
1,1,0.5681176039431728
1,0,0.08534938849729315
0,0,0.12182199424916113
0,0,0.03663130362973676
0,0,0.03296355139969144
1,0,0.06847778413724798
0,0,0.028214237778085172
0,0,0.26686622701699336
0,0,0.1531626354814991
1,0,0.04638392472049861
0,0,0.11609364390369403
0,0,0.058225923399353646
0,0,0.09925669422109173
0,0,0.1079096732647142
0,0,0.06187694096148615
0,0,0.02391588383293673
0,0,0.09204256834055284
0,0,0.154786894191095
0,0,0.13295266953666202
0,0,0.07607748164120537
0,0,0.0653916853545767
0,0,0.07799223067767493
0,0,0.0787096893388395
0,0,0.09825814035479052
0,0,0.03439435225135763
1,0,0.0823090220223264
0,0,0.06522608982458976
0,0,0.08176753446185807
1,0,0.10854510564698652
0,0,0.0620156733263965
0,0,0.12500426336314938
1,0,0.11073058245949663
0,0,0.3293325436500122
0,0,0.08315533974402073
1,0,6.65105386910253e-05
0,0,0.15327364724470596
1,0,0.1290273394990588
0,0,0.041833914133117905
0,0,0.13455606315852492
0,0,0.10258919008878689
0,0,0.07135275248668904
0,0,0.07627391410305145
0,0,0.21892798380516326
0,0,0.05164587300787488
0,0,0.17980261833297043
0,0,0.09368328989600402
1,0,0.22683758799669368
0,0,0.10788928744079042
0,0,0.00024972998656957513
0,0,0.06418976774526663
0,0,0.17210910784594052
0,0,0.09090068776874219
0,0,0.07323838767490541
0,0,0.0988880540364643
0,0,0.06989038719828736
0,0,0.044144209618454736
0,0,0.197390582976762
0,0,0.14801407381005083
0,0,0.09802642800790859
0,0,0.07260017820253059
0,0,0.13529863252245183
0,0,0.06502835744722353
0,0,0.17436898061493078
1,0,0.2941201338492576
0,0,0.13222277989616696
1,0,0.08452566404462354
0,0,0.19267396949928697
0,0,2.9879981489683062e-05
1,0,0.2903223710335195
1,0,0.13253490831758225
1,0,0.08252204770515462
0,0,0.15804930292619435
0,0,0.07075437841817614
0,0,0.14576534018133128
0,0,0.14584419698186826
0,0,0.07576276608831116
1,0,0.07576045022894304
0,0,0.10752418432804928
0,0,0.13103657285697548
0,0,0.17047577628346433
0,0,0.10328065173060912
0,0,0.2587299699513688
0,0,0.07665608576601003
0,0,0.15602584161322394
0,0,0.09354771417217284
1,0,0.13347055267561878
0,0,0.1401976252971693
1,0,0.06746456115689319
0,0,0.08995766706637673
0,0,0.03768227559019381
0,0,0.09533711452612742
0,0,0.07581889193546515
0,0,0.39034064873787055
1,0,0.11080332220425186
0,0,0.057381762117105585
0,0,0.09603584173079449
0,0,0.1909439206012452
0,0,0.11894685190998351
0,0,0.21028422948857337
0,0,0.12774944068564048
0,0,0.11493560803709217
1,0,0.06950972776834101
0,1,0.5865354500719392
0,0,0.13609834353132605
0,0,0.057118425411963346
0,0,0.06748212316083502
0,0,0.1004970771345147
0,0,0.10030810472749903
0,0,0.10351021182660348
0,0,0.4585951409190481
0,0,0.058478350541363126
0,0,0.16372552447351205
0,0,0.23523927974529252
0,0,0.07629414344260078
0,0,0.14586797965908171
0,0,0.09692301548565127
0,0,0.08298464628420535
0,0,0.23427321557756406
0,0,0.06794428971471213
0,0,0.1802614400426527
0,0,0.0659592765590658
0,0,0.1655748931438208
0,0,0.0716585137456758
0,0,0.07544425671579594
1,0,0.23579314917794686
0,0,0.05390008977851267
1,0,0.1714182093655191
0,0,0.088929232023315
0,0,0.11089074122554557
0,0,0.1738816700089843
0,0,0.13074447675572567
0,0,0.04519767533569981
0,0,0.11199026151652225
0,0,0.10716156422958145
0,0,0.03721354779119023
0,0,0.06886719017229355
0,0,0.11074717548677909
0,0,0.0001034857076842171
1,0,0.12500104933371917
0,0,0.11801906526501547
0,0,0.043020778497437365
0,0,0.05476662321710368
0,0,0.07155246285305542
0,0,5.328429556245296e-05
0,0,0.05395332811407457
0,0,0.043702285048719314
0,0,0.0701378473917395
0,0,0.1164620490098873
1,0,0.0770618429065045
0,0,0.0001620389962027193
0,0,0.04586817690833775
0,0,0.24680490189761214
0,0,0.21219485423085668
1,0,0.08681137220348548
0,0,0.09588966140625912
0,0,0.09536643312135111
0,0,0.26280188286225437
0,0,0.12857705084880552
0,0,0.38241013228478565
0,0,0.07868503616904311
0,0,0.07703970344516267
0,0,7.708897385702308e-05
0,0,0.11226262335808349
0,0,0.10254829186144838
0,0,0.058732974070550184
0,0,0.16300453283588007
0,0,0.1702729966903223
0,0,0.10846950798801891
1,0,0.04874115975946994
0,0,0.06742285275492428
0,0,0.47467120556599013
0,0,0.0856292828451337
0,0,0.08626360782578998
0,0,0.20100269378474928
0,0,0.02280318084249395
0,0,0.15392733711493473
0,0,0.09052774379278246
0,0,0.13558610850394412
0,0,0.09198487066712403
0,0,0.2472376403945521
0,0,0.10439855452316399
0,0,0.1090390163496249
1,0,0.07553014740340579
0,0,0.19601271548851001
0,0,0.0589718955697828
0,0,0.05113611348115379
0,0,0.1216574015542986
0,0,0.3224152327389372
0,0,0.11716379968103945
0,0,0.27077225389633036
0,0,0.07385617840586933
1,0,0.09775721673245624
0,0,0.06484644820280618
0,0,0.07097722319323459
0,0,0.09960688779875304
0,0,0.10198263493333476
0,0,0.09648567820363751
0,0,0.1530632423074077
0,0,0.004495697253996812
0,0,0.1276366387952957
0,0,0.08942743237919476
0,0,0.16520803804311032
0,0,0.08163303914663544
0,0,0.09251415259685938
0,0,0.08292759594764554
0,0,0.10976503936649737
0,0,0.14632654713221074
0,0,0.0461931031791388
0,0,0.09268366607747336
1,0,0.12169562164515049
0,0,0.07076928578584053
0,0,0.10435421486382987
0,0,0.07523056777912443
0,0,0.06816352434369519
0,0,0.1277023169401325
0,0,0.2004683452440897
0,0,0.08742332164499356
0,0,0.15443265122965374
1,0,0.08727205789326492
0,0,0.08065596686848213
0,0,0.11882674375186117
0,0,0.06692206455947951
0,0,0.05041820314665262
0,0,5.5076298523640844e-05
0,0,0.19410710193858816
0,0,0.1254702111306746
1,0,0.10875640240287877
0,0,0.08176678824805622
0,1,0.5838914610187997
0,0,0.045105426631600935
0,0,0.10711248763304607
0,0,0.07976152267144541
0,0,0.10438941349777701
0,0,0.08521328532014721
0,0,0.06878952076654804
0,0,0.10414851713687791
0,0,0.07388133994657242
0,0,0.07181261285566538
1,0,0.0936471278020019
0,0,0.11612004178626885
0,0,6.772836456206032e-05
0,0,0.062049152770601995
0,0,0.16389717581000252
0,0,0.09395692408384018
0,0,0.11465534450915264
1,0,0.12553486068712782
0,0,0.14370180924711165
0,0,0.07583273307974624
0,0,0.09942534711759175
0,0,0.11866336303899683
0,0,0.07891091400622094
0,0,0.10424274106244144
0,0,0.2716822192499643
0,0,0.09273579999232288
0,0,0.07553753463958876
0,0,0.2504525843411473
0,0,0.11869389379516089
0,0,0.012806398605507889
0,0,0.11244446074635649
0,0,0.07431211364480003
0,0,0.11936450245524263
0,0,7.843539042215223e-05
0,0,0.05556047905316652
0,0,0.11567698519955671
0,0,0.06543966048462527
0,0,0.14098176681637586
0,0,0.09595165662629339
0,0,0.1411819737655482
1,0,0.16954525877021961
0,0,0.1312480549023315
0,0,0.09226802026334814
0,0,0.07365663626486421
0,0,0.08645090827808849
1,0,0.23318040423317868
0,0,0.10607802584241512
0,0,0.00012188550474005311
0,0,0.10287611414999931
0,0,0.09287589892350341
0,0,0.2901693305054784
0,0,0.09643897516146893
0,0,0.08603426927639549
0,0,0.08707658539916886
0,0,0.09995712816858365
0,0,0.1051790662930227
0,0,0.07090828370384752
0,0,0.13356418919401342
0,0,0.17683429177417825
0,0,0.08356797192025676
0,0,0.08567355474435234
0,0,0.17188394345920385
0,0,0.024377909787956155
0,0,0.11908018217059321
0,0,0.043193169276566155
0,0,0.08242343201365704
0,0,0.09239469974094386
0,0,0.0625021492709683
0,0,0.052622952708424986
0,0,0.05907047698024305
0,0,0.12357765043962252
0,0,0.13225283355556497
0,0,0.3274756837747593
0,0,0.09128835948625422
0,0,0.12938893669398047
0,0,0.0629563836454336
0,0,0.11086484760400005
0,0,0.06235826823784428
0,0,0.14866449653342867
0,0,0.1035562151734684
0,0,0.05547788543054099
0,0,0.07415189065061756
0,0,0.10920118376610821
1,0,0.12996738760390483
0,0,0.20905499020880491
0,0,0.08461207289028395
0,0,0.06372354837038065
0,0,0.08709266462497446
0,0,0.14715978672063357
0,0,0.11038719861178721
0,0,0.05149859384886922
0,0,5.6926990855916695e-05
0,0,0.09074298184532667
0,0,0.09670639248508023
0,0,0.07640195895522639
0,0,0.18219988881001353
0,0,0.10141976338449804
0,0,0.09261881980609026
0,0,0.0404437290950872
0,0,0.06468389358717505
0,0,0.03238303589289169
0,0,0.12501121452032965
0,0,0.06051765003347708
1,0,0.0002680643627282044
0,0,0.047138943610775794
0,0,0.11298035047759884
0,0,0.11164464039293634
0,0,0.040715834618319076
0,0,0.1018026190577619
0,0,0.08997635801411935
0,0,0.3343594044926337
0,0,0.05155291123332711
1,0,0.0456434807034399
1,0,0.1074634090229405
0,0,0.06227167740784698
0,0,0.0912732012195848
0,0,0.10613960814396387
0,0,0.04496719131175442
0,0,0.05476366618687254
0,0,0.08621798445720745
0,0,0.1789018425979005
0,0,0.23027185658430285
0,0,0.10065898944012716
0,0,0.18132918695259867
1,0,0.09474310555481098
0,0,0.16467071917882928
1,0,0.11034451899949928
0,0,0.07782942622191384
0,0,0.10233788085568388
0,0,0.15581849773118173
0,0,0.2337475411247568
0,0,0.08635913151006461
0,0,0.046193531676221894
0,0,0.06887691469406537
0,0,0.03016989497310112
0,0,0.09295196578539976
0,0,0.0012652606085831234
0,0,0.09672520990800258
0,0,0.07678501557826473
0,0,0.13803701979977176
0,0,0.21551583284044068
0,0,0.2645220787660893
0,0,0.052680013786301605
1,0,0.15421244282194932
0,0,0.07846109948327187
0,0,0.08225088091599608
0,0,0.07376053055994473
0,0,0.06045889906607503
0,0,0.10114674575059346
0,0,0.09453727522375183
0,0,0.11458409916960896
0,0,0.1601332895280391
0,0,0.10235735657059622
0,0,0.0012056751749107669
0,0,0.12310047571300083
0,0,0.08587864852997117
0,0,0.15304488695555077
0,0,0.07970296035927148
1,0,0.09155813669755672
0,0,0.04986873621834123
0,0,0.15558541608878174
0,0,0.06618410031217509
0,0,0.17751738541170398
0,0,0.20122612664141024
0,0,0.06590974469635913
0,0,0.09056278432080123
0,0,0.06415495166638241
0,0,0.1106292334388245
0,0,0.09646823317326929
0,0,0.05480928835370939
0,0,0.0824859902872578
0,0,0.09681062078273187
0,0,0.06539448511370914
0,0,0.1317811002410624
0,0,0.10943981786091685
1,0,0.16335779882166326
0,0,0.0700031745686764
0,0,0.11041937866354963
0,0,0.3718875594550584
0,0,0.09363223485034289
1,0,0.09995694813619918
0,0,0.16032957097966605
1,0,0.16376721543703746
0,0,0.12505792370969201
0,0,0.10226237246729739
0,0,0.12214952511254401
0,0,0.05504496126227975
0,0,0.11232441745103156
0,0,0.09479770367298955
0,0,0.09816347231240753
0,0,0.1280831922586217
0,0,0.08989688213911325
0,0,0.10110764749155318
0,0,0.10071833265845545
0,0,0.0468246858048005
0,0,0.03130772264805818
0,0,0.13349066462205836
0,0,0.10901672672588748
0,0,0.06366065134853255
0,0,0.2472954683769991
0,0,0.11578949288111402
0,0,0.060876932546894004
0,0,0.2009977882281768
0,0,0.10734868053633284
0,0,0.09867174525345959
0,0,0.16268110963445
0,0,0.09094024470384345
0,0,0.44172879965867384
0,0,0.09089412274615342
0,0,3.1680196299701844e-05
0,0,0.3455429404113941
0,0,0.024748014283806432
0,0,0.07751640565940746
0,0,0.13862900377915402
0,0,0.07785457089832298
0,0,0.09792815693886547
0,0,0.05389527876798268
0,0,0.12064534989264177
0,0,0.05036931376590302
0,0,0.1098618637382035
0,0,0.17255194730952372
0,0,0.08814306223370985
0,0,0.11532286741304966
1,0,0.1184095590138508
0,0,0.4224767340509565
0,0,0.28171414074102796
0,0,0.040230483554050754
0,0,0.11186403126723857
0,0,5.867039383418156e-05
1,0,0.09503890335457457
0,0,0.07760068863369145
0,0,0.07756868841618439
0,0,0.13494658607708254
1,0,0.21987316571579457
0,0,0.15949128957935252
0,0,0.06610782533257305
1,0,0.0630447039502005
0,0,0.10593822228586507
0,0,0.28378897262595887
1,0,0.16963305338161788
0,0,0.06893089774190951
0,0,0.041045493728722134
0,0,0.016782857281604016
0,0,0.07387917592475368
0,0,0.0832729486950337
0,0,0.11993531631819865
0,0,0.0632759425609377
0,0,0.08367887053585624
1,0,0.059108707363370566
1,0,0.3287210627401743
0,0,0.07594048960865647
1,0,0.052886262722369896
0,0,0.10718192858494581
0,0,0.10175332598915664
0,0,0.06570170212815504
1,0,0.15869081438009594
1,0,0.14070750046749664
0,0,0.04585641536795138
0,0,0.05002555447523463
0,0,0.11267468704822914
1,0,0.0002453056830320966
0,0,0.06972475995426382
0,0,0.05894894486239976
0,1,0.6003428743249851
0,0,0.12268333723270197
0,0,0.03677576823660583
0,0,0.07484529422796504
0,0,0.09610450257488808
0,0,0.07678906498599344
0,0,0.14470792084403927
0,0,0.09561903589707274
0,0,0.06627565384463822
0,0,0.07345110837697247
0,0,0.06252391037252139
0,0,0.09365515071103546
0,0,0.08097531683384945
0,0,0.11747372806019167
0,0,0.09606564035314513
0,0,0.052655918658295324
0,0,0.046484589011971986
0,0,0.046764722454046635
0,0,0.09246141475701886
0,0,0.07360847723249275
0,0,0.07019976038931183
0,0,0.1295480738476569
0,0,0.143607474348231
1,0,0.18391755460698095
0,0,0.0903462665633198
0,0,0.07849828087462424
0,0,0.06713153736129353
0,0,0.3619786467812379
0,0,0.05682858709604535
0,0,0.08474368756721776
1,0,0.06928730125757501
0,0,0.09286634698197194
0,0,0.0882029815816476
0,0,0.06453620907494162
0,0,0.10267420056592128
0,0,0.03574710483078569
0,0,0.05654964147207156
0,0,0.10724722777365117
0,0,0.11538516170691361
0,0,0.23549328424785465
0,0,0.08729340606523259
0,0,0.06528242627548021
1,0,0.07108530363813477
0,0,0.16408526370762042
0,0,0.10008971754804812
0,0,0.058870889591793575
1,0,0.09339373290068372
0,0,0.15737360004064768
0,0,0.03562095631244564
0,0,0.00018527244428180283
0,0,0.08605335242330032
0,0,0.07265895758550908
0,0,0.16950631724220652
0,0,0.14390914907305702
0,0,3.889075736046888e-05
0,0,0.07917872859518593
0,0,0.11612281143089177
0,0,0.10594951309242268
0,0,0.1872783092224556
0,0,0.1309536140729105
0,0,0.23915956634372199
0,0,0.14441584559352563
1,0,0.1245929665290219
0,0,0.11491053740715365
0,0,0.0985511003735827
0,0,0.18036188822166868
0,0,0.11495930746137777
0,0,0.11813413279927036
0,0,0.08104162009429637
0,0,0.11080909755855901
0,0,0.08050049274669557
0,0,0.1042815800536558
0,0,0.32534764200909505
0,0,0.03168467683480435
0,0,0.13308082273258512
0,0,0.12389278661898485
0,0,0.10483121615705164
1,0,0.12219055901648034
0,1,0.5372961642839083
0,0,0.024280768699587212
0,0,0.10289319183786945
0,0,0.15965557966392552
0,0,0.08077324097620926
0,0,0.22098835001966244
0,0,0.19637423253929184
1,0,0.09689481181478626
0,0,0.08361975973717642
0,0,0.077490165941109
1,0,0.17241655137982456
0,0,0.21791153986002462
0,0,0.04895938907048547
1,0,0.13281163349777475
0,0,0.13428801151683936
0,0,6.166692427061251e-05
0,0,0.19999426493442693
0,0,0.11168635861565905
0,0,0.10940028358609262
0,0,0.09576427599616869
1,0,0.08824103920511596
0,0,0.20323406780951347
0,0,0.006888153137176263
0,0,0.06374872818489379
0,0,0.03641516546784953
0,0,0.15608971837261174
0,0,0.07054107413745081
0,0,0.11769675446321891
0,0,0.10549842409791176
0,0,0.11362853858360354
0,0,0.05853314731371735
0,0,0.08874263586425142
1,0,0.05495616328631649
0,0,0.04181387988146674
1,0,0.12923934853666075
0,0,0.07948059370045112
0,0,0.07082902735455422
0,0,0.086822697556916
1,0,0.19656420485797896
0,0,0.04831268844025116
0,0,0.12441404334989452
0,0,0.07268426387230525
0,0,0.07892807463380992
0,0,0.08926172950488077
0,0,0.07501838473625627
0,0,0.07399017807278528
0,0,0.06761926127311219
0,0,0.10963186838448834
0,0,0.14518808824875318
0,0,0.16690294251564736
1,0,0.17345707172072874
0,0,0.11792177203806707
0,0,0.11182331524180317
1,0,0.1293721452573643
0,0,0.08428031861064345
0,0,0.1263386400861205
0,0,0.11725216883746482
0,0,0.11946448521191402
0,0,0.10045221153661466
0,0,0.20316315481542802
0,0,0.04042940202171666
1,0,0.05923517446775558
0,0,0.06522794493207155
0,0,0.05067142346238111
0,0,0.1861294673826568
0,0,0.1630327730648887
0,0,0.04921602411029678
0,0,0.17563339621114665
0,0,0.02563907747225864
0,0,0.2709528375751357
0,0,0.07433827208858343
0,0,0.08952301280846124
0,0,0.037773652620599917
0,0,0.08379381272655995
0,0,5.279898248407445e-05
0,0,0.060152678266023836
0,0,0.13291733338137432
0,0,0.09324263723034074
0,0,0.25683642271478047
0,0,0.265384522355293
0,0,0.14793838194316267
0,0,0.07782900940195704
0,0,0.08794501977982959
0,0,0.1929096947989012
0,0,0.0829431073953785
0,0,0.00046736299654106346
0,0,0.18901251501985755
0,0,0.0790454978209962
0,0,0.1007711733675482
1,0,0.1766707289942154
0,0,0.0970723644668555
0,0,0.19127431854674953
0,0,0.06438976887194037
0,0,0.07010404008639921
0,0,0.17723178022699976
0,0,0.09663718749002392
0,0,0.08250338960778576
0,0,0.15046052260717838
0,0,0.247837488110439
0,0,0.00010986069567425875
0,0,0.07020731212550177
0,0,0.09683705369472886
0,0,0.12614989752817163
0,0,0.11721687440268279
0,0,0.00017657119621347636
0,0,0.1816387268167399
0,0,0.13844110296501488
0,0,0.0448699869317536
1,0,0.10836252855316972
0,0,0.2275114252634214
0,0,0.07396492999523671
0,0,0.1260383146375063
0,0,0.1151765603219194
0,0,0.00012507729334653453
0,1,0.9998668333587218
0,0,0.1349120078309211
0,0,0.08104728349688373
0,0,0.0723420655013956
0,0,0.10807161497162263
0,0,0.11058521242868034
0,0,0.12304853751261983
0,0,0.0908223383182094
0,0,0.18457238907460977
0,0,0.06686484641499427
0,0,0.04272059537224982
0,0,0.10339654984776052
0,0,0.08063834540335911
0,0,0.07729267909647645
0,0,0.06133948813391094
0,0,0.12256814934103291
0,0,0.07760537215372477
0,0,0.06605124304314171
0,0,0.09678999341249807
1,0,0.07259375725019125
0,0,0.08545407380754502
0,0,0.1741193584664123
0,0,0.06036100711957607
0,0,0.16375740417924403
0,0,0.15099693491154634
0,0,0.06732649471824315
0,0,0.10109387996747111
0,0,0.1280210926514103
0,0,0.05163489242046448
0,0,0.07770084826172648
0,0,0.09010359306731708
0,0,0.10574467720186058
0,0,0.06384434073106764
0,0,0.10577426891423565
0,0,0.05538566246952748
0,0,0.09020305448798077
0,0,0.12368989659600252
0,0,0.08485313227231123
0,0,0.11757079205308642
0,0,0.186379926153426
0,0,0.17302112968693562
0,0,0.07057902841059124
0,0,0.07885474307522049
0,0,0.000545073481584947
1,0,0.1501334195277138
0,0,0.10470695013490064
0,0,0.020132118534584496
0,0,0.14160079225075797
0,0,0.11813147129753876
0,0,0.1083349593635958
0,0,0.009861052355579963
0,0,0.09664588493824625
0,0,0.17466399591562254
0,0,0.07924676339297408
0,0,0.06801588790659362
1,0,0.05794403847098966
1,0,0.277460430754657
0,0,0.1088081773905769
0,0,0.12495266975785546
0,0,0.026510299881635023
0,0,5.7414575258470744e-05
0,0,0.08649684344380416
0,0,0.08856945227711473
0,0,0.08053489062754439
0,0,0.11323488905165102
0,0,0.00018013285711768895
0,0,0.0433738950106284
0,0,0.10829817317935363
0,0,0.00010301753505640959
0,0,0.13382624736101745
0,0,0.08214635198805459
0,0,0.20801404961466965
0,0,7.14676947213782e-05
0,0,0.0998567280348188
0,0,0.06898467307091126
0,0,0.15113971099607554
0,0,0.09680877147570047
0,0,0.05738336331886663
0,0,0.2786409067204727
0,0,0.05865029722226113
0,0,0.10647664975303171
0,0,0.11018329511730901
0,0,0.21241967586831542
0,0,0.13233045953115818
0,0,0.1913777509568962
0,0,0.07339407264452939
0,0,0.1003164993365319
0,0,0.15512163138559226
0,0,0.08556455116065183
0,0,0.12615618538452594
0,0,0.07913518886093461
0,0,0.06957258289997123
0,0,0.10738697281158491
1,0,0.07938900002508927
0,0,0.12156933337053236
0,0,0.10250990940117691
0,0,0.08843775776279217
0,0,0.1259835034628873
0,0,0.10505425298138761
0,0,0.003753675911563544
0,0,0.09533898959800506
0,0,0.1687443954087677
0,0,4.384511394852971e-05
0,0,0.16146469761238838
0,0,0.2171844492564489
0,0,0.009759696032201023
0,0,0.12281195638837629
0,0,0.08130683919882101
0,0,0.2873637779779135
0,0,0.06511803090696092
0,0,0.07278568914126636
1,0,0.06986677924918788
0,0,0.024617536545446028
0,0,0.07785630201913288
0,0,0.10778725866672567
0,0,0.09142103964856291
0,0,0.06690842425536804
1,0,0.10409438174188994
0,0,0.0602157345872303
0,0,0.08969925429602105
0,0,0.05185793753646155
0,0,0.06583098601931445
0,0,0.021289035686432308
0,0,0.1571366661557873
0,0,0.20796439882674148
0,0,0.07756886990933506
1,0,0.12170805375652963
0,0,0.13337245932835143
0,0,0.07672361346301433
0,0,0.07483352313836568
0,0,0.13412173550929862
0,0,0.12276339567654015
1,0,0.16341067434396764
1,0,0.191837365182632
0,0,0.08865157695535454
0,0,0.09658449347740458
0,0,0.09299485944974295
0,0,0.19677165297913318
0,0,0.07806106474288368
0,0,0.1654760629518443
1,0,0.00015103375658156225
0,0,0.14563432395938886
0,0,0.09252387851853415
0,0,0.19273914306899936
0,0,0.1435903057061818
0,0,0.11472928125623337
0,0,0.11052857957547269
0,0,0.09327718983084873
0,0,0.12266840288711811
0,0,0.1238260159571715
0,0,0.036772473612043936
0,0,0.15600873353936678
0,0,0.07904913262264363
0,0,0.2108795571550541
1,0,0.09497099768105607
1,0,0.10855265542970739
0,0,0.08907725696100847
0,0,0.07866651040294975
0,0,0.2119572325403299
1,0,0.05548182159552331
0,0,0.10168737169755918
0,0,0.09592454281581379
0,0,0.10162542012092428
0,0,0.11420901172391336
0,0,0.04022212304121034
0,0,0.21270936031107734
0,0,0.12541076403937584
0,0,0.10058499827884368
0,0,0.11504128299637059
0,0,0.07062481539199873
0,0,0.0893412498809283
0,0,0.011571634995854311
0,0,0.080617240306814
1,0,0.21023073073224782
0,0,0.05217898588606263
0,0,0.19043094603384852
0,0,0.07222262899394775
0,0,0.07671048619065021
0,0,0.10263879363686816
0,0,0.10084641955672975
0,0,0.0779193266740968
0,0,0.185668327106312
0,0,0.06521710950885835
0,0,0.051393830458837976
0,0,0.11628203151522218
0,0,0.11262888252202394
0,0,0.06537380412299827
0,0,0.09615418792761597
0,0,0.08062013131818259
0,0,0.11256693218439168
0,0,0.14823703525895504
0,0,0.09457918837149125
0,0,0.077057989158416
0,0,0.06348923316452719
0,0,0.1685129771934708
0,0,0.14170538416693435
0,0,0.12712146612288755
1,0,0.1104470682728667
0,0,0.09734685687729243
0,0,0.05009086486452582
0,0,0.08802470099628265
0,0,0.21144511049282566
0,0,0.08370033390229033
0,0,0.09511929177762181
0,0,0.11911731450464941
0,0,0.19108664017152358
0,0,0.26493550476692784
0,0,0.1537153836533272
0,0,0.08104203977689341
0,0,0.07958804289469718
0,0,0.11708776318323949
0,0,0.13068505260126895
0,0,0.2146202213975825
0,0,0.19521999780009047
1,0,0.3511505646361615
0,0,0.10378587044487986
0,0,0.11894822379760799
0,0,0.04155186975498707
0,0,0.07374378158613253
0,0,0.08009250937873952
0,0,0.17812917501682038
0,0,0.31325712952707974
0,0,0.09302699339462998
0,0,0.03380642958886416
0,0,0.07784959100252496
0,0,0.07521378007844665
0,0,0.02955838529779804
0,0,0.08956911367120649
0,0,0.05527284760723941
0,0,0.16481816428542984
0,0,0.12277084923893752
0,0,0.12617744023173788
1,0,0.09775138130166625
0,0,0.16570016561623482
1,1,0.5194726694697405
0,0,0.15379319213460024
0,0,0.07209988382711571
0,0,0.21027739109586993
0,0,0.07742469577788334
0,0,0.07753576291182232
0,0,0.17775649374405958
1,0,0.09704231528444093
0,0,0.15985680380258513
0,0,0.1622982630101215
1,0,0.09622107310216978
0,0,0.11625507457504948
0,0,0.1537016933077296
0,0,0.11540889883241037
0,0,0.09436207447452477
0,0,0.06244531114099088
0,0,0.017649318397229868
0,0,0.21701173448317415
0,0,0.1226518797289773
0,0,0.10544252132543727
0,0,0.14568012312182635
0,0,0.14442296349001463
1,0,0.1702103650978432
0,0,0.20696092505150315
0,0,0.0966826530982886
0,0,0.11147539514223054
1,0,0.1055214139078901
0,0,0.25712178899381777
0,0,0.06240249109820282
0,0,0.058639888981056376
0,0,0.24848278604847526
0,0,0.03585274692485096
0,0,0.08974564973906958
0,0,0.19661764809132112
0,0,0.1327395987920551
0,0,0.10226919267508452
0,0,0.07358654362473666
0,0,0.4442799352363355
0,0,0.164028661543111
0,0,0.11572844339748732
0,0,0.1944143884190005
1,0,0.1506216500873045
1,0,0.04704057740049731
0,0,0.05994333412726029
0,0,0.07363188692074871
0,0,0.13205213027558804
0,0,0.047531706282845795
0,0,0.05904404470496582
0,0,0.08350663739474583
0,0,0.06849710102816099
0,0,5.4905250208858675e-05
0,0,0.1390300412296347
1,0,0.3463845918789409
1,0,0.1262397533801717
0,0,0.07031068766029487
0,0,0.1591259121220242
0,0,0.06230252191373947
0,0,0.07573811294599911
0,0,0.08485527258189852
0,0,0.06144744000528699
0,0,0.07546274607390482
1,0,0.10151081898057393
0,0,0.09219245565327376
1,0,0.05242706372619286
1,0,0.18882051537987252
0,0,0.11674883825745634
0,0,0.10298168151608318
0,0,0.07564509109710785
0,0,0.12285049225717634
0,0,0.09600569609717353
0,0,0.054677865979262975
0,0,0.06316174774990448
0,0,0.17303842419784815
0,0,0.08850942280593821
0,0,0.12512479845920255
0,0,0.15059554224384908
0,0,0.25158793449237205
0,0,0.10070909099074431
0,0,0.08622622255123401
0,0,0.08539148011336552
0,0,0.06545079557898412
0,0,0.12601032410850582
0,0,0.00014369360282967766
0,0,0.09678179160530133
0,0,0.14805097729383276
0,0,0.09506366092795991
0,0,0.10997399698219162
0,0,0.07595162774846853
1,0,0.09407286420699745
0,0,0.095071159698573
0,0,0.039340505128775176
0,0,0.20810012711144588
0,0,0.0887085963289432
0,0,0.07948815907258434
0,0,0.1127512358632423
0,0,0.13817616367680757
0,0,0.06647883893045799
0,0,0.05340046491529149
0,0,5.890433623912568e-06
0,0,0.14837071105535918
0,0,0.10204422535302396
0,0,0.13011683897137954
0,0,0.1341417899911963
0,0,0.006909424576122446
0,0,0.14788918716532284
0,0,0.05793441275794733
0,0,0.16849484997492623
0,0,0.04349665473718278
0,0,0.11042571787038917
1,0,0.10960598270735386
1,0,0.07111460087540512
1,0,0.2757185123850551
0,0,0.13900341095010085
0,0,0.0512555868997794
0,0,0.02009208413040865
0,0,0.09861261777021631
0,0,0.12422673911167348
0,0,0.2265224261986154
0,0,0.057363327453081
0,0,0.15213439900931502
0,0,0.05632000034123148
0,0,0.0002870087531711669
0,0,0.17764531038164655
0,0,0.1712492868490777
0,0,0.0656476122505544
1,0,0.23399888522154494
0,0,0.1021260565682141
0,0,0.11039902208537998
0,0,0.19848502973323723
0,0,0.07698447996888781
0,0,0.12050465243894569
0,0,0.07181321604317152
0,0,0.1311065986614555
0,0,0.1559502952000297
0,0,0.07312234660072903
0,0,0.08413786459780162
0,0,0.12119726553040622
1,0,0.11897361340187668
0,0,0.08859173442339129
0,0,0.08115482064831706
0,0,0.0900042983992752
1,0,0.170362025408359
0,0,0.10717278078644012
0,0,0.0941432554970532
0,0,0.07719601716194321
0,0,0.290500709675777
0,0,0.12271309229624802
0,0,0.05077201649083593
0,0,0.1263455030646734
0,0,0.11650351352972046
0,0,0.10665945366614103
1,0,0.00011767067813482373
0,0,0.060898553899663796
1,0,0.07757297177760779
1,0,0.15855170589773523
0,0,0.033395128979082846
1,0,0.08983699726017368
1,0,0.13424006941975242
0,0,0.17038839949363216
1,0,0.15409216582130433
0,0,0.12953988111266473
0,0,0.07952370988742603
0,0,0.1615857218208799
1,0,0.10220773581852277
0,0,0.07108478686690171
0,0,0.03374135475061709
0,0,0.1077226454006885
0,0,0.07024253742725048
0,0,0.00012014662094882544
0,0,0.08616381971758444
0,0,0.16400825882003378
0,0,0.20290633131526367
0,0,0.1254806149625779
0,0,0.08798676286779222
1,0,0.18814039162122737
0,0,0.20006481288250072
0,0,0.1244362157501739
0,0,0.04361565977299296
0,0,0.11869880970044172
0,0,0.06994308944568148
0,0,0.08224505679590334
0,0,0.09050357654965893
0,0,0.07911808105025848
0,0,0.09780517807029152
0,0,0.0865491568584875
0,0,0.07636552982544662
1,0,0.35232003066669537
0,0,0.04852281655979772
0,0,0.14654643309999954
1,0,0.05126242829806945
0,0,0.00011134971849406127
1,0,0.0001122432051733987
0,0,0.0840913096903879
0,0,0.03217339408223432
0,0,0.09763754146241642
1,0,0.10622932850557214
1,0,0.09960805116586986
0,0,0.1925194444017764
0,0,0.06550449045257581
0,0,0.16585744273914965
0,0,0.13560122898351537
1,0,0.0982077516845733
0,0,0.08522218526422294
0,0,0.09288781144241966
0,0,0.10197892746686764
0,0,0.044432596655809536
0,0,0.11869602809632614
0,0,0.0758293862105766
0,0,0.00016253207445654204
1,0,0.05290318083451516
0,0,0.08572657918737216
0,0,0.21974561523520142
0,0,0.10611316139279638
0,0,0.15308064549868916
1,0,0.14226019462375136
0,0,0.04780684033591066
0,0,0.10182654884319038
0,0,0.11595240545985637
0,0,0.328080265891342
0,0,0.09961361323753491
0,0,0.1335157294752602
0,0,0.25065439688185165
0,0,0.19442423681745108
0,0,0.09031147757572587
0,0,0.09456338020077672
0,0,0.05879998622271739
0,0,0.18691904084953986
0,0,0.12503117172171838
0,0,0.09160125960679837
0,0,0.1396114697824855
0,0,0.10226408515604538
1,0,0.12188840391159719
0,0,0.12661679035652104
0,0,0.10522046064000116
1,0,0.11837303412739413
0,0,0.11196876738915235
0,0,0.05188102304489512
0,0,0.04956808767354029
0,0,0.06971644169596843
0,0,0.1465527481077732
0,0,0.16966861676664607
1,0,0.24118492044427112
0,0,0.25887529851260305
1,0,0.04547301575374959
0,0,0.11428876725298195
0,0,0.11271765080663021
0,0,0.09176717296548209
0,0,0.024619163083451634
0,0,0.044534399589765385
0,0,0.10944253316264213
0,0,0.1703466851291786
0,0,0.06369117176052996
0,0,0.13696056360470765
0,0,0.09553625026493849
1,0,0.10625299993717033
0,0,0.14173844988697407
0,0,0.06691032992132044
0,0,0.06221788859244592
0,0,0.1038317687620605
0,0,0.05523320274969176
0,0,0.10577734263809511
0,0,0.1039262055695587
0,0,0.09765290274283951
0,0,0.16919837618483136
0,0,0.10835353665467834
0,0,0.017773500895514282
0,0,0.11869218639208899
0,0,0.332615260029218
0,0,0.07758677042839396
0,0,0.05063938399523248
0,0,0.048102763173984854
0,0,0.10893147758290161
0,0,0.08848799754768168
0,0,0.10717820289119827
0,0,0.060993735690640885
0,0,0.12914964923252842
1,0,0.06545506729635904
0,0,0.1134887984548646
1,0,0.06829778374052707
0,0,0.3670766852392201
0,0,0.10531247573359756
0,0,0.12372878887903663
0,0,0.11335408478740178
0,0,0.05950603524421482
0,0,0.09471423544419734
0,0,0.12112677629198691
0,0,0.1597917477208684
0,0,0.12423998046309741
0,0,0.06004784229741872
0,0,0.0725716469885283
0,0,0.09944232355939489
0,0,0.00010415045532151587
0,0,0.06267296936105884
0,0,0.13380013442465943
0,0,0.15350443226740387
0,0,0.14495415318651628
1,0,0.3275590436203524
0,0,0.12169590554629736
0,0,0.0965873446112526
0,0,0.12663195698965335
0,0,0.15722747098952256
1,0,0.057263306814740386
0,0,0.19896335643641974
0,0,0.20117668389738988
0,0,0.08113020844035368
0,0,0.16583592127307828
0,0,0.1591387215877177
0,0,0.10667554117852708
1,0,0.39751038288423185
0,0,0.04627066648657943
0,0,0.076174593142003
0,0,0.14531831315585977
0,0,0.07188361063187182
1,0,0.1868399795654287
1,0,0.10489355331663162
0,0,0.09413589583989673
1,0,0.2016363518455674
0,0,0.1338387894257629
0,0,0.0814755722874058
0,0,0.12784541041066821
0,0,0.18597704669330498
0,0,0.0832244386703698
0,0,0.09932718036805899
1,0,0.00022272207786967646
0,0,0.048483987268601474
0,0,0.10055382845099677
0,0,0.150255489628028
0,0,0.11832485218111843
0,0,0.10082900023682505
0,0,0.09792219641943886
0,0,0.0007563410469955651
0,0,0.10051524008890364
0,0,0.04339767414209692
0,0,0.13962134480256141
0,0,0.1206127230572296
0,0,0.00014488252262337127
0,0,0.06812484290644646
1,0,7.518843987223861e-05
0,0,0.11006125160054137
0,0,0.09275614272504712
0,0,0.12309155062247605
0,0,0.07714222915128166
0,0,0.1629155781500896
0,0,6.846136529764655e-05
0,0,0.1871096109031586
0,0,0.08251736881390492
0,0,0.07341024122346293
0,0,0.0684359966655423
0,0,0.00026743726486981687
0,0,0.0322179592167985
0,0,0.06152219232314385
0,0,0.06084277141894601
0,0,7.846263888913057e-05
0,0,0.0648962345170421
0,0,0.07469363956047179
0,0,0.29437734482660805
0,0,0.07446763728526436
0,0,3.248281783986114e-05
0,0,0.15759778484781023
0,0,0.00010096593623096165
0,0,0.0979312917221904
0,0,0.1171591030373154
0,0,5.137911198300696e-05
0,0,0.05785184387226871
0,0,0.09291505905723924
0,0,0.13672762041035036
1,0,0.18876803110573145
0,0,0.10736931681226378
1,0,0.1543804317557995
0,0,0.12604707736747367
0,0,0.0835848531198692
0,0,0.06121899891931117
0,0,0.04185888577087745
0,0,0.00012114195458285995
0,0,0.06758458937072173
0,0,0.08502913140087827
0,0,0.20085815441932098
0,0,0.08087369206025043
1,0,0.13527764669807643
0,0,0.07478093481638493
0,0,0.07517752058512478
0,0,0.03958378705065482
0,0,0.16278850303663775
0,0,0.11490035083769469
0,0,0.042994761825275715
0,0,0.07776142202251396
0,0,0.06795660302732932
0,0,0.30002224153473306
0,0,0.07567857914574617
0,0,6.917621851089409e-05
0,0,0.07398856937378241
1,0,0.20066327461326597
0,0,0.0821431908622446
0,0,0.09867213641601301
0,0,0.13146301849846506
0,0,0.26600187410376086
0,0,0.14746172765488413
0,0,0.06999355130132369
0,0,0.09387568521629261
0,0,0.12814690811769758
0,0,0.06180402818128543
0,0,5.960819977764278e-05
0,0,0.16998009123869878
0,0,0.09899795895432487
0,0,0.1354691789444233
1,0,0.1451216758115366
0,0,0.0978773701090328
0,0,0.0009474986724457254
1,0,0.07368895994705818
0,0,0.10512788325880507
0,0,0.07475835872058896
0,0,0.10042709639522872
0,0,0.10120901697268767
0,0,0.14171673003106647
0,0,0.08350048115393123
0,0,0.08466956630683288
0,0,0.11199059684158898
0,0,0.08080727302967217
0,0,0.15644092181444896
0,0,0.01644505958675854
0,0,0.09237037898269009
0,0,0.08803196953208618
0,0,0.11613289010402712
0,0,0.06364151224071374
0,0,0.11548933192421151
0,0,0.13609445478770513
0,0,0.09108895828509118
1,1,0.6284104213738476
0,0,0.053168913983628205
0,0,2.2062997674850543e-06
0,0,0.0706001588852559
0,0,0.11568290964178314
0,0,0.08725493529782627
0,0,0.0001268320604569211
0,0,0.11244711840904457
0,0,0.00018038128515431305
0,0,0.09370534675017891
0,0,0.044397214066720106
0,0,0.11252734256911992
0,0,0.05493483956017564
0,0,0.13675882378659363
0,0,0.08507564252580412
0,0,0.042052314010096084
0,0,0.22138632848884807
0,0,0.12541931432912887
0,0,0.0002181156062689022
0,0,0.06538694492249439
0,0,0.12746279452105624
0,0,0.0001593092519056115
0,0,0.00012540206387391106
0,0,0.09644505465008388
0,0,0.09950804151939788
0,0,0.1592628029973633
0,0,0.13687370991641523
0,0,0.07271616634078082
0,0,0.11248423518007465
0,0,0.0580341802343051
0,0,0.04246870153151491
0,0,0.05288345667859132
0,0,0.10682575339491843
0,0,0.08589939419983503
0,0,0.09091914966832014
0,0,0.07610341121729307
0,0,0.12535758610181524
0,0,0.10284766009594898
0,0,0.05779620944631941
0,0,0.13037204589010085
0,0,0.18444120683219614
0,0,0.05951022053800437
0,0,0.07650205539306448
0,0,0.1352808093037756
0,0,0.05066348399535063
0,0,0.16562798599049067
0,0,0.10765813873504756
0,0,0.10185322838280253
0,0,0.10970450803824623
0,0,0.08865912067040264
0,0,0.12885826251014232
0,0,0.12614021416362672
0,0,0.00019303974393261903
0,0,0.0947217132730401
0,0,0.12871646274748322
1,0,0.07857261497651553
0,0,0.023172103083462854
0,0,0.07842740418099972
0,0,0.09059346954856293
0,0,0.047083704971503514
0,0,0.3037737761944301
0,0,0.06869493875126
0,0,0.05884442000673513
0,0,0.10323219063972824
0,0,0.12439422612452035
0,0,0.19495815667313024
0,0,0.1029745012285539
0,0,0.0688111177255856
0,0,0.09071401396175405
0,0,0.11510725511997837
1,0,0.12472120440220753
0,0,0.4145438666314972
0,0,0.14607503263158245
0,0,0.06968595237643282
0,0,0.08010352230517981
0,0,0.10327795431565072
0,0,0.07707517116751508
0,0,0.12762119560653262
0,0,0.00020765362782394095
0,0,0.07576642003453674
0,0,0.1723490941449458
0,0,0.09022787483659028
0,0,0.060071741032988686
0,0,0.2081839184595703
0,0,0.09667454211000522
1,0,0.1658235227073135
0,0,0.10598886224877926
0,0,0.060853157956688136
0,0,0.061402634388897356
0,0,0.12176838026115232
1,0,0.12314183985166616
0,0,0.1812266978631724
0,0,0.10301241903069845
0,0,0.18040920744104685
1,0,0.14382763280124117
0,0,0.06412193050628974
0,0,0.12014967342423331
0,0,0.06732347369794676
0,0,0.10819226144759199
0,0,0.04107638440359936
0,0,0.1333857297610344
0,0,0.07320997896208296
0,0,0.07908208764433648
0,0,0.0942578353401791
0,0,0.1687261918691308
0,0,0.059002591845965575
0,0,0.2222437382375401
0,0,0.05767643362471571
0,0,0.17680983424221616
1,0,0.21327447199698127
0,0,0.21163215516304135
1,0,0.4374713532700468
0,0,0.024380142647433708
0,0,0.23769859926033737
0,0,0.16585133213058487
1,0,0.10111767107319641
0,0,0.07184704990014387
1,0,0.13327043723166945
0,0,3.805550378309075e-05
1,0,0.08459635357240287
0,0,0.056661115169909515
1,0,0.06903388293395546
0,0,0.06669233432725459
0,0,0.04416479615760169
0,0,0.07579556552559984
0,0,0.09141312613293463
0,0,0.00038220263425267577
0,0,0.11162579868616916
0,0,0.0002384189030214397
0,0,0.09273379700557544
0,0,0.0844617385258745
0,0,0.07535439731766268
0,0,0.10398286475006425
0,0,0.3264222930154386
0,0,5.557859746411423e-05
0,0,0.06600369401133577
0,0,0.10197706852485458
1,0,0.0856220120140417
0,0,0.09418379485620985
0,0,0.14098515511022894
0,0,0.06549868881689076
0,0,0.08882428150132061
0,0,0.0003073510154445669
1,0,0.07666996625942593
0,0,0.0721012818275927
0,0,0.14605908532152717
0,0,0.1428959012178567
0,0,0.08473783224112229
0,0,0.04595038802143042
0,0,0.060251627268378835
0,0,0.06141013283169201
0,0,0.13149823364335284
0,0,0.08077572282711311
0,0,0.05240618970368994
0,0,0.10640720253424812
0,0,0.07599818135955667
1,0,0.08476610593208041
0,0,0.14984703745595754
0,1,0.5755336770263243
1,1,0.7312380581494978
0,0,0.07182773591856763
0,0,0.0907248674357102
0,0,0.11016722826078572
0,0,0.0003096780376507668
0,0,0.09962302985067223
0,0,0.07833453825607914
0,0,0.1331428895902226
0,0,0.05115291992501693
0,0,0.043705443705478235
0,0,0.047566916738488514
1,0,0.02842927918796005
0,0,0.10341087309314922
0,0,0.09852537607684413
1,0,0.16341280839886113
0,0,0.1287099706685148
0,0,0.13056282275778175
0,0,0.09976787801489802
0,0,0.2239785479002204
0,0,0.15808412654242054
1,0,0.09942094643993103
0,0,0.22245549411546556
0,0,0.07161157239160572
0,0,2.8765297570099833e-07
0,0,0.08637825116199653
0,0,0.05522645419858472
0,0,0.1438943577192032
0,0,0.15594010796578567
0,0,0.3737643660289295
0,0,0.07177306721657199
0,0,0.1108834709994674
0,0,0.0869685574536975
0,0,0.09075541515726576
0,0,0.12439358442747538
0,0,0.08280936961006444
0,0,0.07603741408959046
0,0,0.11261139506792232
0,0,0.1589745782880187
0,0,0.20002270924642573
0,0,0.19689141764789317
0,0,0.09787842737988288
0,0,0.1330652120497359
0,0,0.06318525504869121
1,0,0.05285341883278324
0,0,0.11341291728388206
0,0,0.07829137218034679
0,0,0.05768157242706904
0,0,0.08326765774775303
0,0,0.10127767150197893
0,0,0.059446053213480704
0,0,0.08553476237895463
1,0,0.10964244184633072
0,0,0.06287243355057534
1,0,0.10944631227945732
0,0,0.050409413707842875
0,0,0.08481283617093238
0,0,0.12102516625941259
0,0,0.03928864569728511
0,0,0.05457750475931687
0,0,0.0002534485824949382
0,0,0.03754231258438163
1,0,0.13787514920556132
0,0,0.0505686423935943
0,0,0.06733505562451868
0,0,0.17812904720145814
0,0,0.09449376979544924
0,0,0.00028940655298497435
1,0,0.05981465912617773
0,0,0.3190057022373309
1,0,0.13428215168217297
0,0,0.08955879730437458
0,0,0.084400633302352
0,0,0.12925547889421507
0,0,0.13608460674238754
0,0,0.08892449822501733
0,0,0.10960806668335032
0,0,0.057726146218727445
0,0,0.04956170992916641
0,0,0.12979163893481171
0,0,0.23987068847255405
0,0,0.10081925555962637
1,0,0.15070674911411888
0,0,0.09020473149721445
0,0,0.091356267656856
0,0,0.06197598855393312
0,0,0.2843960488887888
0,0,0.08825410851272776
1,0,0.07846867643951248
0,0,0.06012702129678074
0,0,0.087318583790605
0,0,0.22619319040812438
0,0,0.1323786264204492
0,0,0.14046828106458903
0,0,8.980372482544681e-05
0,0,0.08497448403291019
0,0,0.2261443845809771
0,0,0.29587185856299264
0,0,0.030130970191598976
0,0,0.08438913747386716
1,0,0.09289619049928374
0,0,0.04146654483820425
0,0,0.07299474324404345
0,0,0.07185538962856564
0,0,0.2555616374825327
0,0,0.03814780269966963
0,0,0.12842889584749317
0,0,0.16366844663445212
1,0,0.16741125132342574
0,0,0.32105296631542746
0,0,0.030052657720043698
0,0,9.689855268198998e-08
0,0,0.06681817197885703
0,0,0.07136007983392365
1,0,0.31977941714779207
0,0,0.06951905921875903
0,0,0.17075447236230257
0,0,0.04021964784202161
0,0,0.02930361982297319
0,0,0.10915463996748874
0,0,0.08219354452499926
0,0,0.06349386321051265
0,0,0.10027005365237206
0,0,0.054460284737188974
0,0,0.0936548295687233
0,0,0.15855048104191893
0,0,0.16325661935664074
0,0,0.12217349110464974
1,0,0.07875835711860371
0,0,0.06714380043501396
0,0,0.05979583264253565
0,0,0.07743568413269988
0,0,0.1338547360607261
0,0,0.07516245642859132
0,0,0.10090329218919496
0,0,0.05496662838623122
0,0,0.07982450640954171
0,0,0.2057405404161381
0,0,0.07595748413738564
0,0,0.10549919253657958
0,0,0.12298551317804862
0,0,0.059586639727647654
0,0,0.08329991646713698
0,0,0.10430114374398074
0,0,0.07891372670788857
0,0,0.11355658163640857
0,0,0.10296331263376331
0,0,0.04551202731635823
0,0,0.00010896456645538979
1,0,0.12999968686317198
0,0,0.05717376556845648
0,0,0.055540004357387845
0,0,0.19646631806116316
0,0,0.05785495020530265
0,0,0.09605362647714988
0,0,0.10396167314324775
0,0,0.1326532086776
0,0,0.0791157965374357
0,0,0.04498419737381782
1,0,0.14443514614695635
0,0,0.10251832173452753
0,0,0.06015727342720495
0,0,0.09207467229895626
0,0,0.052391383944225337
0,0,0.13092200836089704
0,0,0.055042388753436026
0,0,0.14052063211128413
0,0,7.068418558795209e-05
0,0,0.12173702141991156
0,0,0.15525025263945985
0,0,0.0657052482148684
0,0,0.029301858258997112
0,0,0.09440945037541834
0,0,0.0640911746514786
0,0,0.24154230503868931
0,0,0.13213986863194305
0,0,0.000114200212118103
0,0,0.10700518888398042
0,0,0.10214457124769438
0,0,0.07816685371529314
1,0,0.048203009278700575
0,0,9.762554147701214e-08
1,0,0.19116080754913894
0,0,0.030116904912088155
1,1,0.5121451681151611
0,0,0.19505581921849482
0,0,0.07487713355881306
0,0,0.26502576898590796
0,0,0.06973139932951546
1,0,0.16912488934167708
0,0,0.08570533072364032
0,0,4.852692280690889e-05
0,0,0.0954073628659415
0,0,0.14273680578607212
0,0,0.14838932330710702
1,0,0.11261897464399871
0,0,0.07989764910418362
0,0,0.11784264597647076
0,0,0.09379562718333485
0,0,0.09064124636881575
0,0,0.09050334643203962
0,0,0.07952853287177046
0,0,0.07936261086145362
0,0,0.09219888082675486
0,0,0.0002809944580066744
0,0,0.4711713196654029
0,0,0.0580140954104387
0,0,0.17524638539618514
0,0,0.10300335815913264
0,0,0.03855553091589124
0,0,0.04381026636287446
0,0,0.2079265317490767
0,0,0.12740794964922433
0,0,0.2195468596299403
0,0,6.626523242798962e-05
0,0,0.07629452902432834
0,0,0.07381925626433211
0,0,0.09704897050413802
0,0,0.16886948736046295
0,0,0.06453582022327888
0,0,0.06755402337762666
0,0,0.07067572926465313
0,0,0.15780648213246845
0,0,0.09526476485166918
0,0,0.12397429706515978
0,0,0.10390359304715444
0,0,0.04500956394311527
0,0,0.07449452869716626
0,0,0.09001733345873734
0,0,0.0001769662021582374
0,0,1.0230311878943978e-05
1,0,0.06564988780530472
0,0,2.5792713175929265e-05
0,0,0.11289976453191064
1,0,0.23875937263374264
0,0,0.07388409701014124
0,0,0.08285307894787737
0,0,0.07090252958053754
0,0,0.08287281483963382
0,0,0.00014580838713726713
0,0,0.06762772994318461
0,0,0.14246342775484028
0,0,0.08562095905805606
0,0,0.04505371225459357
0,0,0.022070333851791243
0,0,0.11920037105256936
0,0,0.10124722462129827
1,0,0.044928744980592954
1,0,0.19834417143994676
0,0,0.06696307400015336
1,0,0.34734061905391345
0,0,0.07146982376297806
0,0,0.19640849012771472
0,0,0.05682404722186971
0,0,0.06534056211394057
0,0,0.06853536160040481
0,0,0.00022167362591220965
0,0,0.03893856824426472
0,0,0.11048355612511952
0,0,0.11686477574607206
0,0,0.15140251006368236
0,0,0.07905052728401109
0,0,0.22744255387834963
0,0,0.20069636297495097
0,0,0.09518944304874784
0,0,0.05681887687515537
0,0,0.05142665729650963
0,0,0.06383323961509664
0,0,0.13798223052652617
0,0,0.0577332237488021
0,0,0.08277644518399235
0,0,0.10327315822499271
0,0,0.062029918692035904
0,0,0.05230991608348061
0,0,0.07983795462284111
0,0,0.1610397610926158
0,0,0.19543910695820912
0,0,0.06846913587855062
1,0,0.21518231467284205
1,0,0.25580771323954316
0,0,0.07488527046514074
1,0,0.26639799425564176
0,0,0.0986388188916413
0,0,0.05904177520081421
0,0,0.0904217826362618
0,0,0.15231600760902914
0,0,0.04457758906176621
0,0,0.08224067404524285
0,0,0.20111535797168134
1,0,0.13139193336329788
0,0,0.19426724749983626
0,0,0.06175971587190964
0,0,0.10781607081227394
0,0,0.07715109681036472
0,0,0.09615093710731377
0,0,0.18830431394847585
0,0,0.266994265588575
0,0,0.05882597312524658
0,0,0.11985985066118991
1,0,0.06436430126371064
0,0,0.0572729530835429
0,0,0.10167971749358484
0,1,0.5037513334104811
0,0,0.21661254201401625
0,0,0.10509981023858693
0,0,0.23051614866233985
0,0,0.03264981088007054
0,0,0.23200822376662944
1,0,0.17837771341848402
0,0,0.12398413769723263
0,0,0.08175738601174476
0,0,0.0792653278384685
1,0,0.20021040556665365
1,0,0.3249960057347108
0,0,0.11270444597047269
1,0,0.025237471235757685
0,0,0.032926906387621066
0,0,0.05778202832072707
0,0,0.09069608848154091
0,0,7.848505582338958e-05
0,0,0.10322419509381113
0,0,0.06327581485392574
1,0,0.1071092059853048
0,0,0.1060733588350222
0,0,0.20609367204020643
1,0,0.11019355251297629
0,0,0.07739139324151809
1,0,0.08036427434626549
0,0,0.051065668060057086
0,0,0.09455075263027644
0,0,0.11078875829356918
0,0,0.08428920298331806
0,0,0.09312007514818706
0,0,0.014283997877003638
0,0,0.10942315716615944
1,0,0.08345801798372345
0,0,0.12923920715829237
0,0,0.00012389125309116535
0,0,0.12084969086133872
0,0,0.08102320115793053
0,0,0.19922661640680295
0,0,0.04718576555666805
0,0,0.19641847655185843
0,0,0.09487845683995011
0,0,0.09358554432095756
0,0,0.19988876378218215
0,0,0.06302543208509029
0,0,0.09464196748470105
0,0,0.031421073963152336
0,0,0.1240206290603918
0,0,0.050757555833467416
0,0,0.05479192004460985
0,0,0.21133405515756828
0,0,0.1363738946364655
0,0,0.15303723736472416
0,0,0.08963981820002039
0,0,0.06390850515621893
0,0,0.10243875896504491
0,0,0.08789581067371952
0,0,0.08114787727747924
0,0,0.09918078180107241
0,0,0.07872373607800827
0,0,0.10203212266044688
0,0,0.10011635508578173
0,0,0.056133825161572136
0,0,0.07459279109756413
0,0,0.0564996945873045
0,0,0.1317952093488272
0,0,0.06539169104859177
0,0,0.104401948582871
0,0,0.12628832381063718
0,0,0.051498370509085095
0,0,0.10511053653127217
0,0,8.672104670440937e-05
0,0,0.0970316141027185
0,0,0.15401566936612265
1,1,0.7328558266582043
0,0,0.06583538554062007
0,0,0.14916030474552666
0,0,0.05172439991054718
0,0,0.07971249443297046
0,0,0.08250829329224402
0,0,0.145610642133329
0,0,0.1454658057018324
0,0,0.00014514202056271666
1,0,0.06702871158895077
0,0,0.10951543746519715
0,0,0.07062205809701155
0,0,0.04457082902244539
0,0,0.144141458790764
0,0,0.00011065059397415749
0,0,0.1870637379348056
0,0,0.08136466068472609
0,0,0.09395461373464341
0,0,0.1791599535246877
0,0,0.0950224047869895
0,0,0.10969587794965423
0,0,0.08183220777031498
0,0,0.13918575362962923
0,0,0.07194192567403596
0,0,0.062449495176626804
0,0,0.10610052008960595
0,0,0.14052858778990182
0,0,0.04961585155221223
0,0,0.1612360047493283
0,0,0.08720028540654196
0,0,0.3371217234020992
0,0,0.05209358467079974
0,0,0.12129145677260916
0,0,0.055863642674669714
0,0,0.10425259414869079
0,0,0.08229031871154424
0,0,0.13939354747750216
0,0,0.11711267035364939
0,0,0.2427687976714645
0,0,0.06695334293496641
0,0,0.08284097593952909
0,0,0.05617382767783772
0,0,0.08733689129139183
0,0,5.525840864941724e-05
1,0,0.08627353856277525
0,0,0.3187526919030474
0,0,6.032384223590539e-10
0,0,0.044396451477437184
0,0,0.05738533594865288
0,0,0.1830771001047165
0,0,0.10013913398161235
0,0,0.08069579817825982
0,0,0.05311240603155885
0,0,0.09877297933721632
0,0,0.056452982188597275
0,0,0.09919179529174921
0,0,0.05613345723240196
0,0,0.056518276431190076
0,0,0.08747647740606795
0,0,0.12714318526390103
0,0,0.07837058792531533
0,0,0.1147372319207411
0,0,0.0739625372614088
1,0,0.2870148355634835
0,0,0.1267275636676589
0,0,0.02126719921480874
0,0,0.13248250336403783
0,0,0.0945180274525953
0,0,0.11314901209120239
1,0,0.12022255357959946
1,0,0.17857498371161373
0,0,0.10070499890578523
0,0,0.00014246199353755033
0,0,0.15454514065956618
0,0,0.10319575429048498
0,0,0.12546813230108037
0,0,0.08766662189033378
0,0,0.1501410298610193
0,0,0.054029203272691444
0,0,0.13201817810301442
0,0,0.1523651542032583
0,0,0.10146683748661345
0,0,0.0604975011811773
0,0,0.00021772391100259616
0,0,5.92637710136103e-05
1,0,0.0738843289605361
1,0,0.15623764695981643
0,0,0.05557882169989253
0,0,0.14328220829474927
0,0,0.05288206002629992
0,0,0.14089792416606356
0,0,0.278027565760408
0,0,0.06011131262523078
0,0,0.07838491055918238
0,0,0.14223753638232375
0,0,0.13007483206888967
0,0,0.08764597846510433
0,0,6.588928728520976e-05
0,0,0.057528729990615146
0,0,0.09687893426061706
0,0,0.1242718826955616
0,0,0.11980726740177339
0,0,0.053521316002763275
0,0,0.06260500898014118
1,0,0.12176288394728288
0,0,0.06645751838651269
0,0,0.07529617650428234
0,0,0.1634649970699299
1,0,0.038958666752183235
0,0,0.0969399876057069
0,0,0.0739368576925274
0,0,0.02695704345581391
0,0,0.08866057407087807
0,0,0.11809838257589098
0,0,0.26612166916854346
0,0,0.06344612804828231
0,0,0.07600060419529368
0,0,0.0954700200198445
0,0,0.17178106191669726
0,0,0.07249969156098347
0,0,0.08107225910018014
0,0,0.10839749728889381
0,0,0.06113255776783874
0,0,0.16150280460475275
0,0,0.13913023647573183
0,0,0.11226203227138737
0,0,0.1057161808597623
0,0,0.08536106338439833
0,0,0.13426465047095004
0,0,0.08456331726674968
0,0,0.12131149371495231
0,0,0.057657994466251195
0,0,0.1392520132536219
0,0,0.09520283263795681
0,0,0.09536443652894201
0,0,0.0786543306970412
0,0,0.2044499887607181
0,0,0.03940330919519841
0,0,0.07525756710202251
0,0,0.04709798053006726
0,0,0.11263114584876951
0,0,0.11703713977636405
0,0,0.17423441371038395
0,0,0.25028434064550054
0,0,0.13481327814449928
0,0,0.050417164667492215
0,0,0.15048755002814662
1,0,5.507171786781891e-08
0,0,0.10627049338574325
0,0,0.13406103460336816
0,0,0.07376990680546486
0,0,0.10882604825795188
0,0,0.10216515338189383
1,0,0.06544824521681403
0,0,0.08025688803448204
1,0,0.11611870513753918
0,0,0.12448476436197434
0,0,0.08724135514906545
0,0,0.09343979191380804
0,0,0.1589834003649569
0,0,0.04271107254603469
0,0,0.04826634397122295
0,0,0.35241648342032456
0,0,0.07236299929486426
0,0,0.1687973359443869
1,0,0.17239905681096865
0,0,0.05850743355807744
1,0,0.19103931546499084
0,0,0.0863198898874334
0,0,0.06151886696876038
0,0,0.024495952286222707
0,0,0.12116601156413573
0,0,0.1388383379181957
0,0,0.13876859929190757
0,0,0.05979559397391506
0,0,0.08557292148694841
1,0,0.197616417579197
0,0,0.042356784045384656
0,0,0.11535249161292727
0,0,0.10737474271042016
0,0,0.10100645427203607
0,0,0.045264214682956334
0,0,0.06357004118561635
0,0,0.04097666553554361
1,0,0.13272871323862587
0,0,0.07340290232015274
0,0,0.12456008539440304
0,0,0.10107156132736436
0,0,0.04636396557119652
0,0,0.11737802605256935
0,0,0.04791667723692194
0,0,0.12507523307948348
0,0,0.12817908530733257
0,0,0.08200200335098215
0,0,0.08820944755209055
0,0,0.11918252589302529
0,0,0.063193435108732
0,0,0.045028019989230235
0,0,0.10514269426367862
0,0,0.16250669786611227
0,0,0.1706930848250409
0,0,0.07432138784413259
0,0,0.1359021136022203
0,0,0.11828386952784804
0,0,0.21556072942103813
0,0,0.07255622983850345
0,0,0.16302518535398058
0,0,5.80703804129398e-05
0,0,0.169584487175103
0,0,0.13963077857193537
1,0,0.04711338157251284
0,0,0.3482522681474909
0,0,0.09633233600540593
1,1,0.6670576653874916
0,0,0.10507103654364693
0,0,0.08380770834086239
0,0,0.18539437681858492
0,0,0.11124143862273567
1,0,0.22146208857052374
0,0,0.07495537016637058
0,0,0.09940312168163427
0,0,0.09143335584096035
0,0,0.1715472331246737
0,0,0.18375613052489098
0,0,0.08395838081792384
1,0,0.20527026241279878
0,0,0.09953707725247089
0,0,0.10680019476870514
0,0,0.24900161609868052
0,0,0.04641220092727562
0,0,0.14473163611226247
0,0,0.09287832327700593
0,0,0.1114215775100006
1,0,0.00014317136567127908
0,0,0.06716531120710957
0,0,0.16685354863911872
0,0,0.14722471794609238
0,0,0.06745975376624555
0,0,0.12497478103274459
0,0,0.15037133038128894
0,0,0.22012071395675353
0,0,0.06835009734955277
0,0,0.08680601757995321
0,0,0.0792863122695094
0,0,0.10289499311958507
0,0,0.00016409026648330004
0,0,0.04687221413609595
0,0,0.17027027432213807
0,0,0.08758734003138151
0,0,0.08004411767897812
0,0,0.07095589475607895
0,0,0.08319043988403586
0,0,0.054689867234268615
0,0,0.06419658554703721
1,1,0.7614287859138928
0,0,0.1756574203907622
0,0,0.21190512127221164
1,0,0.16022179858469035
0,0,0.1730430862165535
0,0,0.11136452689486917
0,0,0.09235654961118071
0,0,0.06548495024107498
0,0,0.10604571314349641
0,0,0.22229429348565347
1,0,0.13280020062858136
0,0,0.11993124683312192
0,0,0.18254781503282702
1,0,0.1974966094021337
0,0,0.08502469396542087
0,0,0.08024425122677666
0,0,0.04995296473686747
0,0,0.11168254641092071
0,0,0.07813302087678299
0,0,0.06603840886146926
0,0,0.16079655715296579
0,0,0.15957657359503793
0,0,0.09001346137456555
0,0,0.14193117785306725
0,0,0.20357455849531766
0,0,0.05432143381076001
0,0,0.0758995355408018
0,0,0.06067223237788986
0,0,0.22684339537763842
0,0,0.1519508596125622
0,0,0.06418445096033742
0,0,0.0003523220832290765
0,0,0.11174580115325809
0,0,0.11890313927044412
0,0,0.08392684001774701
0,0,0.1266366676682297
0,0,0.3106317794235092
0,0,0.08105631376699428
0,0,0.1924238497432678
0,0,0.10336417771583764
1,0,0.07271689148068347
0,0,0.10078275361715447
0,0,0.08920992692480877
0,0,0.0955444294169379
0,0,0.09866068263024656
0,0,0.1074313445041458
0,0,0.12475770334559136
0,0,0.09414632960929017
0,0,0.06895680072204532
0,0,0.10334092862284412
0,0,0.2484363580067069
0,0,0.49916421438875974
0,0,0.11733645840397813
0,0,0.1941096370055101
0,0,0.0637868914004016
0,0,0.17846376187872087
0,0,0.11429291617441266
0,0,0.1611555778913444
0,0,0.13542909764130623
0,0,0.07049948657383474
0,0,0.22017844687788424
0,0,0.1357015414599042
0,0,0.07521814283194675
0,0,0.0002654994596198917
0,0,0.18498359654211594
0,0,0.0882038878290142
0,0,0.1379559236436915
0,0,0.11558488187050718
0,0,0.10245527855319422
0,0,0.08931791723441013
0,0,0.109201041815594
0,0,0.08984717486057302
0,0,0.05179196977391815
0,0,0.05319488632006814
0,0,0.007257859334502957
0,0,0.09155433301239037
1,0,0.054744110521076465
0,0,0.040962457769324556
0,0,0.11949763819723114
0,0,0.20448470891044654
1,0,0.06006375075477195
0,0,0.13273914383341587
0,0,0.05293143111314146
0,0,0.03585943303265455
0,0,0.12603136031905496
0,0,0.1165439358772177
1,0,0.11177568171645591
0,0,0.06810753024115479
1,0,0.09747102852103086
1,0,0.10786355034748195
0,0,0.08189946598284098
1,0,0.12596925440780313
0,0,0.04354740245029041
1,0,0.1336179513339254
0,0,0.0492551071456542
0,0,0.07985980413794624
1,0,0.11762688367400141
0,0,0.06691639220602566
0,0,0.06803909718638387
0,0,0.07848607759622625
0,0,0.12348267864100163
0,0,0.27396586893579955
1,0,0.14538185262724582
1,0,0.21647200496134414
0,0,0.12607427741696964
0,0,0.07589815533554518
0,0,0.04094542145829096
0,0,0.1410302907161922
0,0,0.07552084574903858
1,0,0.07386104062272916
0,0,0.09010709636304556
1,0,0.1948816379812654
0,0,0.12034214646345866
0,0,0.1705099991811751
0,0,0.19324499179997767
1,0,0.04145240833377339
0,0,0.12971850514828412
0,0,0.05401843304451478
0,0,0.16547480391435035
0,0,0.05694685695347
0,0,0.2351709829596521
0,0,0.00011814626347411823
0,0,0.08272893258717422
1,0,5.676238890664365e-05
0,0,0.09472423214545407
0,0,0.10257600332268751
0,0,0.12221887542674931
1,0,0.07073843221632133
0,0,0.10351073999613795
1,0,0.33224225057987417
0,0,0.08945669868043175
1,0,0.09734081724741304
0,0,0.05994785455952447
0,0,0.18651255643931966
0,0,0.08173680818945282
0,0,0.07523290841280342
0,0,0.09689412412478868
0,0,0.18531314903462515
1,0,0.08172504849130977
0,0,0.20489855967152382
1,0,0.06232212445894417
0,0,0.09369322334050666
0,0,0.06672718418201078
0,0,0.07721754590169279
0,0,0.18837707810838755
1,0,0.11063557825287755
0,0,0.10169300538952614
0,0,0.000656991446655165
0,0,0.08101958504176542
0,0,0.19842875695913031
0,0,0.06569262705467621
0,0,0.1338153752395774
0,0,0.08799560181792737
0,0,0.11250061458550625
0,0,0.33688713129088166
1,0,0.12533236772221373
0,0,0.10573393469110057
0,0,0.25166329014551536
0,0,0.15749232552435394
0,0,0.1231815544064799
0,0,0.0665364461379503
1,0,0.08013378944260231
0,0,0.07230303912267606
0,0,0.10216063441530761
0,0,0.08233616779527517
0,0,0.0732461067373269
0,0,0.08203804896287807
0,0,0.12616999373150573
0,0,0.045143068869250874
0,0,0.0843258873560131
0,0,0.016554903354942797
0,0,0.08059620955668499
0,0,0.1238952119097211
0,0,0.012795175258606743
0,0,0.11371175679743963
0,0,0.07507823693932622
0,0,0.06939843042977221
0,0,0.07826746475096756
0,0,0.11620099865315228
0,0,0.0731060066921881
0,0,0.09196075467528506
0,0,0.08883348064245081
0,0,0.07649506724188984
0,0,0.07114991008755829
0,0,0.07411207050686068
0,0,0.05763538328056278
0,0,0.07837108118174592
0,0,0.1459028221913388
0,0,0.06447265328725522
1,0,0.17157869903886186
0,0,0.0998883796450786
0,0,0.16697229174430944
0,0,0.11759546095651
0,0,0.22569141229850276
0,0,0.05648944118815559
0,0,0.09035783485538772
0,0,0.093259122082883
0,0,0.20191438434739822
0,0,0.2198407435760508
0,0,0.06553715024573945
0,0,0.050892536211281245
0,0,0.06879239331382198
0,0,0.11138288280702478
0,0,0.15636196048317225
1,0,0.11022101781458506
0,0,0.07540107870511832
0,0,2.5387914714518837e-05
0,0,0.07986007253322766
0,0,0.07075573194666454
0,0,0.1425524793767384
0,0,0.07733090174094867
0,0,0.06560842038642684
0,0,0.08196536173453609
0,0,0.09629038751126577
0,1,0.9998985178187222
0,0,0.11748033900063015
0,0,0.05620983354624037
0,0,0.0898512209610486
0,0,0.09482554617764086
0,0,0.08869986133989345
0,0,0.06998159473103381
0,0,0.12387252722694209
0,0,0.06535164049688143
0,0,0.07628813013588326
0,0,0.11205080790819087
0,0,0.23893213644203834
0,0,0.1508452955883815
1,0,0.22618581547910294
0,0,0.09062609301009719
1,0,0.253645732912209
0,0,0.11301085326643333
0,0,0.11460372755608668
0,0,0.248054918847642
0,0,0.058060667123569956
0,0,0.13021321492785384
0,0,0.13033266580818956
0,0,0.2532405095304557
0,0,0.0912112696950369
1,0,0.17316168041903865
0,0,0.18853936120759252
0,0,0.05889092710862618
0,0,0.14785553656395511
0,0,0.16773959138998534
0,0,0.07728622875900983
1,0,0.112080371498335
0,0,0.12393406063867081
0,0,0.19462532897763368
0,0,0.05019109487565369
0,0,0.15775948101393192
0,0,0.12635742519967944
0,0,0.09695088720739628
0,0,0.00015990383720242718
0,0,0.09482503469973902
0,0,0.4026433277357036
0,0,0.0937378153622798
0,0,0.15019558648510623
1,0,0.1215119326194697
0,0,0.09707987368237804
1,0,0.24422872191043532
0,0,0.12326096225297618
0,0,0.1525121743681401
0,0,0.09038073949161932
0,0,0.06020459294605448
0,0,0.1622524128249285
0,0,0.18334758901540182
0,0,0.10474944587052681
0,0,0.20898630586072406
0,0,0.16631611714914946
1,0,0.0806801101404254
1,0,0.09363016926275342
0,0,0.08633673655862815
0,0,0.08043352004367953
0,0,0.1063169847766839
0,0,0.13089338230997685
0,0,0.06678775650557374
0,0,0.06216293709706632
0,0,0.1313259488995882
0,0,0.18152890762749627
0,0,0.03400289964267171
0,0,0.10401166178289226
0,0,0.04193094751486348
1,0,0.3363026308231601
0,0,0.1173852393862515
0,0,0.08099249322077995
0,0,0.08050104691226147
0,0,0.08050931976119284
1,0,0.06289727355072004
0,0,0.0957079029698309
0,0,0.1361013060197145
0,0,0.35655971595461744
1,0,0.22305339560947912
0,0,0.09161367175255664
1,0,0.1071559617127604
0,0,0.05940610987664142
0,0,0.13841095473670453
0,0,0.13479033762601658
0,0,0.08928658546110627
0,0,0.1298232462726547
0,0,0.09145545756198031
0,0,0.17758085773467286
0,0,0.11435921416827878
0,0,0.06531715553377816
0,0,0.06109589854440877
0,0,0.14700457245925852
0,0,0.08364122461480056
0,0,0.050417142956198605
0,0,0.06992712349645268
0,0,0.3125228848382668
0,0,0.07599948411677693
0,0,0.09281117327463478
0,0,0.0866986472408688
0,0,0.08258182468750898
0,0,0.1505822564547579
0,0,0.07130082500690296
0,0,0.06201145154231797
1,0,0.08819095061433782
0,0,0.08596916429161978
0,0,0.05769147931875766
1,0,0.11313001496703927
0,0,0.09363399064358464
0,0,0.06316770368688919
1,0,0.0009198362978046636
0,0,0.1100246028058772
0,0,0.045457770163363415
0,0,0.13047963387072764
0,0,0.05552138253913165
0,0,0.06484484375577175
0,0,0.09430957113342285
0,0,0.06737793838052217
0,0,0.00011010084376301771
0,0,0.09652100372190159
0,0,0.10826602730579554
0,0,0.16991243099796557
0,0,0.21057450811649206
0,0,0.10683081918876809
0,0,0.07698912799635561
0,0,0.07777487743469161
0,0,0.10372132703892738
0,0,0.08179332372977041
0,0,0.2054689025492582
0,0,0.09357716094713289
0,0,0.11816141387615199
0,0,0.22687643900264337
0,0,0.11839120621770842
0,0,0.08488042599144349
0,0,0.14576589034398363
0,0,0.11460772343622609
0,0,0.08808265042320097
1,0,0.10322269477382053
0,0,0.10601323381612286
0,0,0.08925801684218213
0,0,0.0983240370092714
1,0,0.09542501159611275
0,0,0.08457400823499155
1,0,0.1097637705658828
1,0,0.29449534466943084
0,0,0.0721334258709327
0,0,0.1477938839846029
0,0,0.09256750435326715
0,0,0.09061001586137124
0,0,0.21797966465516774
0,0,0.10531496521178585
0,0,0.1999813165132445
0,0,0.0001583427569044355
1,0,0.11855313528365681
0,0,0.1599056639888687
0,0,0.10569934863211884
0,0,0.04224130398504703
0,0,0.011521122690729982
0,0,0.07439278362157781
0,0,0.22507467545715015
0,0,0.00010095682031805612
0,0,0.160401665671247
1,0,0.10007255640411866
0,0,0.10972924612017194
0,0,0.03468682640223381
0,0,0.00011264407456584906
0,0,0.09754544482671586
0,0,0.07459827368453294
0,0,0.10960857098820476
0,0,0.07066036539720655
0,0,0.00011013226301426595
0,0,0.09643363859317482
0,0,0.09557574962151963
0,1,0.8285989682895476
0,0,0.10635990643296922
1,0,0.3556722596245815
0,0,0.06021734481877666
0,0,0.05579244772427443
0,0,0.0005834077248668574
0,0,0.11583575280195155
0,0,0.06628638073101617
0,0,0.05709324596052064
0,0,0.11123319526654546
0,0,0.19791687681828504
0,0,0.08574902308104977
0,0,0.17597725978321554
0,0,0.06679311178768908
0,0,0.15002634471069654
0,0,0.05715986793407546
0,0,0.24852181944274546
0,0,0.05595770469053987
0,0,0.12222367655760384
0,0,0.06166098965635002
0,0,0.04038166545971095
0,0,0.14715609071589314
0,0,0.10502824582858458
1,0,0.05353613269021792
0,0,0.04644952338234051
0,0,0.05779925825420685
0,0,0.08177468733632329
0,0,0.1267105171949244
0,0,0.06915651367674218
0,0,0.07073461364050021
1,0,0.16241026527396787
0,0,0.08892051298427857
0,0,0.17288102476136538
0,0,0.12349271507546236
0,0,0.15993327050808287
0,0,0.04300852444855881
0,0,0.06687278215232234
0,0,0.18601016666136422
0,0,0.1532856447035311
0,0,0.09664815201016436
0,0,0.12513228124225403
0,0,0.12869663704282808
0,0,0.04201333597102092
0,0,0.10188697387955946
0,0,0.06576934503888784
0,0,0.07774435758173752
0,0,0.05919723141618913
0,0,0.12641811967993827
0,0,0.07660876090866692
0,0,0.16533439657034762
0,0,0.09019321284133143
0,0,0.11260162621497757
0,0,0.1818452969205586
0,0,0.1687262000641377
0,0,0.10238378080615988
0,0,0.08427304504700021
1,0,0.11270433406422241
0,0,0.09009206188274449
0,0,0.07833478140386893
0,0,0.024984295860433714
0,0,0.13280421027083314
0,0,0.12075459215682799
0,0,0.17235505561030506
1,0,0.14709148124774157
0,0,0.12613742905726
0,0,0.15103547263127656
0,0,0.07282363544431023
0,0,0.11465103291676719
1,0,0.09338706188420778
0,0,0.09517431912138487
0,0,0.027046348475598118
0,0,0.13414196295499625
1,0,0.055080921045298256
0,0,0.084630626691621
0,0,5.829028923173139e-05
1,0,0.00011331761814599393
0,0,0.09194282758122316
1,0,0.08420246109148499
0,0,0.062423002987815994
0,0,0.08919687509699435
0,0,0.0537115393160575
0,0,0.0630950209795794
0,0,0.099860945098921
0,0,0.07995654406860811
0,0,0.08296823821508133
0,0,0.06930259367289303
0,0,0.12148019508580503
0,0,0.4142858611206786
0,0,0.16593034995738629
0,0,0.09183799445870945
0,0,0.10298828363330216
1,0,0.15310328823108355
1,0,0.18582164526264172
0,0,0.17087446831953448
0,0,0.17688182451626638
0,0,0.06350085485750051
0,0,0.08130466941434596
0,0,4.409332606173075e-05
0,0,0.07421714353562898
0,0,0.04222561254139964
0,0,0.07377231739251834
0,0,0.11882538750640549
0,0,0.05395609896653699
0,0,0.11698946122354592
0,0,0.15020437621404087
0,0,0.07050530631418366
0,0,0.13304624289896835
0,0,0.13368985999358846
0,0,0.14412747858019637
0,0,0.09347611261151786
0,1,0.5458499558484367
1,0,0.06180426075870398
0,0,0.19008487907158358
0,0,0.03603236619593545
0,0,0.0892604306361531
0,0,0.05248472631800118
0,0,0.11311679848284817
0,0,0.2110277379165532
0,0,9.676485803470482e-05
0,0,0.19753742656628054
0,0,0.0722267421284231
0,0,0.09317307617244318
1,0,0.00012760114102340365
0,0,0.0934361809879008
1,0,0.12125397321873833
0,0,0.10424085130594861
0,0,0.14784448855348672
0,0,0.00010149685109588148
0,0,0.08493165397084534
0,0,0.1362907762212718
1,0,0.3966857426901212
0,0,0.06724515247333299
0,0,0.09759058759196014
0,0,0.0962013076766668
0,0,0.15321405944214922
0,0,0.05791055467718586
0,0,0.10945080950438445
1,0,0.10213680847836867
0,0,0.1075005140820213
0,0,0.07034831993457129
0,0,0.1491560437289209
1,0,0.2937927351701076
0,0,0.07010260930555784
0,0,0.06872966422980153
0,0,0.12332162449174748
0,0,0.0917581450007868
0,0,0.032704500355576156
0,0,0.0920326652087709
1,0,0.05190968635401198
0,1,0.9999557741923847
0,0,0.08609613604135402
0,0,0.09512638128023401
0,0,0.09239490046591334
0,0,0.07495133340732207
0,0,0.055822097726058645
0,0,0.19231624352916024
0,0,0.12935864876931322
0,0,0.089328655889699
0,0,0.05509691456716091
0,0,0.1055267739414721
0,0,0.06096046973583342
0,0,0.25719047867269007
0,0,0.05813520247300125
0,0,0.078008943673004
0,0,7.036190821295803e-05
0,0,0.11376142105347803
0,0,0.054557812170213445
0,0,0.12344214644652703
0,0,0.06457322185830341
0,0,0.1077448234111687
0,0,0.06162403805781561
0,0,0.09830878724245794
1,0,0.12997985550554345
0,0,0.18704685216533715
0,0,0.07676314610149185
0,0,0.08364505567941857
0,0,0.17041996382995944
0,0,0.06356954996465282
1,0,0.09293332980435114
0,0,0.09347835690167779
1,0,0.207726229213378
0,0,0.1021915202561559
0,0,0.11353060455553916
0,0,0.03523688220300876
0,0,0.12855851528590598
0,0,0.1259266879455188
0,0,0.064570550103327
0,0,0.0879644316475083
0,0,0.07983582444365121
0,0,0.04016883454444703
0,0,0.11211430554199693
0,0,0.06639987065550337
0,0,0.08272844545626949
0,0,0.11479633522685827
0,0,0.107311994498953
0,0,0.3455991861299484
1,1,0.6856738154617084
0,0,0.30149039591014537
0,0,0.11981608722734288
0,0,0.06347350958198295
0,0,0.05928171656412416
0,0,0.1512175818149303
0,0,0.08095824133872455
0,0,0.10287237733955981
0,0,0.06174917543468645
0,0,0.07160502074112772
1,0,0.13173993271306111
0,0,0.16097132487617086
1,0,0.24796713647298402
0,0,0.1259571511941332
1,0,0.18304808557436503
0,0,0.09839567597210946
0,0,8.088832221421484e-05
1,0,0.11833045745054073
0,0,0.06192273962540217
1,0,0.12101655612149526
0,0,0.20698415556113994
0,0,0.06964004660544823
0,0,0.12195613670257703
0,0,0.0674776290773421
1,0,0.06653862006235844
1,0,0.08191964007381695
0,0,0.08808415795752968
0,0,0.09157704776365845
0,0,0.00023219722360366126
0,0,0.1054592474924512
0,0,0.16988522304057585
0,0,0.1075260336284965
0,0,0.10918841758486036
0,0,0.09493007314645055
0,0,0.043487269214166055
0,0,0.14317574268552016
0,0,0.18555222766103133
0,0,0.09098157245980762
0,0,0.08931524098897346
0,0,0.09687119333138862
0,0,0.07715288740221042
0,0,0.06727656619325244
0,0,0.09883388459725222
0,0,0.20950898450156435
0,0,0.10835211224248405
0,0,0.04534544850812265
0,0,0.11004676010967668
0,0,0.14577275162009667
0,0,0.054115763300752885
0,0,0.21649027848694266
0,0,0.11237780921061263
0,0,0.10735260903742998
0,0,0.11773405750074861
0,0,0.0801030058526901
0,0,0.11188884047887765
0,0,0.07480186337832834
0,0,0.12051076522660542
0,0,0.07859235710805455
0,0,0.09792604322840387
0,0,0.09700294804965097
0,0,0.1915218123822912
0,0,0.1453123893385502
1,0,0.11644019554266959
0,0,0.13319865699951072
0,0,0.3239860942371036
0,0,0.17004219691739775
1,0,0.1666825166556933
0,0,0.11827495830905074
0,0,0.29302744006021625
0,0,0.07108572778774223
0,0,0.06196849280569888
0,0,0.09536224710004235
0,0,0.19533945967271976
0,0,0.09688453567247178
0,0,0.08758664921436912
0,0,0.08525408596581219
0,0,0.04407390183119241
0,0,0.013169306058206442
1,0,0.08366580526569924
0,0,0.39504500146052257
0,0,0.09994347204825016
0,0,0.08277010688097372
0,0,0.10407556037604292
1,0,0.27711728117732704
0,0,0.06568391238776598
1,0,0.1191325116137431
0,0,0.11106965085248514
0,0,0.09553532621251415
0,0,0.13287166399873054
0,0,0.08136266284554192
1,0,0.08156742507621474
0,0,0.1050929941303208
0,0,0.09921855141581315
0,0,0.0908247162901299
0,0,0.31042727126751685
0,0,0.0880962310203286
0,0,0.00011958700416547322
0,0,0.03857737638051734
0,0,0.04438341686583365
0,0,0.0599400105820903
1,0,1.4883077812918397e-06
1,0,0.06828997723037035
0,0,0.11058106572573409
0,0,0.2115901303289062
0,0,0.06979448182824173
0,0,0.11327438728711554
0,0,0.11807725246930936
0,0,0.11291371996820067
0,0,0.24107228791623503
0,0,0.10405301248565432
0,0,0.17858918046361497
0,0,0.0007510553146832759
0,0,0.047861219265748024
0,0,0.12681529484381973
0,0,0.059873408568463495
1,0,0.10443774222658772
0,0,0.11247902748255818
0,0,0.04329643232453416
1,0,0.14163311036257262
0,0,0.06624692836123124
0,0,0.15463950965343495
0,0,0.2584156212947917
1,0,0.22835419933859138
0,0,0.047930517461079396
0,0,0.0916653072887762
0,0,0.10585757788544663
0,0,0.31858089178232624
0,0,0.11557520793614817
0,0,0.0001453127339526424
0,0,0.00023356045390279264
0,0,0.263695199711772
1,0,0.11626208947237088
1,0,0.12947272104809576
0,0,0.08305058148870322
0,0,0.17960922233686982
0,0,0.12069168065903203
0,0,0.1862841905579902
0,0,0.1294656895535454
0,0,0.10537850770433149
0,0,0.07807065007926724
0,0,0.11696625573131952
0,0,0.07772341830151663
0,0,0.0685836308771053
0,0,0.07732695853808925
0,0,0.1385054573934349
1,0,0.11546372088077257
0,0,0.09299772941997003
0,0,0.24959421711772029
0,0,0.427430059883573
0,0,4.740275339022331e-05
0,0,0.07728434444761437
0,0,0.10054041407700351
0,0,0.09858054297317259
1,0,0.000786723852681936
0,0,0.09769837007623601
0,0,0.05464425397411317
0,0,0.06887746418306169
0,0,0.056573746811578764
0,0,0.1313325847708609
1,0,0.09764267844372422
0,0,0.09939204994039519
0,0,0.14708818807951934
0,0,0.11071305520330245
0,0,0.10803354481869647
0,0,0.03924950140040027
0,0,0.12057464121028683
1,0,0.20636133141896154
0,0,0.1134218186885392
0,0,0.12771181437718515
0,0,0.07723894231997264
0,0,0.2208008828731226
0,0,0.10396936680746631
0,0,0.03668768888764081
0,0,0.15195143205364708
0,0,0.10708853124955856
1,0,0.08857578374246061
0,0,0.1325793672554123
0,0,0.07905229938459446
0,0,0.3195015806156998
0,0,0.07644356992877269
0,0,0.12941915876511748
0,0,0.09987581327645934
1,0,0.09385331444428513
1,0,0.05881515239538572
0,0,0.15099737241589137
0,0,1.3244362899908946e-07
1,0,0.09103262558479229
0,0,0.296054738951133
0,0,0.3892741064821388
0,0,0.04392839720926862
0,0,0.07580234687012441
0,0,0.07669742610324289
0,0,0.00013842571139660568
0,0,0.0724249344272877
0,0,0.23293923626653099
0,0,0.14892123013465278
0,0,0.06207934246723404
0,0,0.11511197002646263
0,0,0.05202418574112428
0,0,0.12313193391223219
0,0,0.15323898439987627
0,0,0.18984374737443024
0,0,0.06729363866957526
0,0,0.15317292083347553
0,0,0.13473142072228753
0,0,0.11962633906024839
0,0,0.10396125880730893
0,0,0.044713608022878666
0,0,0.10444711035614898
0,0,0.041888533249829926
0,0,0.08619334279233698
1,0,0.090740097519975
0,0,0.13763970726218808
0,0,0.1701372817312067
0,0,0.12105332225022515
0,0,0.060691369555113596
0,0,0.07040273527847377
0,0,0.08123469588705992
0,0,0.07231976597211072
0,0,0.054166943184822965
0,1,0.5103892476585856
0,0,0.09146734649652562
0,0,0.12443479595739455
0,0,0.05246897139328915
0,0,0.06119787358165797
0,0,0.054939163381260696
1,0,0.02700823369172884
0,0,0.08500464256111265
0,0,0.06607296600708694
0,0,0.056932323369514315
0,0,0.00011094662067392323
1,0,0.0825640316396007
0,0,0.11212920106005267
0,0,0.021257755247175623
0,0,0.07779935666162782
0,0,0.16075014544682367
0,0,0.09257340735558721
0,0,0.051288285142192594
0,0,0.14958916202571035
0,0,0.14293716660253783
0,0,0.04753311840784253
0,0,0.17807754789674551
0,0,0.12950567100388197
0,0,0.13440691279552627
0,0,0.05503254814506381
0,0,0.06642524629005665
0,0,0.18176425905443092
0,0,0.12976697338466495
1,0,0.11912231431305523
0,0,0.052551908977733486
0,0,0.11327334846731597
0,0,0.27067435446989696
0,0,0.08355265513207791
0,0,0.15075005840169023
0,1,0.5013737118350997
0,0,0.06146432876113465
0,0,0.18376427268614043
0,0,0.08401811488098951
0,0,0.11531162184080478
0,0,0.14920245812300403
0,0,0.10079008343935454
0,0,0.1038664598048536
0,0,0.07112112557337917
0,0,0.049610685946077655
0,0,0.08534870409149407
0,0,0.2357738135630631
0,0,0.2175314963136734
1,0,0.04854581310947153
0,0,0.18154182869144272
0,0,0.1344060326422581
0,0,0.12486193629405683
0,0,0.34579191626956257
0,0,0.08031151629886991
1,0,0.25042908080052917
0,0,0.14066332184435898
1,0,0.09612784419626771
0,0,0.093004688690533
0,0,0.1560291007471365
0,0,0.2649408474866335
0,0,0.06494034823063376
0,0,0.12820335788512818
0,0,0.08356852777986383
0,0,0.06600908301443517
0,0,0.07026834124641874
0,0,0.051533099443496364
0,0,0.12958277134886706
0,0,0.07795611016775393
0,0,0.11593827563071826
1,0,0.2906667398875728
0,0,0.12010910599874328
0,0,0.08164858749055004
0,0,0.13321425926989441
0,0,0.3767547201158322
0,0,0.08447186984257848
0,0,0.14049339800839636
1,0,0.1244770301716667
0,0,0.21848915744430814
1,0,0.07305181505188897
0,0,0.3176784810131525
0,0,0.045151634084540405
1,0,0.10253757178733973
0,0,0.05269654645085338
0,0,0.05428266742800552
0,0,0.18310546815735246
0,0,0.15436341522425803
0,0,0.05283295248886127
0,0,0.12186274622896462
0,0,0.05571123438576147
0,0,0.2097213237882197
0,0,0.07738919300515278
0,0,0.07788240124676354
0,0,0.17029594683108173
0,0,0.07393238944412668
0,0,0.09853295818664816
0,0,0.21615794666670168
0,0,0.15524885643567637
0,0,0.04059335051334787
0,0,0.2531738840962468
1,0,0.1857869887353938
0,0,0.10129175935681105
0,0,0.10418715135610206
1,0,0.22495037306173318
0,0,5.85949160173809e-05
1,0,0.12412305779303533
0,0,0.05474222561039694
0,0,0.1324636341660918
0,0,0.0008253600726482874
0,0,0.07331023130145133
1,0,0.11442620955167047
1,0,0.45788661019229837
0,0,0.08061264762421347
0,0,0.18896176059561007
0,0,0.221296453492024
0,0,0.0940640489223908
0,0,0.07073465076052558
0,0,0.061831777480710934
0,0,0.12120389337841898
0,0,0.10770468996616704
0,0,0.045501956867270224
0,0,0.10771951111514015
0,0,0.13795761657069683
0,0,0.09873599993525514
0,0,0.12330417444993884
0,0,0.08403544055678777
0,0,0.0950795657842182
0,0,0.07126070283199516
1,0,0.07030105556884489
0,0,0.13066242670495068
0,0,0.19924609713904165
0,0,0.1385421920668705
0,0,0.07773564307474354
1,0,0.05741874513309622
0,0,0.06522034128745247
1,0,0.1316318647135446
0,0,0.030065070066127447
0,0,0.09641306625266394
0,0,0.047288161583687656
0,0,3.227658746619778e-05
0,0,0.052965240896701474
0,0,0.045706371951607434
0,0,0.13091725047846792
0,0,0.07217814294729466
0,0,0.07742857310665828
0,0,0.08926505368373959
1,0,0.13735530521680955
0,0,0.06943999045405592
0,0,0.09902491333849421
0,0,0.03598450181792457
0,0,0.08426369315275052
0,0,0.03493286730532903
0,0,0.11328036176519415
0,0,0.13569004054906325
0,0,0.09353126937621006
0,0,9.213367800056786e-05
0,0,0.08773987036011507
0,0,0.13069568660379743
0,0,0.09482270606965058
0,0,0.08338962777164949
0,0,0.36288672178176157
0,0,0.14507077135087182
0,0,0.30405859662143436
0,0,0.08506209790625127
0,0,0.12019061583856037
0,0,0.08855552861940448
0,0,0.11252719036734
0,0,0.15898590977266897
0,0,0.06550436868797398
0,0,0.0755622640274
0,0,0.12062551977317734
0,0,0.07098240230949174
0,0,0.06615697866326896
0,0,0.11781590900035044
0,0,0.11192635309923649
1,0,0.17904222684404916
0,0,0.0763148148200207
0,0,0.09312588591265365
0,0,0.08935136714024551
0,0,0.4639694495518987
0,0,7.812859252901901e-05
0,0,0.16597084911748217
1,0,0.07638001166521824
0,0,0.1380031587536352
0,0,0.02145405673857203
0,0,0.05117966760030294
0,0,0.07084604833997228
0,0,0.12420253951735756
0,0,0.11747443398738665
0,0,0.1004548109237744
0,0,0.08829695149481163
0,0,0.10867302176067199
0,0,0.07357312428890032
0,0,0.1852656698999359
0,0,0.043897545758739456
0,0,0.04992700714780355
0,0,0.08347152430318217
0,0,0.18836227630172422
1,0,0.12633148142857248
0,0,0.10552768716564033
0,0,0.07333116184795194
0,0,0.09112389411968519
0,0,0.05740086533428458
0,0,0.4159425250663986
0,0,0.07719099844201238
0,0,0.08091941387737143
0,0,0.13887404030635395
0,0,0.07079286984032591
0,0,0.08699760512174766
0,0,0.10771916662506305
0,0,0.0700575589246064
0,0,0.4590814685782706
0,0,0.1362110212425691
1,0,0.06700686761309903
0,0,0.0732113421569198
0,0,0.18089532767077793
0,0,0.2638933061930628
0,0,0.170400638341492
0,0,0.0961403651577882
0,0,0.11259834399323904
1,0,0.2394839072825624
0,0,0.11221907710893539
0,0,0.12977047059115362
1,0,0.3346914602888304
0,0,0.09465427539362059
0,0,0.1256474074684596
0,0,0.07326307075169995
0,0,8.0593676085119e-05
0,0,0.1409329832701589
0,0,0.13734797878774316
1,0,4.3030216602203804e-05
0,0,0.04897035460273557
0,0,0.04014369661127992
0,0,0.10769023881657404
0,0,0.09797926050072878
0,0,0.06335531732409128
0,0,0.15594299066197653
1,0,0.136008086147725
1,0,0.11054513249594547
0,0,0.10449211958485953
0,0,0.11371048367117828
0,0,0.08290399860575765
1,0,0.09319173972971678
0,0,0.12805135212234045
1,0,0.07874886526258255
0,0,0.13708614426392454
1,0,0.2303224998039144
0,0,0.060649371110153574
1,0,0.11614951228162317
0,0,0.12198202393728018
0,0,0.20015918882751585
0,0,1.828053637718361e-07
1,0,0.3068309055857733
0,0,0.17072004117477432
0,0,0.09827174893268402
0,0,0.10763453163555989
0,0,0.05492968405334408
0,0,0.12249477478429906
1,0,0.11976902802039069
0,0,0.21171839635299414
1,0,0.12209057877832494
0,0,0.07734445202239092
0,0,0.10264177010207014
0,0,0.0988478389171387
1,0,0.36734199898608105
0,0,0.11341603524964886
0,0,0.14354915504719237
0,0,0.058544247053963085
0,0,0.09263222822180879
0,0,0.06929374228675919
0,0,0.0151181935374261
1,0,0.1038956275569348
0,0,0.16086353069154058
0,0,0.06651825538141914
0,0,0.058929599001993384
0,0,0.10243631872856898
0,0,0.09417648310339909
0,0,0.06648771983514006
0,0,0.11196495432665193
0,0,0.06769102109475386
1,0,0.18150042034711475
1,0,0.11750916986569088
0,0,0.13646433637180994
0,0,0.04052976735593699
0,0,0.03737875017641707
0,0,0.06370189812060346
0,0,0.12242591265150526
0,0,0.09488925526401208
0,0,0.05997493269125236
0,0,0.15713832352786036
0,0,0.060767797663455976
1,0,0.17898609475965527
0,0,0.1783273389239319
0,0,0.1531401551333819
0,0,0.14731115795090927
0,0,0.068005206287782
0,0,0.06391808165556409
0,0,0.4565281537702869
1,0,0.09430453314732098
0,0,0.14736317515478825
0,0,0.06825255466029068
0,0,0.16740233864769477
0,0,0.04206914316601376
0,0,0.09926210594933507
0,0,0.11819130372599661
0,0,0.039612365546003704
0,0,0.06150651171156969
0,0,0.0870734442950759
0,0,0.07030168963160534
0,0,0.07228543442896357
0,0,0.11270767380665905
0,0,0.06346714553338731
0,0,0.0969999545842794
0,0,0.0793688621446
0,0,0.22402160756834658
0,0,0.0663318923762893
0,0,0.05822108291841847
0,0,0.18889870669981607
0,0,0.00010111939887008844
0,0,0.31568614560729097
0,0,0.13762934146650702
0,0,0.10549193706613871
0,0,0.11196770056105008
0,0,0.08699325811565183
0,0,0.09872357175767169
0,0,0.18522957539506776
0,0,0.08241655112887263
0,0,5.075104869610014e-05
0,0,0.0820448606292627
0,0,0.12193075873547528
0,0,0.10017459760296778
0,0,0.0424630609374024
0,0,0.06867831715165294
0,0,0.1136123134650651
0,1,0.648892417269324
0,0,0.0001610705478213421
0,0,0.08558120551493817
0,0,0.2346541873926056
0,0,0.07670293242045764
0,0,0.11269650726592172
0,0,7.082439298358777e-05
0,0,0.06516505581842966
0,0,0.05614344993930018
0,0,0.13169653248889943
0,0,0.11067199808593556
0,0,0.13031544128956113
0,0,0.08674579416925782
0,0,0.06650697896652724
1,0,0.07352729996897411
0,0,0.1482450147869628
0,0,0.1260173530734419
0,0,0.10777990170132606
0,0,0.1499688054351284
0,0,0.14560403916631495
0,0,0.10576676236211534
0,0,0.10756073706230045
0,0,0.10180767269134262
0,0,0.09020753823337971
0,0,0.0862490586674434
0,0,0.11925457686939495
0,0,0.08852438272670388
0,0,0.2800682538693087
0,0,0.06825324312894057
0,0,0.019049948878296027
0,0,0.005703284733728899
1,0,0.13468114035055626
0,0,0.06025939198002819
0,0,0.06145748505791664
0,0,0.08160822175776372
0,0,0.12427268174284906
0,0,0.20172913668312037
0,0,0.22094898388648943
1,0,0.12979261896486396
1,0,0.08955636238081476
0,0,0.21704124139423495
0,0,0.0947857375934013
0,0,0.030729926134978554
0,0,0.1734265120148101
0,0,0.17659967375718014
0,0,0.11374683014206853
0,0,5.775968047275794e-05
0,0,0.10801291482275718
0,0,8.954495878523211e-05
1,0,0.09230861135004946
0,0,0.13326999621038907
0,0,0.0962632427352959
0,0,0.12412943946234302
0,0,0.3579748765943118
0,0,0.07798180268565862
0,0,0.11193870572023397
0,0,0.1357998870590928
0,0,0.08846878119438138
0,0,0.13445810281939993
0,0,0.03107267664143861
0,0,0.08547468904551746
0,0,0.055279064866084374
0,0,0.11926704251415304
0,0,0.05445737005553668
0,0,0.10452193245521152
0,0,0.07913367256441191
0,0,0.05308680092943826
0,0,0.0187480954967176
0,0,0.11544608309339867
0,0,0.05777268962032467
0,0,0.05029228801687299
0,0,0.05918588744906648
0,0,0.0520109847707548
0,0,0.1780132366146173
0,0,0.10127546750246141
0,0,0.1504258219422334
0,0,0.12491025772375824
1,0,0.13019734161547822
0,0,0.09773999360966538
0,0,0.09832867424235417
1,0,0.124211822546974
0,0,0.262732019984179
0,0,0.0791965677330815
0,0,0.08798486069133821
0,0,0.04337945441783224
0,0,0.09877397525224665
0,0,0.14128277891318566
0,0,0.11414634404207745
0,0,0.1324346694981039
0,0,0.02374913451688605
0,0,0.14399147258736014
0,0,0.061387235643894714
0,0,0.13321156878428778
0,0,0.12777722793393925
0,0,0.0939019300921528
1,0,0.1295614610663272
0,0,0.1292308338666784
0,0,0.09758596049426944
0,0,7.195629843289935e-05
0,0,0.08744961828012458
0,0,0.15812240165949393
0,0,0.040735708122086024
0,0,4.979424931495896e-05
1,0,0.15364269505334865
0,0,0.09948911513477804
0,0,0.1059917648137258
0,0,0.11815552516087321
0,0,0.17894480749496247
0,0,0.07636557741540845
0,0,0.15627331076851136
0,0,5.2676335749431026e-05
0,0,0.09616971042967368
0,0,0.13245725258819377
0,0,0.1773088626488577
0,0,0.18967760621210827
0,0,0.12096674973713545
0,0,0.06780791203491038
0,0,0.044760641548837105
0,1,0.5072235407158325
0,0,0.11446075320359256
1,1,0.642510477064938
0,0,0.09426320527670133
0,0,0.03948719034367964
0,0,0.1750354445145062
0,0,0.12057832206326037
0,0,0.07130875359845584
0,0,0.14264040415233836
0,0,0.06192285525575206
0,0,0.00011210667131138662
1,0,0.09088749876579834
0,0,0.021730314924251818
0,0,0.06202736262681531
0,0,0.12714081018528803
0,0,0.07260334313609815
0,0,0.10747295069972461
0,0,0.2655414023692041
0,0,0.06383021089221967
0,0,0.10102817212931245
0,0,0.057934624223710936
0,0,0.08398967735186684
0,0,0.0950108029818966
0,0,0.055507038652948884
0,0,0.053468018327401445
0,0,0.10238621736454002
0,0,0.0893406557708274
0,0,0.1058177268899356
0,0,0.10077799620101643
1,0,0.11629773724207208
0,0,0.029482491282511562
1,0,0.07583002575318519
0,0,0.4319444979185084
0,0,0.11066516024454989
0,0,0.08205282892663497
0,0,0.0816139584260972
0,0,0.0765207293531165
0,0,0.13265400392645282
0,0,0.08794035251332756
0,0,0.07158973486397877
0,0,0.09249501001287662
0,0,0.11980053334922657
0,0,8.41151730104319e-05
1,0,0.40775757511687966
0,0,0.07214220005991141
0,0,0.10918986859251782
0,0,0.07393511252745129
0,0,0.16473728559411469
0,0,0.0948856661323244
0,0,0.1915758820209545
0,0,0.06795958021770065
0,0,0.14041695430691792
0,0,0.18801898517406943
0,0,0.07019043205998352
0,0,0.09495409367032373
0,0,0.10642080597696854
0,0,0.041796434932590026
0,0,0.12153812736439301
0,0,0.3336424839362852
0,0,0.09533236938272074
0,0,0.07805386494086214
0,0,0.11819173063930805
1,0,0.24128664472373743
0,0,0.09072064085874992
0,0,0.31487049744209916
0,0,0.0738821443411746
0,0,0.10125234349077732
0,0,0.05837455382330927
0,0,0.0863376421956811
0,0,0.0822604012673365
0,0,0.03840891617204836
1,0,0.12512404940209468
0,0,0.1150770552395771
0,0,0.1199534019639619
0,0,5.033726858818547e-07
0,0,0.13342659137678065
0,0,0.11304806638464196
0,0,0.14221147755208355
0,0,0.18193242741720003
0,0,0.11902891154223373
0,0,0.08762285691236996
0,0,5.511369025942032e-07
0,0,0.08976681736816493
0,0,0.08621685150914621
1,0,0.11706112403290526
0,0,0.08224804519837804
0,0,0.08332471085163183
0,0,0.12026805918559827
0,0,0.08294765129783803
0,0,0.3283584054158563
0,0,0.062023565943416084
0,0,0.1765504456532372
0,0,0.20978319373789756
0,0,0.07241001734059344
0,0,0.07502098388704438
0,0,0.09293950289860205
0,0,0.04302846800256632
0,0,0.11966082433196808
0,0,0.10683203989959557
0,0,0.12254480381373602
0,0,0.09269945046048983
0,0,0.09021995381857686
0,0,0.09139805990991268
0,0,0.08836825060984398
0,0,0.07703114800540127
0,0,0.00012533118393282233
0,0,0.1257335413443157
0,0,0.07257906712540832
0,0,0.23027462340672591
0,0,0.08408654864739566
0,0,0.07881817597663128
0,0,0.08655512014685127
0,0,0.29135776324206003
0,0,0.14562263890444616
0,0,0.08016047439979264
0,0,0.16357985849017806
0,0,0.04105722515002946
0,0,5.240424840271966e-05
0,0,0.08076590423919716
0,0,0.15483273982725865
1,0,0.09411313178284929
0,0,0.10675312073182851
0,0,0.041178814409901385
0,0,0.07922437484104951
1,0,0.06845167682679776
0,0,0.1476042818147718
0,0,0.12868055946108115
0,0,0.04618705614033211
0,0,0.2701939647034241
1,0,0.3225712935070048
0,0,0.07076006804759907
0,0,0.07742547767101793
0,0,0.08334156001985683
0,0,0.06892947542873332
0,0,0.09701911781959477
0,0,0.07552487161169905
0,0,0.14781979727367267
0,0,0.11637861846213078
0,0,0.27250968957071997
0,0,0.06271907957461689
0,0,0.08243985773158805
0,0,0.17463319424185866
0,0,0.1367676774957148
0,0,0.07771516332503035
1,0,0.3813312251007168
0,0,0.14145279645201173
0,0,0.06476665777204274
0,0,0.09002072718603038
0,0,0.16912250990077352
0,0,0.10336465092858813
0,0,0.11506710297654675
0,0,0.04762531736159242
0,0,0.07428947137166694
0,0,0.16173641479556722
0,0,0.03075104901853067
0,0,0.11194873331937467
0,0,0.06207619484122802
0,0,0.0739435287564375
0,0,0.036746877168198466
0,0,0.12937644755739106
0,0,0.193879402547693
0,0,0.20124191283204387
0,0,0.06771063877621142
0,0,0.42286163851553854
0,0,0.028072969958649455
0,0,0.0732078423090817
0,0,0.08913061667980496
0,0,0.09875638814329159
0,0,0.17979476547729195
0,0,0.09001032966474604
0,0,0.08015898627298516
0,0,0.09065230563275484
0,0,0.22438927411356163
1,1,0.5716361095401032
0,0,0.0809207389533146
0,0,0.07459359733556298
0,0,0.13003787664455702
0,0,0.11701387888742026
0,0,0.19723493753698276
0,0,0.12028573753372172
0,0,0.4031513405292707
0,0,0.3593858827240055
0,0,0.0879418430097941
0,0,0.09385453458827442
1,0,0.17828636582095356
0,0,0.0652012172580724
0,0,0.08827003507707785
0,0,0.034365734532084274
0,0,0.1181520574312813
0,0,0.09863249631798761
0,0,0.0846157992220501
1,0,0.057208234735543574
0,0,0.14630814233977973
0,0,0.1831120492687307
0,0,0.06238251085619638
0,0,0.07710817065175582
0,0,0.0856463957468984
1,0,0.11866494546864634
0,0,0.09398081305494259
0,0,0.03430289059459456
0,0,0.31047658786578675
0,0,0.13214846658439336
0,0,5.8099500036343156e-05
0,0,0.0956191315935259
0,0,0.07568902669116744
0,0,0.12444392538836833
0,0,0.10418274401900922
0,0,0.11745852319904114
0,0,0.08482641912170916
0,0,0.05090474322981987
0,0,0.03901086346188446
0,0,0.12223795660564403
0,0,0.06497419119863246
1,0,0.15919469421769306
0,0,0.08403288088077526
0,1,0.7485708858130393
0,0,0.03859781868610071
0,0,0.09010736934476972
0,0,0.07578024404430878
1,0,0.2154205291371281
1,0,0.3351393104879941
1,0,0.15191151339209047
0,0,0.05243002389234655
0,0,0.08914097129162489
0,0,0.1559307752972655
0,0,0.17950786398010915
1,0,0.05406149027661027
0,0,0.0545945942332327
0,0,0.09980447822485772
0,0,7.764223773428075e-08
0,0,0.10280753238672874
1,0,0.07749647577795145
0,0,0.08175863244510743
0,0,0.11687405801085984
0,0,0.10492142011432029
0,0,0.11250801347226587
0,0,0.08147577761515798
0,0,0.10048933616892565
0,0,0.12482556343483779
0,0,0.05512819838732219
0,0,0.09604591875127273
0,0,0.05815892516963206
0,0,0.23903325075796492
0,0,0.12815704441993359
0,0,8.373028640337789e-05
0,0,0.22308733040742984
1,0,0.08775490097056474
0,0,0.0667696511502936
0,0,0.0769685571281803
0,0,0.08821695573589228
1,0,0.09665080585511407
1,0,0.11864990800313034
0,0,0.16909714211638135
0,0,0.10722993509060445
0,0,0.04753561266160377
1,0,0.11640197670179372
0,0,0.049710024061587275
0,0,0.07890001063294888
1,0,0.10672851943458932
1,0,0.19820503445744897
0,0,0.07826626226072494
0,0,0.16459176023045097
0,0,0.07329124427888327
0,0,0.2267347091650516
0,0,0.06420531439492479
0,0,0.06967878932356489
0,0,6.957456154807137e-05
0,0,0.08376723648846487
0,0,0.20251436265173564
1,0,0.07168932246290123
0,0,0.08891299654216182
0,0,0.2126212487726391
0,0,0.25324362742294443
0,0,3.327003621244757e-05
0,0,0.19394974576004792
0,0,0.18819151357084826
0,0,0.1400349892390023
0,0,0.12669312335133553
0,0,0.11477917231485946
0,0,0.06376687384283788
0,0,0.0790509169051881
0,0,0.07049865946949287
0,1,0.5278841978937778
1,0,0.20356808090591436
0,0,0.06939779002367727
0,0,0.09300960989870288
0,0,0.1535638369012542
0,0,8.378098092679381e-05
0,0,0.050061705272207414
1,0,0.10345333217060279
0,0,0.22610474648921466
0,0,0.08617881084576853
0,0,0.11150829674579964
0,0,0.10674672872001127
0,0,0.10969205863395327
0,0,0.14011243182821279
0,0,0.05595307932545795
0,0,0.05271336763751758
0,0,0.13538360842708108
0,0,0.05304111052656849
0,0,0.12476114242755336
0,0,0.08842870318415404
1,0,0.1504472683545717
0,0,0.069211060387665
0,0,0.07163611811731305
0,0,0.0358448155328085
1,0,0.21311583074453802
0,0,0.11030400891564815
0,0,0.1006412124661502
0,0,0.08697675517193637
0,0,0.11200979465671815
0,0,0.11129774628077295
0,0,0.3326718055003129
1,0,0.10188579698476333
0,0,0.08620447477344943
0,0,0.18628187509831495
0,0,0.08117512673036813
0,0,0.1351803147099695
1,0,0.12346483727037318
0,0,0.1052789370435163
0,0,0.08457822063887238
0,0,0.1406688914553843
0,0,0.23241448505733958
0,0,0.07243148595907412
0,0,0.08787809954875128
0,0,0.054207252853699
0,0,0.07774340163338285
1,0,0.07979422873962053
0,0,0.1146006651139437
1,0,0.06278255273587736
0,0,0.09569832452748285
0,0,4.75202206710096e-05
0,0,0.06706300562018769
0,0,0.0752809198949707
0,0,0.08074427294641355
0,0,0.03835637039868448
0,0,0.08913219656683645
0,0,0.07474730103923763
0,0,0.052424269256354815
0,0,0.1073711571850479
0,0,0.1614512792499415
0,0,0.08554835031077605
1,0,0.08198074763183819
0,0,0.11439457058800481
1,0,0.11503355725079632
0,0,0.19310221449316978
0,0,0.18308540822302424
0,0,0.08395617381869543
0,0,0.07520648842809595
0,0,0.11017311379638878
0,0,0.3249321084972665
0,0,0.06796736368936432
1,0,0.2568982090629852
0,0,0.00022392301886081664
0,0,0.11592547775826506
0,0,5.2085320015600343e-05
0,0,0.10103564081221919
0,0,0.12998599312521242
1,0,0.23265834954530953
0,0,0.10879297729725365
1,0,0.24422580263346277
0,0,0.06855696065158981
0,1,0.7595639360699203
0,0,0.11595089387898845
0,0,0.036617306537244494
0,0,0.11280160357281772
0,0,0.13670729141088886
0,0,0.13918317729513727
0,0,0.09960685034914929
0,0,0.09814788787582555
0,0,0.07307088509237313
0,0,0.09635222186136624
0,0,0.11301215253915665
0,0,0.06286871989440145
0,0,0.03282150653810259
0,0,0.14427617012605462
0,0,0.07195505037278772
0,0,0.11898090101112024
0,0,0.09889829456526657
0,0,0.04334748806363975
0,0,0.1247241084259897
0,0,0.05632295929730376
0,0,0.07052054978058062
0,0,0.07094274403160708
0,0,0.1604909487439206
0,0,0.06302457120214568
0,0,0.028156111435282377
0,0,0.04619438656721913
0,0,0.14251082006435375
0,0,0.07012826212664194
0,0,0.07834174072245721
0,0,0.08371734230559034
1,0,0.11617842907405301
0,0,0.040842592021290175
0,0,0.09357526592288681
0,0,0.1559309508895988
0,0,2.2040855869281417e-05
0,0,0.1109256793195883
1,0,0.12067552192983376
1,0,0.08170715417512348
0,0,0.08663919240174192
0,0,0.1028520274961798
0,0,0.07357305416774507
0,0,0.07618248530218076
1,0,0.12087635472716649
0,0,0.05433165721011273
0,0,0.0001549492369076083
0,0,0.0540380849669339
0,0,0.23458603410795387
0,0,0.07941062699012558
0,0,0.04124886399267165
0,0,9.140584041951264e-05
0,0,0.23843393546459965
0,0,0.15511948787826302
1,0,0.1040061153529794
0,0,0.0854800763159503
0,0,0.10653920869483437
0,0,0.2162135870225321
0,0,0.06396996993805126
0,0,0.12738236622320853
0,0,0.11546508322164113
0,0,0.05771698821711554
0,0,0.09855230464320816
0,0,0.13967802228056056
0,0,0.07321106760464956
0,0,0.11133698132677468
0,0,0.08360955166634133
1,0,0.12858894952181812
0,0,0.09086970620096357
0,0,0.13507415194835282
0,0,0.11147822057512989
0,0,0.10714033331060824
1,0,0.18632894154659055
0,0,0.04244078472857427
0,0,0.10293472055978342
0,0,0.12026777202947632
0,0,0.048722357829872595
0,0,0.08417608367827906
0,0,0.13685764928454242
0,0,0.04636641992008856
0,0,0.11974273966501571
0,0,0.01345141807671068
0,0,0.1580757223014234
0,0,2.2385473260234167e-05
0,0,0.07817549064826461
0,0,0.06846648457979866
0,0,0.04572524442712644
0,0,0.09837319247908122
0,0,0.06613219077850926
0,0,0.07891804304796408
1,0,0.0718417067352726
0,0,0.13361742375769148
0,0,0.11386765853666811
1,0,0.24264286749398897
0,0,0.13440047099957567
0,0,0.025520244015384837
0,0,0.08408654662944418
0,0,0.09715550352884399
0,0,0.12712955449950245
0,0,0.034815121637103326
0,0,0.08771814515234186
0,0,6.470426929711321e-05
0,0,0.2826662170264405
0,0,0.05188461304804106
0,0,0.08110102271686627
0,0,0.03303967766924339
1,1,0.9083989814800592
0,0,0.11075527915048283
0,0,0.15466224156056052
0,0,0.04827128919593779
0,0,0.07109143231867446
0,0,0.10438551558408604
0,0,0.17016118223242802
0,0,0.0647449976306715
0,0,0.052151773361694076
0,0,0.08571213021032997
0,0,0.05812604044432326
0,0,0.10756865287966066
0,0,0.08618064427745728
0,0,0.00011336153568586101
0,0,0.09775113970561292
0,1,0.6053307669267826
0,0,0.10274993465440938
0,0,0.11926663467161265
0,0,0.12284480802932826
1,0,0.14212717487311705
